{"train_error_energy": 2.454312576597766, "train_error_force": 3.158138162193612, "train_loss": 0.792723809447244, "valid_error_energy": 2.0862151731752583, "valid_error_force": 3.39854261633276, "valid_loss": 0.7335392534732819, "test_error_energy": 10.912774270641945, "test_error_force": 14.75188185882066, "test_loss": 16.94074689156098, "lr": 0.0001, "dataset_size": 3410, "max_uncertainty": 3, "_timestamp": 1732922968.6471713, "_runtime": 255.29412031173706, "_step": 19, "_wandb": {"runtime": 254}}