{"train_error_energy": 1.6637130816745793, "train_error_force": 3.4494906201904514, "train_loss": 0.5616731037111843, "valid_error_energy": 2.04361734087897, "valid_error_force": 3.5550517118380944, "valid_loss": 0.796628455320994, "test_error_energy": 10.116679533358122, "test_error_force": 11.768922848603124, "test_loss": 14.117995571715669, "lr": 0.0001, "dataset_size": 5436, "max_uncertainty": 4, "_timestamp": 1732949047.7957177, "_runtime": 284.0040316581726, "_step": 19, "_wandb": {"runtime": 283}}