{"train_error_energy": 7.148910599880939, "train_error_force": 3.339074834416745, "train_loss": 1.595674733961782, "valid_error_energy": 8.589848857801746, "valid_error_force": 3.838333329086691, "valid_loss": 1.8591567277908325, "test_error_energy": 15.238072547737307, "test_error_force": 12.645333232311565, "test_loss": 5.25091034704478, "lr": 0.001, "dataset_size": 980, "max_uncertainty": 4, "_timestamp": 1733562963.2034023, "_runtime": 184.56871223449707, "_step": 19, "_wandb": {"runtime": 184}}