{"train_error_energy": 8.218041863197723, "train_error_force": 5.9488949314308535, "train_loss": 1.3854511111974717, "valid_error_energy": 7.337101109354716, "valid_error_force": 6.653143435310253, "valid_loss": 3.295435667037964, "test_error_energy": 15.838241001965876, "test_error_force": 16.964198651408196, "test_loss": 4.548428527971837, "lr": 0.001, "dataset_size": 1908, "_timestamp": 1732210207.935418, "_runtime": 196.0103828907013, "_step": 19, "_wandb": {"runtime": 195}}