{"train_loss_energy": 0.35158433377742765, "train_loss_force": 0.24599480688571929, "train_loss_total": 0.7296912670135498, "valid_loss_energy": 0.22565223276615143, "valid_loss_force": 0.2593138686248234, "valid_loss_total": 0.711428565638406, "lr": 0.001, "_timestamp": 1731493008.7924826, "_runtime": 2289.367503643036, "_step": 5319}