{"train_error_energy": 19.512336892551183, "train_error_force": 4.622632193632365, "train_loss": -0.3888424849510193, "valid_error_energy": 19.463404688153947, "valid_error_force": 4.673959268754721, "valid_loss": -0.26786066804613384, "test_error_energy": 0.0, "test_error_force": 0.0, "test_loss": 0.0, "lr": 0.001, "_timestamp": 1733401750.168876, "_runtime": 336.1093280315399, "_step": 753}