{"train_loss": 0.5189239520293015, "train_uncertainty": 0.0, "valid_loss": 0.5793300643563271, "valid_uncertainty": 0.12621034681797028, "in_interval": 6.5, "learning_rate": 0.0001, "_timestamp": 1723648436.393028, "_runtime": 28.791083097457886, "_step": 49, "_wandb": {"runtime": 28}}