{"train_error_energy": 1.2961071341894475, "train_error_force": 2.8006365944227554, "train_loss": 0.055170260889585626, "valid_error_energy": 1.0382250200237548, "valid_error_force": 2.953403435227473, "valid_loss": -0.017764878273010255, "test_error_energy": 9.457038369948856, "test_error_force": 14.433657963179211, "test_loss": 23.55674521960513, "lr": 0.0001, "dataset_size": 9620, "max_uncertainty": 3, "_timestamp": 1732956615.231389, "_runtime": 359.0445599555969, "_step": 19, "_wandb": {"runtime": 358}}