{"train_error_energy": 1.0394775340139863, "train_error_force": 1.3498659159657358, "train_loss": -7.84079460144043, "valid_error_energy": 1.137292557885072, "valid_error_force": 1.75053704102497, "valid_loss": -5.3143386500222345, "test_error_energy": 0.0, "test_error_force": 0.0, "test_loss": 0.0, "lr": 0.0001, "_timestamp": 1733395506.9916797, "_runtime": 1703.6644587516785, "_step": 3999, "_wandb": {"runtime": 1703}}