{"train_error_energy": 4.36824566510817, "train_error_force": 4.107822951122574, "train_loss": 1.7151304444959086, "valid_error_energy": 6.177645498315342, "valid_error_force": 4.40026207642664, "valid_loss": 2.3531570434570312, "test_error_energy": 11.783739416786146, "test_error_force": 9.995413921149074, "test_loss": 7.096416762986109, "lr": 0.0001, "dataset_size": 990, "max_uncertainty": 8, "_timestamp": 1733250026.5097113, "_runtime": 190.57516932487488, "_step": 19, "_wandb": {"runtime": 190}}