{"train_error_energy": 1.4343058904950863, "train_error_force": 1.801909962155696, "train_loss": -2.692509785900271, "valid_error_energy": 2.2752285828150227, "valid_error_force": 2.046721942557592, "valid_loss": -2.2929084300994873, "test_error_energy": 15.083663936529188, "test_error_force": 8.417820103655547, "test_loss": 7.2373872826860834, "lr": 0.0001, "dataset_size": 3917, "max_uncertainty": 5, "_timestamp": 1733105972.6822085, "_runtime": 239.63524651527405, "_step": 19, "_wandb": {"runtime": 239}}