{"train_error_energy": 0.0, "train_error_force": 0.0, "train_loss": 0.0, "valid_error_energy": 0.0, "valid_error_force": 0.0, "valid_loss": 0.0, "test_error_energy": 11.451025565463892, "test_error_force": 12.623542293419828, "test_loss": 10.204820123642527, "lr": null, "dataset_size": 800, "max_uncertainty": 6, "_timestamp": 1733216922.7136657, "_runtime": 164.8983256816864, "_step": 0, "_wandb": {"runtime": 164}}