{"train_error_energy": 2.0591234367070053, "train_error_force": 1.9990992442807047, "train_loss": -2.3911102685061367, "valid_error_energy": 1.9985128106723993, "valid_error_force": 2.093279537387439, "valid_loss": -2.276620308558146, "test_error_energy": 10.35892276612984, "test_error_force": 8.022776303967564, "test_loss": 5.5889068423765496, "lr": 0.0001, "dataset_size": 3519, "max_uncertainty": 4, "_timestamp": 1732846990.5694568, "_runtime": 236.23076176643372, "_step": 19, "_wandb": {"runtime": 235}}