{"train_error_energy": 1.6058170737812938, "train_error_force": 3.2555324341197918, "train_loss": 0.45204076394733234, "valid_error_energy": 1.3463864481134098, "valid_error_force": 3.28982044232272, "valid_loss": 0.32510875463485717, "test_error_energy": 8.675911774417044, "test_error_force": 10.90661529336109, "test_loss": 11.752985654701114, "lr": 0.0001, "dataset_size": 8070, "max_uncertainty": 4, "_timestamp": 1732995054.4674215, "_runtime": 256.3891854286194, "_step": 19, "_wandb": {"runtime": 256}}