{"train_error_energy": 9.0934417773919, "train_error_force": 6.224564228480986, "train_loss": 2.6912979417377048, "valid_error_energy": 12.637395881666102, "valid_error_force": 6.84504193196228, "valid_loss": 3.136075496673584, "test_error_energy": 17.025878307940026, "test_error_force": 10.793833809292117, "test_loss": 4.751033845372225, "lr": 0.001, "dataset_size": 2286, "max_uncertainty": 8, "_timestamp": 1733650113.4147878, "_runtime": 228.935644865036, "_step": 19, "_wandb": {"runtime": 228}}