{"train_error_energy": 2.6914492702208745, "train_error_force": 3.549990044045713, "train_loss": 1.0446211459222905, "valid_error_energy": 2.3654984319050025, "valid_error_force": 3.6213332653911756, "valid_loss": 0.9374955693880717, "test_error_energy": 9.936888313613155, "test_error_force": 11.73673287354862, "test_loss": 11.29660356232009, "lr": 0.0001, "dataset_size": 3851, "max_uncertainty": 4, "_timestamp": 1733234528.3965373, "_runtime": 254.66852736473083, "_step": 19, "_wandb": {"runtime": 254}}