{"train_loss_total":23.88662311008998,"_runtime":944.528194089,"lr":0.001,"train_loss_force":17.125487872532435,"_step":4419,"_timestamp":1.7265885873947577e+09,"train_loss_energy":6.761135305677142,"valid_loss_total":11.285406112670898,"valid_loss_force":17.12398338317871,"valid_loss_energy":5.446828365325928,"_wandb":{"runtime":944}}