{"train_error_energy": 4387336.355909613, "train_error_force": 55299.13478777923, "train_error_total": 293621.65954070434, "valid_error_energy": 444.8213004139137, "valid_error_force": 784.1596447614877, "valid_error_total": 45.142189025878906, "test_error_energy": 82.21759279938577, "test_error_force": 91.53364733922487, "test_error_total": 20.22486433059133, "lr": 0.001, "dataset_size": 890, "_timestamp": 1732120520.237604, "_runtime": 161.92320084571838, "_step": 19, "_wandb": {"runtime": 161}}