{"train_error_energy": 1.609323791673473, "train_error_force": 3.249638818092318, "train_loss": 0.4586826262435293, "valid_error_energy": 2.0464727386717745, "valid_error_force": 3.2675764737854296, "valid_loss": 0.7030463367700577, "test_error_energy": 8.946166818389077, "test_error_force": 10.693865920319157, "test_loss": 11.040330767007399, "lr": 0.0001, "dataset_size": 7841, "max_uncertainty": 4, "_timestamp": 1732988225.0818672, "_runtime": 262.65276312828064, "_step": 19, "_wandb": {"runtime": 262}}