{"train_error_energy": 4.663543493536508, "train_error_force": 4.514450139508252, "train_loss": 1.9161790345723813, "valid_error_energy": 5.8740305511141555, "valid_error_force": 4.483245523054425, "valid_loss": 2.2312427759170532, "test_error_energy": 9.03458574710773, "test_error_force": 8.305375668393468, "test_loss": 5.301240960964982, "lr": 0.0001, "dataset_size": 3298, "max_uncertainty": 6, "_timestamp": 1733345908.1011105, "_runtime": 252.53939938545227, "_step": 19, "_wandb": {"runtime": 252}}