{"train_error_energy": 0.0, "train_error_force": 0.0, "train_loss": 0.0, "valid_error_energy": 0.0, "valid_error_force": 0.0, "valid_loss": 0.0, "test_error_energy": 11.451026027123484, "test_error_force": 12.623542689794228, "test_loss": 10.220451300056817, "lr": null, "dataset_size": 800, "max_uncertainty": 3, "_timestamp": 1732911293.6876216, "_runtime": 166.3677237033844, "_step": 0, "_wandb": {"runtime": 165}}