Method,Energy R2 Score In Distribution,Forces R2 Score In Distribution,Energy Losses In Distribution,Force Losses In Distribution,Energy R2 Score Out Distribution,Force R2 Score Out Distribution,Energy Losses Out Distribution,Force Losses Out Distribution,Energy Correlation In Distribution Energies,Energy Correlation In Distribution Forces,Energy Correlation Out Distribution Energy,Energy Correlation Out Distribution Forces,Force Correlation In Distribution Energy,Force Correlation In Distribution Forces,Force Correlation Out Distribution Energy,Force Correlation Out Distribution Forces
ModelEnsemble,0.9833711654978224,0.9981108424177623,0.10357777,0.16140552,0.8371045594477761,0.9765143708989256,0.3191414,0.5032838,0.102860229162713,0.3856437975912542,0.33011729683921953,0.650841362222689,0.2632411395419975,0.8136262224496722,0.5214598929181723,0.9592480255075905
ModelEnsemble,0.9947880864139782,0.9983692136767782,0.052669484,0.15022734,0.5404018062627539,0.9700506361331458,0.53782684,0.54928136,0.3045496015628964,0.39835709025012767,0.7419778108864906,0.7816633713733255,0.3478688389889934,0.8359106977547053,0.7696144936551694,0.9563295027702505
ModelEnsemble,0.9929230206234797,0.9978955729705183,0.06457363,0.16917206,0.7655440735312539,0.9375280237372444,0.37498525,0.7835743,0.2491555906553089,0.4003937290973078,0.5336244941435535,0.7979396722878995,0.37550554629343147,0.8585267459687381,0.5932169832957711,0.9514765197693094
