{"valid_loss_total":16.15522003173828,"_step":3283,"_timestamp":1.726570178809865e+09,"train_loss_force":61.71874782017299,"valid_loss_force":64.07873344421387,"valid_loss_energy":12.478985786437988,"lr":0.001,"_runtime":969.124040642,"train_loss_energy":2.0524059193474904,"train_loss_total":6.977167538234165,"_wandb":{"runtime":969}}