{"train_error_energy": 1.7473614130307655, "train_error_force": 1.8503718744631672, "train_loss": -2.6051925807804257, "valid_error_energy": 2.1996499986350675, "valid_error_force": 2.338562887552604, "valid_loss": -1.906820257504781, "test_error_energy": 8.502635294294544, "test_error_force": 6.13661344106191, "test_loss": 3.618246118435685, "lr": 0.0001, "dataset_size": 4904, "max_uncertainty": 4, "_timestamp": 1732928363.2115283, "_runtime": 280.40594720840454, "_step": 19, "_wandb": {"runtime": 280}}