{"train_error_energy": 7.565306127827575, "train_error_force": 3.937404176169466, "train_loss": 1.823743091254938, "valid_error_energy": 5.77415096969337, "valid_error_force": 4.38369727332278, "valid_loss": 1.8532089591026306, "test_error_energy": 10.92450659369179, "test_error_force": 10.428006453889074, "test_loss": 4.22031915250249, "lr": 0.001, "dataset_size": 1941, "max_uncertainty": 4, "_timestamp": 1733535096.883921, "_runtime": 216.94010996818542, "_step": 19, "_wandb": {"runtime": 216}}