{"train_error_energy": 1.3518761943416697, "train_error_force": 1.9047666793571327, "train_loss": -2.5597115671911905, "valid_error_energy": 1.1314006625009911, "valid_error_force": 2.2727748430499473, "valid_loss": -2.08428293466568, "test_error_energy": 13.250997641374132, "test_error_force": 9.99170041534112, "test_loss": 8.379622144848888, "lr": 0.0001, "dataset_size": 1375, "max_uncertainty": 5, "_timestamp": 1733067099.6891103, "_runtime": 197.682115316391, "_step": 19, "_wandb": {"runtime": 197}}