{"train_error_energy": 4.0337331310565725, "train_error_force": 3.514491381089035, "train_loss": 1.4278151740630467, "valid_error_energy": 3.376891604597618, "valid_error_force": 3.9749208098902553, "valid_loss": 1.3996731042861938, "test_error_energy": 11.445790947263946, "test_error_force": 11.825053818516613, "test_loss": 11.460563624716555, "lr": 0.0001, "dataset_size": 1517, "max_uncertainty": 4, "_timestamp": 1733220549.071232, "_runtime": 209.06772804260254, "_step": 19, "_wandb": {"runtime": 208}}