{"_step":2,"train_loss_total":2.7322704110826765,"valid_loss_energy":13.92911148071289,"_runtime":1.253907573,"_timestamp":1.7272730541184714e+09,"train_loss_energy":13.166497503008161,"valid_loss_force":63.482669830322266,"valid_loss_total":2.6925697326660156,"train_loss_force":62.84335054670061,"_wandb":{"runtime":1},"lr":0.001}