{"train_error_energy": 4.2497898012480775, "train_error_force": 3.281389223558262, "train_loss": 1.799767005443573, "valid_error_energy": 4.986223504686575, "valid_error_force": 3.051258464239653, "valid_loss": 1.8296434879302979, "test_error_energy": 9.53979502047377, "test_error_force": 7.383162973494509, "test_loss": 4.224237233556378, "lr": 0.0006, "dataset_size": 948, "_timestamp": 1732359423.2227812, "_runtime": 365.308776140213, "_step": 19, "_wandb": {"runtime": 364}}