{"train_error_energy": 3.8851238978465785, "train_error_force": 3.2004802439772315, "train_loss": 0.7944310183932142, "valid_error_energy": 4.627305780395325, "valid_error_force": 3.486840173462684, "valid_loss": 1.0108782947063446, "test_error_energy": 10.80691819338572, "test_error_force": 12.389774836946497, "test_loss": 2.8482990077652857, "lr": 0.001, "dataset_size": 2623, "_timestamp": 1732212829.3026438, "_runtime": 207.84828877449036, "_step": 19, "_wandb": {"runtime": 207}}