{"train_error_energy": 4.452785564037976, "train_error_force": 4.575915823471706, "train_loss": 1.887284231185913, "valid_error_energy": 5.474690138078612, "valid_error_force": 4.787506878786239, "valid_loss": 2.238924980163574, "test_error_energy": 7.506687290224336, "test_error_force": 8.921004151009667, "test_loss": 4.8567882957258774, "lr": 0.0001, "dataset_size": 1265, "max_uncertainty": 8, "_timestamp": 1733318845.6489716, "_runtime": 209.15357661247253, "_step": 19, "_wandb": {"runtime": 208}}