{"train_error_energy": 2.1441970918517375, "train_error_force": 4.480180645189372, "train_loss": 1.1075179605949215, "valid_error_energy": 1.9027062932689256, "valid_error_force": 4.63432921059618, "valid_loss": 1.2207025289535522, "test_error_energy": 6.743932074365068, "test_error_force": 8.781836886103347, "test_loss": 6.483727272892498, "lr": 0.0001, "dataset_size": 1309, "max_uncertainty": 8, "_timestamp": 1733354764.3262644, "_runtime": 229.97551846504211, "_step": 19, "_wandb": {"runtime": 229}}