{"train_error_energy": 3.806019025956786, "train_error_force": 2.977268595281611, "train_loss": 1.165687149930223, "valid_error_energy": 2.775483896021104, "valid_error_force": 3.2985006534373076, "valid_loss": 0.9468675702810287, "test_error_energy": 11.772716664526916, "test_error_force": 16.22204915903821, "test_loss": 13.720008001277584, "lr": 0.0001, "dataset_size": 6830, "max_uncertainty": 3, "_timestamp": 1732940416.9140947, "_runtime": 290.33226561546326, "_step": 19, "_wandb": {"runtime": 290}}