{"train_error_energy": 2.5703374684547637, "train_error_force": 3.2066639524744343, "train_loss": 0.8710325319504103, "valid_error_energy": 2.341320778526408, "valid_error_force": 3.341402150781355, "valid_loss": 0.8083656191825866, "test_error_energy": 8.992090219625927, "test_error_force": 10.583563189182648, "test_loss": 9.185591939856245, "lr": 0.0001, "dataset_size": 8387, "max_uncertainty": 4, "_timestamp": 1733003123.8919017, "_runtime": 266.0868136882782, "_step": 19, "_wandb": {"runtime": 265}}