{"train_error_energy": 1.9938216316108488, "train_error_force": 1.8341431365293577, "train_loss": -2.610757804252732, "valid_error_energy": 1.1459074367457325, "valid_error_force": 1.9928120723098803, "valid_loss": -2.450203776359558, "test_error_energy": 9.34966979794633, "test_error_force": 6.764506463292544, "test_loss": 4.476814690684773, "lr": 0.0001, "dataset_size": 4538, "max_uncertainty": 5, "_timestamp": 1733149885.753313, "_runtime": 225.51047015190125, "_step": 19, "_wandb": {"runtime": 225}}