{"train_error_energy": 2.0843102463993746, "train_error_force": 4.475878270978849, "train_loss": 1.1002185982327128, "valid_error_energy": 2.168097075538138, "valid_error_force": 4.725007434899791, "valid_loss": 1.2517074942588806, "test_error_energy": 7.282863456717416, "test_error_force": 8.572345766554387, "test_loss": 6.614196814791694, "lr": 0.0001, "dataset_size": 1362, "max_uncertainty": 8, "_timestamp": 1733388404.5884724, "_runtime": 226.5647222995758, "_step": 19, "_wandb": {"runtime": 226}}