{"train_error_energy": 1.5981798018527527, "train_error_force": 3.266794188562527, "train_loss": 0.45654042561848956, "valid_error_energy": 2.0096310707995793, "valid_error_force": 3.2558718144624486, "valid_loss": 0.668734610080719, "test_error_energy": 8.8781479228276, "test_error_force": 10.760800783203377, "test_loss": 11.34195501017945, "lr": 0.0001, "dataset_size": 7959, "max_uncertainty": 4, "_timestamp": 1732991645.360419, "_runtime": 260.7880871295929, "_step": 19, "_wandb": {"runtime": 260}}