{"train_error_energy": 4.632954249237589, "train_error_force": 4.48292588974245, "train_loss": 1.8942696904694591, "valid_error_energy": 5.618619614407805, "valid_error_force": 4.368712975816716, "valid_loss": 2.1355278491973877, "test_error_energy": 8.209620318261278, "test_error_force": 8.11783265951067, "test_loss": 4.7651481079181455, "lr": 0.0001, "dataset_size": 3435, "max_uncertainty": 6, "_timestamp": 1733357482.6070986, "_runtime": 259.7994706630707, "_step": 19, "_wandb": {"runtime": 259}}