{"train_error_energy": 1.867408676600126, "train_error_force": 2.786163137053225, "train_loss": 1.272790668339565, "valid_error_energy": 1.4184973166161738, "valid_error_force": 2.818255243249357, "valid_loss": 1.390290379524231, "test_error_energy": 9.50860628714329, "test_error_force": 8.907476256609657, "test_loss": 4.8699297305801155, "lr": 0.0001, "dataset_size": 919, "max_uncertainty": 8, "_timestamp": 1732403614.94341, "_runtime": 362.62451791763306, "_step": 19, "_wandb": {"runtime": 362}}