{"train_loss_energy": 0.19607783406972884, "train_loss_force": 2.2875809754619003, "train_loss_total": 18.939120614868163, "valid_loss_energy": 4.131765010082083, "valid_loss_force": 2.840744692841811, "valid_loss_total": 1.6467664071491785, "lr": 0.00021599999999999996, "_timestamp": 1731684173.5779312, "_runtime": 6610.0154502391815, "_step": 5999, "_wandb": {"runtime": 6609}}