{"train_error_energy": 0.8287292741090058, "train_error_force": 1.3833910332777501, "train_loss": -3.3941337966918947, "valid_error_energy": 0.8351811558936324, "valid_error_force": 1.8755356420882043, "valid_loss": -2.503727878843035, "test_error_energy": 0.0, "test_error_force": 0.0, "test_loss": 0.0, "lr": 0.0001, "_timestamp": 1732731103.233948, "_runtime": 2218.6891338825226, "_step": 4999, "_wandb": {"runtime": 2218}}