{"train_error_energy": 1.9876220207868929, "train_error_force": 1.9469430693509902, "train_loss": -2.4618560920900374, "valid_error_energy": 2.5342293914920213, "valid_error_force": 2.0437918392663286, "valid_loss": -2.3000373045603433, "test_error_energy": 11.256412484771912, "test_error_force": 7.128239947633144, "test_loss": 4.70408787902113, "lr": 0.0001, "dataset_size": 4278, "max_uncertainty": 4, "_timestamp": 1732885658.0729074, "_runtime": 236.8627965450287, "_step": 19, "_wandb": {"runtime": 236}}