{"train_error_energy": 11.63398535146559, "train_error_force": 5.761919181990082, "train_loss": 2.706510223944982, "valid_error_energy": 32.56381281468332, "valid_error_force": 4.358891707797278, "valid_loss": 3.6376900672912598, "test_error_energy": 29.54036758739809, "test_error_force": 10.490050518387573, "test_loss": 5.486864586775216, "lr": 0.001, "dataset_size": 1891, "max_uncertainty": 4, "_timestamp": 1733575559.318637, "_runtime": 244.22046184539795, "_step": 19, "_wandb": {"runtime": 243}}