{"train_error_energy": 2.7104049838268254, "train_error_force": 3.561691638615475, "train_loss": 1.05422205962832, "valid_error_energy": 2.1582877945410566, "valid_error_force": 3.6103771269579936, "valid_loss": 0.8683904608090719, "test_error_energy": 10.477734527044936, "test_error_force": 11.986943068464791, "test_loss": 12.568744494652872, "lr": 0.0001, "dataset_size": 4029, "max_uncertainty": 4, "_timestamp": 1733236135.568244, "_runtime": 253.81383800506592, "_step": 19, "_wandb": {"runtime": 253}}