{"train_error_energy": 2.933339196967666, "train_error_force": 4.4249363551880325, "train_loss": 1.410737434098887, "valid_error_energy": 2.4222773569864695, "valid_error_force": 4.9086673958216345, "valid_loss": 1.448839545249939, "test_error_energy": 6.496827379576151, "test_error_force": 8.352415894128187, "test_loss": 5.024036682088962, "lr": 0.0001, "dataset_size": 1372, "max_uncertainty": 8, "_timestamp": 1733400938.5827873, "_runtime": 225.78486132621765, "_step": 19, "_wandb": {"runtime": 225}}