{"train_error_energy": 10.2957899233422, "train_error_force": 4.938312651545669, "train_loss": 2.3413759782804666, "valid_error_energy": 10.81938009092069, "valid_error_force": 3.9119340174664194, "valid_loss": 2.0329854488372803, "test_error_energy": 11.090374197492801, "test_error_force": 11.212421968302419, "test_loss": 4.493887027520784, "lr": 0.001, "dataset_size": 4501, "max_uncertainty": 4, "_timestamp": 1733590682.9700441, "_runtime": 243.51464915275574, "_step": 19, "_wandb": {"runtime": 243}}