{"train_error_energy": 2.966264341420511, "train_error_force": 4.275332052361666, "train_loss": 1.4000279167119194, "valid_error_energy": 3.1952677303461368, "valid_error_force": 4.43910849028691, "valid_loss": 1.616362452507019, "test_error_energy": 8.494891738086073, "test_error_force": 9.947936298600103, "test_loss": 7.284038998069564, "lr": 0.0001, "dataset_size": 1085, "max_uncertainty": 8, "_timestamp": 1733259178.6020262, "_runtime": 211.85910415649414, "_step": 19, "_wandb": {"runtime": 211}}