{"train_error_energy": 9.816525207930216, "train_error_force": 5.07395856004807, "train_loss": 2.354690836321923, "valid_error_energy": 16.67656935807479, "valid_error_force": 5.524013729039173, "valid_loss": 2.9643592834472656, "test_error_energy": 22.32477774678169, "test_error_force": 12.036363116745996, "test_loss": 5.521393833360123, "lr": 0.001, "dataset_size": 3961, "max_uncertainty": 4, "_timestamp": 1733587399.7448406, "_runtime": 248.75155758857727, "_step": 19, "_wandb": {"runtime": 248}}