{"train_error_energy": 4.2971007414658855, "train_error_force": 4.398765677913466, "train_loss": 1.8162557416492038, "valid_error_energy": 3.7377844042132473, "valid_error_force": 4.522653508500724, "valid_loss": 1.6507492065429688, "test_error_energy": 9.86358744476949, "test_error_force": 9.829297081791154, "test_loss": 6.289434388045866, "lr": 0.0001, "dataset_size": 1128, "max_uncertainty": 8, "_timestamp": 1733266346.5692658, "_runtime": 200.59336185455322, "_step": 19, "_wandb": {"runtime": 200}}