{"train_error_energy": 7.88729397607225, "train_error_force": 3.4551132648328338, "train_loss": 1.6839146499174187, "valid_error_energy": 2.1752050829029206, "valid_error_force": 6.72766174324035, "valid_loss": 2.3966631094614663, "test_error_energy": 9.398903722800904, "test_error_force": 13.021580906850822, "test_loss": 4.986043106198935, "lr": 0.001, "dataset_size": 5311, "max_uncertainty": 4, "_timestamp": 1733595555.4818377, "_runtime": 257.7715177536011, "_step": 19, "_wandb": {"runtime": 257}}