{"train_error_energy": 1.721219889381412, "train_error_force": 1.8166269870459668, "train_loss": -2.6528013087809086, "valid_error_energy": 1.701454022469337, "valid_error_force": 2.1039727035592803, "valid_loss": -2.257397413253784, "test_error_energy": 13.248332154132143, "test_error_force": 10.6627285431207, "test_loss": 9.612483052058995, "lr": 0.0001, "dataset_size": 2033, "max_uncertainty": 3, "_timestamp": 1732810666.1565628, "_runtime": 209.63597869873047, "_step": 19, "_wandb": {"runtime": 209}}