Method,Energy R2 Score In Distribution,Forces R2 Score In Distribution,Energy Errors In Distribution,Force LosErrorsses In Distribution,Energy R2 Score Out Distribution,Force R2 Score Out Distribution,Energy Errors Out Distribution,Force Errors Out Distribution,Energy Correlation In Distribution Energies,Energy Correlation In Distribution Forces,Energy Correlation Out Distribution Energy,Energy Correlation Out Distribution Forces
EvidentialRegression,0.9767113200654491,0.9949762714768066,0.11705791,0.26961717,0.8408970419289858,0.9604126952958459,0.32033342,0.65585303,0.12195477109774097,0.13501176817755106,0.23057732578470153,0.6077585090471612
EvidentialRegression,0.813673110929263,0.9884433946016645,0.36486474,0.41210648,0.5975999495755613,0.9611995430201065,0.5824541,0.7126542,0.038870328472106995,0.2211304227506507,0.0018184609910278033,-0.0023328198112736453
EvidentialRegression,0.9864807736605448,0.9941908700490627,0.0860215,0.2903798,0.7987009686804005,0.9569878342049263,0.3501233,0.7072688,0.19005976271536687,0.5907170744941159,0.26155900947252925,0.3030955330989888
EvidentialRegression,0.9726604343535757,0.9935316507386006,0.12337565,0.30472544,0.7012723567930637,0.9663493317287255,0.5050237,0.63833886,0.04888919049411898,0.00997323340725401,-0.2719411633015815,-0.1965930162642343
EvidentialRegression,0.9742289512918629,0.9964703975511005,0.13674492,0.22507216,0.8642852837637336,0.9751809247739156,0.3089246,0.53121436,0.19136077280529531,0.4112863981155149,0.24655282403615109,0.5459894912032615
