{"train_loss_energy": 2.9619536879707278, "train_loss_force": 2.023194530992895, "train_loss_total": 0.5031058943271637, "valid_loss_energy": 1.9657273197150655, "valid_loss_force": 2.717055865833589, "valid_loss_total": -0.15625865970339095, "lr": 0.00012959999999999998, "_timestamp": 1731674521.5853395, "_runtime": 1726.97665143013, "_step": 3999, "_wandb": {"runtime": 1726}}