{"_runtime":1802.388542159,"train_loss_total":-1.2034422670091902,"lr":0.0001,"_wandb":{"runtime":1802},"valid_loss_force":66.02249526977539,"_timestamp":1.7270997579973247e+09,"train_loss_energy":0.6308157598333699,"valid_loss_energy":13.083068370819092,"_step":9999,"train_loss_force":62.95762252807617,"valid_loss_total":87.51752090454102}