{"train_loss_energy": 0.855737446232468, "train_loss_force": 2.4483537554566857, "train_loss_total": 0.876491904258728, "valid_loss_energy": 0.962127566726559, "valid_loss_force": 3.358194448768667, "valid_loss_total": 1.188046625682286, "lr": 1e-05, "_timestamp": 1731499380.4738266, "_runtime": 2497.8847937583923, "_step": 5999, "_wandb": {"runtime": 2497}}