{"train_error_energy": 9.964807419463847, "train_error_force": 4.197246196846675, "train_loss": 2.0712632183443036, "valid_error_energy": 5.891614332763609, "valid_error_force": 4.54887992584639, "valid_loss": 1.9163403034210205, "test_error_energy": 9.93342935944224, "test_error_force": 11.73760753194351, "test_loss": 4.592192297830632, "lr": 0.001, "dataset_size": 9091, "max_uncertainty": 4, "_timestamp": 1733620111.6850488, "_runtime": 316.3315417766571, "_step": 19, "_wandb": {"runtime": 316}}