Method,Energy R2 Score In Distribution,Forces R2 Score In Distribution,Energy Losses In Distribution,Forces Losses In Distribution,Energy R2 Score Out Distribution,Forces R2 Score Out Distribution,Energy Losses Out Distribution,Forces Losses Out Distribution,Energy Correlation In Distribution Energies,Energy Correlation In Distribution Forces,Energy Correlation Out Distribution Energy,Energy Correlation Out Distribution Forces,Force Correlation In Distribution Energy,Force Correlation In Distribution Forces,Force Correlation Out Distribution Energy,Force Correlation Out Distribution Forces
ModelEnsemble,0.9627842015392221,0.9860046861682256,2.2395668,6.3980045,-0.5727620367861903,0.8687081514350367,16.170946,18.816154,0.19824298811499472,0.4801628438141034,0.5883130228210545,0.6454642962279891,0.20156797816558306,0.8082519427007395,0.724198340103066,0.888564706016519
ModelEnsemble,0.9474614606458557,0.975292104059176,2.6362042,8.537559,-1.2507116210780023,0.784962785279861,20.84657,25.38609,0.18984425630694643,0.4926100361938911,0.6620095823844109,0.5442027418160051,0.2636103182635196,0.8654105663731647,0.6513513406696744,0.8675129099495769
ModelEnsemble,0.9675547896915021,0.9862513962288739,1.8780383,6.308017,-0.8539634261546645,0.7967286681985476,19.125956,23.663082,0.44252933465433303,0.593937412868308,0.45890523716934783,0.4174683651519104,0.44658427677242435,0.8970556227449007,0.6359427350784846,0.8613493676995739
ModelEnsemble,0.9594366278382743,0.9846654367205397,2.2810087,6.6783514,-0.5330369162974999,0.8124377852009058,14.8544235,21.945675,0.2703003663862121,0.4704185962549043,0.6262252374320922,0.5375217809759433,0.34600997854851157,0.8764341274924997,0.7494941888055523,0.9138750649582716
ModelEnsemble,0.9600061756609832,0.9831175883316052,2.1764793,7.0753136,-0.17172049400533407,0.8555067463168559,13.700932,20.07545,0.1824728268407953,0.3191307157365634,0.4712416175388468,0.5234533741256416,0.3122675715229821,0.8033018304088078,0.6768065462679516,0.8764630742472643
