{"train_error_energy": 10.000298460415342, "train_error_force": 5.63230619667716, "train_loss": 2.5538139588692608, "valid_error_energy": 7.015930110235047, "valid_error_force": 7.58206626531035, "valid_loss": 3.0064939657847085, "test_error_energy": 13.555906141260824, "test_error_force": 13.444408798317063, "test_loss": 5.405711932956236, "lr": 0.001, "dataset_size": 4321, "max_uncertainty": 4, "_timestamp": 1733589505.68567, "_runtime": 241.97822499275208, "_step": 19, "_wandb": {"runtime": 241}}