{"train_error_energy": 3.8800903659818786, "train_error_force": 3.0836746793484573, "train_loss": 1.226823794418538, "valid_error_energy": 3.3174809528804303, "valid_error_force": 3.2274832797098227, "valid_loss": 1.0678393443425496, "test_error_energy": 11.39591285805731, "test_error_force": 17.398854807181003, "test_loss": 13.208068018808415, "lr": 0.0001, "dataset_size": 5390, "max_uncertainty": 3, "_timestamp": 1732932810.0584333, "_runtime": 296.5144712924957, "_step": 19, "_wandb": {"runtime": 296}}