{"_wandb":{"runtime":888},"valid_loss_energy":0.21004639815597634,"train_loss_force":0.13747137924656272,"train_loss_energy":0.31105341168586165,"_step":49,"_timestamp":1.730892665075718e+09,"valid_loss_total":2.0307548745140354,"lr":0.001,"dataset_size":999,"_runtime":887.751696627,"train_loss_total":1.262373462319374,"valid_loss_force":0.23170216014872047}