{"train_error_energy": 1.923889270364267, "train_error_force": 3.318288406340686, "train_loss": 1.506851635660444, "valid_error_energy": 3.2173119757929878, "valid_error_force": 3.105258404156893, "valid_loss": 1.594315767288208, "test_error_energy": 8.783443689976504, "test_error_force": 7.337549837813464, "test_loss": 3.9566403708532842, "lr": 0.0001, "dataset_size": 1117, "max_uncertainty": 8, "_timestamp": 1732485746.9780667, "_runtime": 374.2970736026764, "_step": 19, "_wandb": {"runtime": 374}}