{"train_error_energy": 9.59046147005652, "train_error_force": 6.356805993926748, "train_loss": 1.519146653738889, "valid_error_energy": 11.535052234527454, "valid_error_force": 8.46486511153077, "valid_loss": 3.536867141723633, "test_error_energy": 17.133777196241663, "test_error_force": 16.53302856647821, "test_loss": 4.536798711846636, "lr": 0.001, "dataset_size": 1400, "_timestamp": 1732209231.8073034, "_runtime": 185.18999338150024, "_step": 19, "_wandb": {"runtime": 184}}