{"train_error_energy": 2.202474301484055, "train_error_force": 3.394126810337102, "train_loss": 1.5382658082085687, "valid_error_energy": 3.027014470300182, "valid_error_force": 3.1736158279344107, "valid_loss": 1.624672293663025, "test_error_energy": 8.39176046200276, "test_error_force": 7.018823614568486, "test_loss": 3.798185123823076, "lr": 0.0001, "dataset_size": 1167, "max_uncertainty": 8, "_timestamp": 1732518236.5280612, "_runtime": 380.74941515922546, "_step": 19, "_wandb": {"runtime": 380}}