{"train_error_energy": 2.655532176647418, "train_error_force": 3.391060134040298, "train_loss": 0.9676696906487147, "valid_error_energy": 2.2650812343871367, "valid_error_force": 3.4092037367033505, "valid_loss": 0.8287975490093231, "test_error_energy": 10.060100581102393, "test_error_force": 12.588662796845268, "test_loss": 12.6636561748245, "lr": 0.0001, "dataset_size": 6505, "max_uncertainty": 4, "_timestamp": 1733269147.1122365, "_runtime": 311.5981254577637, "_step": 19, "_wandb": {"runtime": 311}}