{"valid_loss_energy":20.788514137268066,"valid_loss_total":2.7838958501815796,"train_loss_energy":14.485894066946846,"train_loss_force":62.847442626953125,"_step":2,"_runtime":0.785802011,"_wandb":{"runtime":1},"valid_loss_force":63.47629356384277,"lr":0.001,"train_loss_total":2.7125322818756104,"_timestamp":1.72727307083148e+09}