{"train_error_energy": 4.094380006332949, "train_error_force": 3.5622090429347355, "train_loss": 1.4588450420711, "valid_error_energy": 5.707156429535028, "valid_error_force": 3.6674756564869155, "valid_loss": 2.0305769443511963, "test_error_energy": 11.647973641089791, "test_error_force": 12.346435120602775, "test_loss": 9.902735650227331, "lr": 0.0001, "dataset_size": 3754, "max_uncertainty": 4, "_timestamp": 1732932852.5194988, "_runtime": 284.28066873550415, "_step": 19, "_wandb": {"runtime": 283}}