{"train_error_energy": 2.625058059338505, "train_error_force": 3.285709477198175, "train_loss": 0.9209355721996806, "valid_error_energy": 3.102231829458156, "valid_error_force": 3.345147000477568, "valid_loss": 1.1258569061756134, "test_error_energy": 9.278966855494682, "test_error_force": 11.093643199726746, "test_loss": 9.510040957266124, "lr": 0.0001, "dataset_size": 7578, "max_uncertainty": 4, "_timestamp": 1732982133.066443, "_runtime": 252.02548503875732, "_step": 19, "_wandb": {"runtime": 251}}