{"train_error_energy": 12.134153084920346, "train_error_force": 5.427055087544133, "train_loss": 2.627935194969177, "valid_error_energy": 14.754019755420416, "valid_error_force": 5.56668411436551, "valid_loss": 2.8499785661697388, "test_error_energy": 16.55106184811752, "test_error_force": 12.271933218686648, "test_loss": 5.2138355764419, "lr": 0.001, "dataset_size": 3331, "max_uncertainty": 4, "_timestamp": 1733583638.9770648, "_runtime": 233.54059386253357, "_step": 19, "_wandb": {"runtime": 233}}