Method,Energy R2 Score In Distribution,Forces R2 Score In Distribution,Energy Errors In Distribution,Force Errors In Distribution,Energy R2 Score Out Distribution,Force R2 Score Out Distribution,Energy Errors Out Distribution,Force Errors Out Distribution,Energy Correlation In Distribution Energies,Energy Correlation In Distribution Forces,Energy Correlation Out Distribution Energy,Energy Correlation Out Distribution Forces
MVE,0.9967822051184919,0.9987892076734618,0.6024483,1.9235231,0.44244341678817367,0.9066233986202209,10.993154,13.389133,0.04211541365247298,0.1902676011504081,0.09748617734615694,0.24817518085653992
MVE,0.987603264754684,0.8761956888646202,4.476348,7.9203677,0.0246063986431172,0.9230139016685109,15.064297,13.9077635,0.6664168796364454,0.8276842614285981,-0.4332613807965585,-0.6012154608723743
