{"train_error_energy": 2.6575039314606066, "train_error_force": 3.6449115101978435, "train_loss": 1.0848390857378643, "valid_error_energy": 2.600220139140521, "valid_error_force": 3.5940749250002315, "valid_loss": 1.0000991622606914, "test_error_energy": 10.165216865186125, "test_error_force": 12.183743496959835, "test_loss": 12.194658029765982, "lr": 0.0001, "dataset_size": 5155, "max_uncertainty": 4, "_timestamp": 1733247146.6792161, "_runtime": 273.0443842411041, "_step": 19, "_wandb": {"runtime": 272}}