{"train_error_energy": 7.062565643810236, "train_error_force": 4.748855468566583, "train_loss": 2.0616135524243724, "valid_error_energy": 10.33678138330824, "valid_error_force": 3.8910386705895066, "valid_loss": 1.993698000907898, "test_error_energy": 15.244582633458043, "test_error_force": 9.744193162715735, "test_loss": 4.280615264832662, "lr": 0.001, "dataset_size": 1561, "max_uncertainty": 8, "_timestamp": 1733599089.2677486, "_runtime": 182.01363563537598, "_step": 19, "_wandb": {"runtime": 181}}