{"train_error_energy": 1.6348626718076282, "train_error_force": 2.9182103045624084, "train_loss": 1.335497694545322, "valid_error_energy": 1.247406026970796, "valid_error_force": 2.7308102862791905, "valid_loss": 1.3523468971252441, "test_error_energy": 11.51874995951245, "test_error_force": 9.301928530465352, "test_loss": 5.182414034898368, "lr": 0.0001, "dataset_size": 1423, "_timestamp": 1732241095.5127032, "_runtime": 349.8342881202698, "_step": 19, "_wandb": {"runtime": 349}}