Method,Energy R2 Score In Distribution,Forces R2 Score In Distribution,Energy Losses In Distribution,Force Losses In Distribution,Energy R2 Score Out Distribution,Force R2 Score Out Distribution,Energy Losses Out Distribution,Force Losses Out Distribution,Energy Correlation In Distribution Energies,Energy Correlation In Distribution Forces,Energy Correlation Out Distribution Energy,Energy Correlation Out Distribution Forces,Force Correlation In Distribution Energy,Force Correlation In Distribution Forces,Force Correlation Out Distribution Energy,Force Correlation Out Distribution Forces
SWAG,0.9675418324314723,0.9971735423283637,0.15628093,0.21242477,0.7547544215709676,0.9548727794494262,0.41971385,0.67153376,-0.1364626797822856,0.4446983746962047,0.040978508851736706,0.1388277642342068,-0.02395335158264037,0.20401085707335412,0.2723516329077467,0.47528423232695044
SWAG,0.7810074668041221,0.996120736264766,0.45305097,0.25010765,0.610154011218044,0.9642669374642577,0.5844113,0.63988763,-0.20913193413037764,0.40016755469058196,0.36645367525647576,0.43973555978529233,-0.06663844191533302,0.28769022521036874,0.3303775812372605,0.6480035348715572
SWAG,0.9035818578812354,0.9944474853917736,0.284989,0.31467405,0.7884784516798763,0.9631946826010109,0.4272874,0.6768784,-0.196807605400365,0.4219863735023874,0.05300069265277576,0.2316374602744477,-0.026832871277928192,0.2247566217011604,0.14205242704227564,0.39712338930617674
SWAG,0.9285189408025706,0.9977462241813884,0.252209,0.18386975,0.21402131899142285,0.9389043576983465,0.7755012,0.67876345,-0.1665883384963414,0.4875105648953832,0.5587423837044156,0.2830614604460875,-0.031188761947996278,0.2510892560891941,0.4433216299894392,0.4100813681934656
SWAG,0.8368297291723779,0.9963610278588897,0.3888273,0.22953814,0.014277356871867264,0.8992194844106245,0.8492742,0.8966938,-0.18998170067289186,0.46669396289721715,0.594204555069777,0.487357089022724,0.001191268976668394,0.20831881839113525,0.5185974322760822,0.5088180558780778
