{"_step":1587,"_runtime":1056.170798632,"_timestamp":1.7308831034874856e+09,"valid_loss_energy":1.2169791460037231,"train_loss_energy":0.540627583861351,"valid_loss_force":1.5339521169662476,"_wandb":{"runtime":1056},"valid_loss_total":10.404807635716029,"train_loss_force":1.6156211042404174,"train_loss_total":9.86307204246521,"lr":0.001}