{"train_error_energy": 1.864435723247512, "train_error_force": 1.9627985007810973, "train_loss": -2.449968170552027, "valid_error_energy": 0.8166941476364925, "valid_error_force": 1.9936958090385435, "valid_loss": -2.4799447854359946, "test_error_energy": 9.81119518074908, "test_error_force": 7.260795755232786, "test_loss": 4.768941112837866, "lr": 0.0001, "dataset_size": 4029, "max_uncertainty": 4, "_timestamp": 1732870644.1367133, "_runtime": 219.46645331382751, "_step": 19, "_wandb": {"runtime": 219}}