{"train_error_energy": 4.8207085638211975, "train_error_force": 6.0166299916467, "train_loss": 1.1866375936402216, "valid_error_energy": 1.534172490576211, "valid_error_force": 5.884112342034328, "valid_loss": 1.9895646572113037, "test_error_energy": 9.992853636334987, "test_error_force": 13.648214146328675, "test_loss": 3.4740690485969266, "lr": 0.001, "dataset_size": 860, "_timestamp": 1732208309.4312317, "_runtime": 159.11631965637207, "_step": 19, "_wandb": {"runtime": 158}}