Method,Energy R2 Score In Distribution,Forces R2 Score In Distribution,Energy Losses In Distribution,Forces Losses In Distribution,Energy R2 Score Out Distribution,Forces R2 Score Out Distribution,Energy Losses Out Distribution,Forces Losses Out Distribution,Energy Correlation In Distribution Energies,Energy Correlation In Distribution Forces,Energy Correlation Out Distribution Energy,Energy Correlation In Distribution Forces,Force Correlation In Distribution Energy,Force Correlation In Distribution Forces,Force Correlation Out Distribution Energy,Force Correlation Out Distribution Forces
ModelEnsemble,0.9676624206032985,0.9894081648536335,2.0690458,5.6368637,-0.007125423170173173,0.9201064319813145,12.684106,14.77312,0.29970149490601883,0.4287569857864042,0.6304383458378185,0.667429600702069,0.21449646073348608,0.841573473341912,0.7172080042052948,0.8740228231340049
ModelEnsemble,0.6050629169619648,0.67885511548181,7.399364,36.01409,-0.8191847663290399,0.5464449516518183,20.20829,42.55875,0.1088560874833122,0.48093224805573187,0.45568698193918517,0.298687784705127,-0.04342059639453239,0.6692926663580396,-0.24305884564782324,0.17771700998678186
