{"train_error_energy": 2.4166100715851564, "train_error_force": 2.9473155909166815, "train_loss": 0.6890149298719885, "valid_error_energy": 3.5183179642786246, "valid_error_force": 3.1077312006897078, "valid_loss": 1.2414478361606598, "test_error_energy": 10.342905505290009, "test_error_force": 15.954178530892422, "test_loss": 15.507583708039128, "lr": 0.0001, "dataset_size": 6740, "max_uncertainty": 3, "_timestamp": 1732939943.3706934, "_runtime": 315.56711649894714, "_step": 19, "_wandb": {"runtime": 315}}