{"train_error_energy": 10.512990422901368, "train_error_force": 4.633983256966457, "train_loss": 2.2540815894802413, "valid_error_energy": 3.7369632004030655, "valid_error_force": 5.712611563829589, "valid_loss": 2.1615379452705383, "test_error_energy": 10.298817643932113, "test_error_force": 13.133163605523315, "test_loss": 5.083601864220585, "lr": 0.001, "dataset_size": 6121, "max_uncertainty": 4, "_timestamp": 1733600516.0371938, "_runtime": 265.7689368724823, "_step": 19, "_wandb": {"runtime": 265}}