{"train_error_energy": 2.023875488834283, "train_error_force": 3.298598588894415, "train_loss": 1.495751816034317, "valid_error_energy": 1.1215479146310487, "valid_error_force": 3.242265504965958, "valid_loss": 1.4800180792808533, "test_error_energy": 8.29021894103035, "test_error_force": 7.473619686298591, "test_loss": 4.004589446552137, "lr": 0.0001, "dataset_size": 1271, "max_uncertainty": 6, "_timestamp": 1732492634.1657932, "_runtime": 384.2418792247772, "_step": 19, "_wandb": {"runtime": 383}}