{"train_error_energy": 9.191261999989482, "train_error_force": 5.32803373921318, "train_loss": 2.397862183874932, "valid_error_energy": 7.003012330849289, "valid_error_force": 7.552884879952124, "valid_loss": 2.9958654642105103, "test_error_energy": 9.574874989228093, "test_error_force": 11.524505660819692, "test_loss": 4.496893073875866, "lr": 0.001, "dataset_size": 2198, "max_uncertainty": 8, "_timestamp": 1733647929.0518987, "_runtime": 230.63908982276917, "_step": 19, "_wandb": {"runtime": 230}}