Method,Energy R2 Score In Distribution,Forces R2 Score In Distribution,Energy Errors In Distribution,Force LosErrorsses In Distribution,Energy R2 Score Out Distribution,Force R2 Score Out Distribution,Energy Errors Out Distribution,Force Errors Out Distribution,Energy Correlation In Distribution Energies,Energy Correlation In Distribution Forces,Energy Correlation Out Distribution Energy,Energy Correlation Out Distribution Forces
MVE,0.9810698952539265,0.9931814414009138,0.10312381,0.3058883,-3.4678671212347876,-1.605842626989243,0.5881652,1.0127658,0.0706287363940481,0.1962197724457801,-0.21881910017517187,-0.3785746618279982
MVE,0.9658272282528114,0.9969627234890687,0.16191839,0.21418597,0.08155447802907534,0.9348439630932975,0.8050347,0.8156093,0.18503992659543347,0.46939834787418694,0.5392363877137799,0.8490756118607379
MVE,0.9878642408127651,0.9973028672817833,0.08863344,0.20519252,0.6337863387091491,0.9685543761841559,0.50735056,0.5735128,0.07767441953865956,0.3309166332186153,0.598812673146962,0.7685442613459064
MVE,0.97543331390409,0.9931354674061273,0.115546726,0.29281375,-43.78383457656932,-78.66379822294462,0.8295587,2.1484733,0.06560570651599897,0.10808571978963832,-0.11766471623070614,-0.12664956393325208
MVE,0.9883389665975028,0.9973680667658106,0.08333532,0.19410132,0.5529406862555027,0.9081877624538963,0.5101833,0.7355026,0.15263141400063562,0.42587906728636443,0.5221429447497877,0.5165037891650405
