{"train_error_energy": 1.8687407623463765, "train_error_force": 3.105594409149096, "train_loss": 1.4072062689581035, "valid_error_energy": 2.585588920676849, "valid_error_force": 2.755796547816612, "valid_loss": 1.418220043182373, "test_error_energy": 8.784119135263246, "test_error_force": 6.888651880047821, "test_loss": 3.7916985594165262, "lr": 0.0001, "dataset_size": 2562, "max_uncertainty": 4, "_timestamp": 1732598261.7227244, "_runtime": 430.9729874134064, "_step": 19, "_wandb": {"runtime": 430}}