Method,Energy R2 Score In Distribution,Forces R2 Score In Distribution,Energy Errors In Distribution,Force Errors In Distribution,Energy R2 Score Out Distribution,Force R2 Score Out Distribution,Energy Errors Out Distribution,Force Errors Out Distribution,Energy Correlation In Distribution Energies,Energy Correlation In Distribution Forces,Energy Correlation Out Distribution Energy,Energy Correlation Out Distribution Forces
MVE,0.9934798879634903,0.9981426931470633,0.96137166,2.3152213,0.6526994320062349,0.9560305518087525,6.6511703,9.214073,0.09761726007938634,0.34271893092176087,0.3947048982694091,0.4998091123439818
MVE,0.9943742773487331,0.9983781314351816,0.83887327,1.940851,0.21709365978831008,0.8638174764333065,10.154205,13.726098,0.2664363837472056,0.4817859958146955,0.381896118170785,0.47359014862097837
MVE,0.9948387795389237,0.9987558553026087,0.8695043,1.9363116,0.7378820175967469,0.9577549106616362,6.207848,8.843872,0.11717694542025228,0.4045856037965884,0.18941575300661648,0.3700927533298513
MVE,0.9941721180573401,0.9986426936348926,0.8480324,1.9547303,0.46562531188239686,0.9485085422573541,9.307478,9.71261,0.09092729061791195,0.22733783264445398,0.11585580281413642,0.25003125954535693
MVE,0.9953835204197348,0.9987014017817669,0.79298997,2.0127287,0.8510448441629639,0.977203396350471,4.619027,7.3663325,0.052367300190663116,0.1642054561169961,-0.022277448942386886,-0.10506942166184044
