{"train_error_energy": 1.2572388882180807, "train_error_force": 2.1731736784698747, "train_loss": 0.995564349271633, "valid_error_energy": 0.9860288003896458, "valid_error_force": 2.3219220429354097, "valid_loss": 1.1523401141166687, "test_error_energy": 12.406640161790865, "test_error_force": 10.376438280217089, "test_loss": 5.851402449982329, "lr": 0.0001, "dataset_size": 1700, "max_uncertainty": 4, "_timestamp": 1732375103.1271982, "_runtime": 414.4041702747345, "_step": 19, "_wandb": {"runtime": 414}}