{"train_error_energy": 2.609526205736317, "train_error_force": 3.272162164557111, "train_loss": 0.9131968583099146, "valid_error_energy": 2.7263267316913615, "valid_error_force": 3.2649096210919386, "valid_loss": 0.91948601603508, "test_error_energy": 9.366692795862157, "test_error_force": 10.547366218727788, "test_loss": 9.232814998526848, "lr": 0.0001, "dataset_size": 7773, "max_uncertainty": 4, "_timestamp": 1732986687.363207, "_runtime": 263.6032371520996, "_step": 19, "_wandb": {"runtime": 263}}