{"train_error_energy": 2.0483193869154173, "train_error_force": 2.299245014189003, "train_loss": -2.0418323335193453, "valid_error_energy": 3.0899397689282178, "valid_error_force": 2.5264641390315083, "valid_loss": -1.7253809571266174, "test_error_energy": 14.747636824274267, "test_error_force": 8.518333343175291, "test_loss": 5.496967031069451, "lr": 0.0001, "dataset_size": 1335, "max_uncertainty": 6, "_timestamp": 1733100444.2679884, "_runtime": 188.5302803516388, "_step": 19, "_wandb": {"runtime": 188}}