{"train_error_energy": 3.7907650645976325, "train_error_force": 3.382387286431769, "train_loss": 1.86064730841538, "valid_error_energy": 6.755063111446028, "valid_error_force": 3.02089529950094, "valid_loss": 1.9126741886138916, "test_error_energy": 10.965189515050861, "test_error_force": 8.39168045732837, "test_loss": 4.714989035541475, "lr": 0.0006, "dataset_size": 903, "_timestamp": 1732304325.7699327, "_runtime": 361.10196566581726, "_step": 19, "_wandb": {"runtime": 360}}