{"train_error_energy": 2.3495462687744957, "train_error_force": 3.2521318576277314, "train_loss": 1.5113517453795986, "valid_error_energy": 1.5849654381192257, "valid_error_force": 2.8869482294297875, "valid_loss": 1.4754259586334229, "test_error_energy": 8.1748471969165, "test_error_force": 7.725079129735065, "test_loss": 4.176676631597949, "lr": 0.0001, "dataset_size": 1214, "max_uncertainty": 6, "_timestamp": 1732473591.6544304, "_runtime": 379.0652184486389, "_step": 19, "_wandb": {"runtime": 378}}