{"train_loss": 0.5539962481707335, "train_uncertainty": 0.023770571977365762, "valid_loss": 0.5667550712823868, "valid_uncertainty": 0.026235362980514765, "in_interval": 1.4000000953674316, "_timestamp": 1723643452.0106492, "_runtime": 259.55298018455505, "_step": 44, "_wandb": {"runtime": 264}}