{"train_error_energy": 0.0, "train_error_force": 0.0, "train_loss": 0.0, "valid_error_energy": 0.0, "valid_error_force": 0.0, "valid_loss": 0.0, "test_error_energy": 12.436327326318684, "test_error_force": 10.724255287737051, "test_loss": 6.045500588042573, "lr": null, "dataset_size": 800, "max_uncertainty": 6, "_timestamp": 1732376701.1502566, "_runtime": 245.8855586051941, "_step": 0, "_wandb": {"runtime": 245}}