{"train_error_energy": 4.4921426296575495, "train_error_force": 4.432096899942022, "train_loss": 1.8537871467656102, "valid_error_energy": 3.6311970261059607, "valid_error_force": 4.401626592952885, "valid_loss": 1.6270484328269958, "test_error_energy": 9.654216855679477, "test_error_force": 9.756388022042989, "test_loss": 6.894235226496352, "lr": 0.0001, "dataset_size": 1849, "max_uncertainty": 6, "_timestamp": 1733263300.9447112, "_runtime": 230.53140020370483, "_step": 19, "_wandb": {"runtime": 230}}