{"train_error_energy": 4.45035239147968, "train_error_force": 4.429656303799153, "train_loss": 1.8492596308390299, "valid_error_energy": 4.820620230146307, "valid_error_force": 4.735383371761733, "valid_loss": 2.0544403195381165, "test_error_energy": 6.479037858863863, "test_error_force": 8.215950769437406, "test_loss": 4.169336098026855, "lr": 0.0001, "dataset_size": 1409, "max_uncertainty": 8, "_timestamp": 1733429638.4675372, "_runtime": 179.30771923065186, "_step": 19, "_wandb": {"runtime": 179}}