{"train_error_energy": 1.4134409160094228, "train_error_force": 1.8864298539385598, "train_loss": -2.5789381977799652, "valid_error_energy": 1.5050440819189541, "valid_error_force": 2.0182773694032417, "valid_loss": -2.394647240638733, "test_error_energy": 13.078097716927727, "test_error_force": 9.968242092578855, "test_loss": 8.549801129945285, "lr": 0.0001, "dataset_size": 2453, "max_uncertainty": 3, "_timestamp": 1732819423.8578448, "_runtime": 214.5641279220581, "_step": 19, "_wandb": {"runtime": 214}}