{"train_error_energy": 9.01585425226039, "train_error_force": 3.830229853799821, "train_loss": 1.8849538329945568, "valid_error_energy": 16.37793381253789, "valid_error_force": 4.055142802837901, "valid_loss": 2.4528854370117186, "test_error_energy": 13.407768574033346, "test_error_force": 11.6403253406435, "test_loss": 4.7921463831557025, "lr": 0.001, "dataset_size": 8281, "max_uncertainty": 4, "_timestamp": 1733614512.9366045, "_runtime": 282.1002674102783, "_step": 19, "_wandb": {"runtime": 281}}