{"train_loss_energy": 2.5649607799980045, "train_loss_force": 5.952737586124897, "train_loss_total": 1.8453360795974731, "valid_loss_energy": 5.3389262283206, "valid_loss_force": 6.242074844304578, "valid_loss_total": 3.017168862479074, "lr": 0.001, "_timestamp": 1731942311.702521, "_runtime": 2890.6650760173798, "_step": 5999, "_wandb": {"runtime": 2890}}