{"train_error_energy": 1.5881487367384095, "train_error_force": 2.7695562353366463, "train_loss": 1.264500539553793, "valid_error_energy": 1.4984634849820635, "valid_error_force": 2.726108961266644, "valid_loss": 1.3582767248153687, "test_error_energy": 11.228157164458901, "test_error_force": 9.747907643138381, "test_loss": 5.375692033018741, "lr": 0.0001, "dataset_size": 1209, "_timestamp": 1732225208.1534743, "_runtime": 339.32641530036926, "_step": 19, "_wandb": {"runtime": 338}}