{"train_error_energy": 11.38417202483461, "train_error_force": 4.579943599637458, "train_loss": 2.2942997760349706, "valid_error_energy": 13.79932222954869, "valid_error_force": 4.634175680220062, "valid_loss": 2.474069356918335, "test_error_energy": 12.962673982482823, "test_error_force": 11.684606847215088, "test_loss": 4.777177101654532, "lr": 0.001, "dataset_size": 7921, "max_uncertainty": 4, "_timestamp": 1733612165.7018175, "_runtime": 284.63175654411316, "_step": 19, "_wandb": {"runtime": 284}}