{"train_error_energy": 1.396470843259795, "train_error_force": 3.0391286713757086, "train_loss": 0.20837771081262166, "valid_error_energy": 0.9882716168062414, "valid_error_force": 3.372312413611613, "valid_loss": 0.12226178248723348, "test_error_energy": 11.967153689701926, "test_error_force": 19.114602183047882, "test_loss": 27.605049123314664, "lr": 0.0001, "dataset_size": 5750, "max_uncertainty": 3, "_timestamp": 1732934666.9220724, "_runtime": 277.8610534667969, "_step": 19, "_wandb": {"runtime": 277}}