{"train_error_energy": 0.0, "train_error_force": 0.0, "train_loss": 0.0, "valid_error_energy": 0.0, "valid_error_force": 0.0, "valid_loss": 0.0, "test_error_energy": 12.423674281505917, "test_error_force": 10.719209180536563, "test_loss": 6.042463412459608, "lr": null, "dataset_size": 800, "max_uncertainty": 5, "_timestamp": 1732355567.3169785, "_runtime": 248.28405046463013, "_step": 0, "_wandb": {"runtime": 247}}