{"train_loss_energy": 1.5372464948875904, "train_loss_force": 3.1148370500685565, "train_loss_total": 0.3123858237266541, "valid_loss_energy": 1.5557332245227482, "valid_loss_force": 3.631984750308522, "valid_loss_total": 0.5717551537922451, "lr": 0.0001, "_timestamp": 1731497339.763993, "_runtime": 2867.6236300468445, "_step": 5999, "_wandb": {"runtime": 2867}}