{"train_error_energy": 1.2102725276313178, "train_error_force": 1.6629763615610205, "train_loss": -2.9074256970332217, "valid_error_energy": 1.4923920767146235, "valid_error_force": 2.204392702997232, "valid_loss": -2.075183153152466, "test_error_energy": 11.927608544724963, "test_error_force": 12.497355651116726, "test_loss": 13.418125072698942, "lr": 0.0001, "dataset_size": 831, "max_uncertainty": 6, "_timestamp": 1733063516.1049879, "_runtime": 167.6383728981018, "_step": 19, "_wandb": {"runtime": 167}}