{"train_error_energy": 2.2367662663296404, "train_error_force": 1.8370170161098751, "train_loss": -2.5903921708828066, "valid_error_energy": 1.0849153609205224, "valid_error_force": 2.178328054786082, "valid_loss": -2.198951542377472, "test_error_energy": 14.401803344179775, "test_error_force": 9.21720873082215, "test_loss": 7.85873702184068, "lr": 0.0001, "dataset_size": 2605, "max_uncertainty": 5, "_timestamp": 1733078003.4006698, "_runtime": 221.0498297214508, "_step": 19, "_wandb": {"runtime": 220}}