Method,Energy R2 Score In Distribution,Forces R2 Score In Distribution,Energy Losses In Distribution,Forces Losses In Distribution,Energy R2 Score Out Distribution,Forces R2 Score Out Distribution,Energy Losses Out Distribution,Forces Losses Out Distribution,Force Correlation In Distribution Energy,Force Correlation In Distribution Forces,Force Correlation Out Distribution Energy,Force Correlation Out Distribution Forces
ModelEnsemble,0.9612746732701606,0.9851604246273916,2.267706,6.868653,-0.48535401272418244,0.8744390375943626,16.691021,19.281069,0.20086625122016746,0.8500305656320513,0.5805360809602808,0.8939591811453731
ModelEnsemble,0.9576044244748853,0.9843319596197185,2.3920164,6.9404173,0.5106048856159257,0.8954004906223106,9.015583,16.240011,0.14402491235409592,0.7644574437180878,0.40078126174416273,0.9346401887733914
ModelEnsemble,0.9218668842141877,0.972226728702602,3.144483,9.893157,-0.4268772129428331,0.8550958421556043,15.7880125,21.405685,0.3343767027511768,0.8851887904352868,0.541219955694423,0.7720279248356055
ModelEnsemble,0.8930834311759959,0.9781232352722191,3.8496945,8.391382,0.16395363161714138,0.8599915297635725,12.228715,20.888142,0.3389445590232036,0.8753150665900816,0.6079053854849115,0.8901668773220929
ModelEnsemble,0.8696613491859213,0.9884706952270448,4.751707,5.8792667,0.3447941652494634,0.8942874311734891,9.829234,16.862926,0.21759602286622168,0.8452229137312572,0.47530946029915894,0.9097408387038377
