{"train_error_energy": 1.3407735474433786, "train_error_force": 2.0651673676580673, "train_loss": -2.3582591745588513, "valid_error_energy": 3.7290917347599453, "valid_error_force": 2.3865407404182273, "valid_loss": -1.8027756214141846, "test_error_energy": 15.367024428396547, "test_error_force": 8.636210341347395, "test_loss": 6.441226380033643, "lr": 0.0001, "dataset_size": 3138, "max_uncertainty": 4, "_timestamp": 1732831197.5676954, "_runtime": 256.78666734695435, "_step": 19, "_wandb": {"runtime": 256}}