{"train_error_energy": 3.177622178385014, "train_error_force": 4.508145512901713, "train_loss": 1.5318023219423473, "valid_error_energy": 3.2985297303166132, "valid_error_force": 4.57427949843018, "valid_loss": 1.625992973645528, "test_error_energy": 7.339442257418229, "test_error_force": 8.326744613113654, "test_loss": 5.4754104714119, "lr": 0.0001, "dataset_size": 3378, "max_uncertainty": 6, "_timestamp": 1733352902.1659496, "_runtime": 250.15612769126892, "_step": 19, "_wandb": {"runtime": 249}}