{"train_error_energy": 2.0999919462757424, "train_error_force": 1.8592414917377764, "train_loss": -2.569274089351204, "valid_error_energy": 2.867504833830422, "valid_error_force": 1.9446092864953464, "valid_loss": -2.402794440587362, "test_error_energy": 6.317224570571236, "test_error_force": 5.549978563376898, "test_loss": 2.617022013789072, "lr": 0.0001, "dataset_size": 5125, "max_uncertainty": 4, "_timestamp": 1732944535.5137637, "_runtime": 270.37605476379395, "_step": 19, "_wandb": {"runtime": 270}}