{"train_error_energy": 13.777316291147406, "train_error_force": 4.7597454519207725, "train_error_total": 2.5146128024373735, "valid_error_energy": 23.88652979936498, "valid_error_force": 4.51722127201667, "valid_error_total": 3.109978437423706, "test_error_energy": 24.752693564523945, "test_error_force": 13.387543882919225, "test_error_total": 6.135980893180008, "lr": 0.001, "dataset_size": 890, "_timestamp": 1732185034.551674, "_runtime": 178.14252400398254, "_step": 19, "_wandb": {"runtime": 177}}