{"train_error_energy": 1.7477272164070938, "train_error_force": 2.9913931395907283, "train_loss": 1.3614799789353913, "valid_error_energy": 2.3634732189112646, "valid_error_force": 2.6725214046076626, "valid_loss": 1.3559735417366028, "test_error_energy": 12.22843522305181, "test_error_force": 8.954483891042576, "test_loss": 5.012529061102742, "lr": 0.0001, "dataset_size": 1618, "_timestamp": 1732259813.9867415, "_runtime": 359.9976556301117, "_step": 19, "_wandb": {"runtime": 359}}