{"train_error_energy": 8.607468733331547, "train_error_force": 4.799141696355181, "train_loss": 2.1818254057285005, "valid_error_energy": 3.4478314337950327, "valid_error_force": 3.6638630351518593, "valid_loss": 1.4566712975502014, "test_error_energy": 10.778756207584875, "test_error_force": 11.401041042737116, "test_loss": 4.536145929266645, "lr": 0.001, "dataset_size": 3601, "max_uncertainty": 4, "_timestamp": 1733585258.6648045, "_runtime": 236.39902544021606, "_step": 19, "_wandb": {"runtime": 236}}