{"train_error_energy": 1.0338531258881938, "train_error_force": 2.197956496469827, "train_loss": 0.9775516374691112, "valid_error_energy": 1.4897701475213239, "valid_error_force": 2.4493071646106435, "valid_loss": 1.216688871383667, "test_error_energy": 12.848405474219902, "test_error_force": 10.454551236817904, "test_loss": 5.895207524923754, "lr": 0.0001, "dataset_size": 1160, "max_uncertainty": 4, "_timestamp": 1732373181.0954616, "_runtime": 380.8913035392761, "_step": 19, "_wandb": {"runtime": 380}}