{"train_error_energy": 2.179266532073448, "train_error_force": 2.320650096335102, "train_loss": -4.621979706627982, "valid_error_energy": 1.125551116203825, "valid_error_force": 2.5194339174217033, "valid_loss": -4.026179790496826, "test_error_energy": 14.714630369259739, "test_error_force": 10.000258642177082, "test_loss": 66.46752524251089, "lr": 0.0001, "dataset_size": 1113, "max_uncertainty": 4, "_timestamp": 1733717331.2392962, "_runtime": 207.86432814598083, "_step": 19, "_wandb": {"runtime": 207}}