{"train_loss_energy": 3.6577113784214856, "train_loss_force": 2.64310493669641, "train_loss_total": 0.9904047846794128, "valid_loss_energy": 3.239373400614517, "valid_loss_force": 3.564018212706276, "valid_loss_total": 1.210180742400033, "lr": 0.0006, "_timestamp": 1731961975.8917809, "_runtime": 2748.369295835495, "_step": 5999, "_wandb": {"runtime": 2748}}