{"train_error_energy": 1.9484448113381487, "train_error_force": 3.1473030576637955, "train_loss": 1.4247618750350115, "valid_error_energy": 1.5786224291610402, "valid_error_force": 2.7860842277148556, "valid_loss": 1.403887391090393, "test_error_energy": 8.790869838895201, "test_error_force": 7.409091347605448, "test_loss": 4.015687948746207, "lr": 0.0001, "dataset_size": 2311, "max_uncertainty": 4, "_timestamp": 1732546349.5752807, "_runtime": 422.90233063697815, "_step": 19, "_wandb": {"runtime": 422}}