{"train_error_energy": 1.8362727117765947, "train_error_force": 2.389050750532055, "train_loss": 1.1140107307583094, "valid_error_energy": 1.4599524108555608, "valid_error_force": 2.530575613476492, "valid_loss": 1.4208030700683594, "test_error_energy": 11.812410067517627, "test_error_force": 10.493672191242842, "test_loss": 5.89062659777896, "lr": 0.0001, "dataset_size": 996, "max_uncertainty": 8, "_timestamp": 1732373493.109264, "_runtime": 353.2402329444885, "_step": 19, "_wandb": {"runtime": 353}}