{"train_error_energy": 2.685057996345129, "train_error_force": 3.4380116586710057, "train_loss": 0.9920004877177152, "valid_error_energy": 3.575647346044588, "valid_error_force": 3.523760313653057, "valid_loss": 1.3800952037175496, "test_error_energy": 10.282675856246776, "test_error_force": 11.756841203129792, "test_loss": 11.12661108546232, "lr": 0.0001, "dataset_size": 5612, "max_uncertainty": 4, "_timestamp": 1732950952.689732, "_runtime": 292.75242710113525, "_step": 19, "_wandb": {"runtime": 292}}