{"train_error_energy": 5.821543730513549, "train_error_force": 3.14980292970846, "train_loss": 1.8560878656528614, "valid_error_energy": 1.755191546798101, "valid_error_force": 3.365040484643903, "valid_loss": 1.995634913444519, "test_error_energy": 10.84688737502818, "test_error_force": 9.844686327038133, "test_loss": 5.455765754140485, "lr": 0.0006, "dataset_size": 859, "_timestamp": 1732303285.0557714, "_runtime": 448.5316972732544, "_step": 24, "_wandb": {"runtime": 448}}