{"train_error_energy": 1.6561561979486683, "train_error_force": 2.1110583029856778, "train_loss": -2.2806736060551236, "valid_error_energy": 1.1581384117066378, "valid_error_force": 2.4572780520274207, "valid_loss": -1.908665418624878, "test_error_energy": 13.241612843352346, "test_error_force": 9.966814496564922, "test_loss": 7.541885183743782, "lr": 0.0001, "dataset_size": 1104, "max_uncertainty": 6, "_timestamp": 1733072379.031208, "_runtime": 195.21311593055725, "_step": 19, "_wandb": {"runtime": 194}}