{"train_error_energy": 2.2455381522376623, "train_error_force": 2.223867564887123, "train_loss": -4.9491490217355585, "valid_error_energy": 4.651944344061381, "valid_error_force": 2.4903704724877707, "valid_loss": 4.22773814201355, "test_error_energy": 19.702136627761142, "test_error_force": 10.498774835421871, "test_loss": 95.98380507224518, "lr": 0.0001, "dataset_size": 1636, "max_uncertainty": 4, "_timestamp": 1733734804.1250622, "_runtime": 229.00284028053284, "_step": 19, "_wandb": {"runtime": 228}}