{"train_error_energy": 7.282419456552406, "train_error_force": 5.105326326463184, "train_loss": 1.2543165735576465, "valid_error_energy": 14.116207589839735, "valid_error_force": 8.216298653254999, "valid_loss": 3.3056843280792236, "test_error_energy": 15.676652935936609, "test_error_force": 14.172632893389927, "test_loss": 3.9736364823985473, "lr": 0.001, "dataset_size": 2179, "_timestamp": 1732211035.0754116, "_runtime": 201.5625195503235, "_step": 19, "_wandb": {"runtime": 201}}