{"train_error_energy": 2.9614214418427625, "train_error_force": 4.334932916925231, "train_loss": 1.4251158946269267, "valid_error_energy": 2.2434695794235373, "valid_error_force": 4.452268236811243, "valid_loss": 1.2328987121582031, "test_error_energy": 7.565134089203898, "test_error_force": 9.412197919520322, "test_loss": 6.4467629837116025, "lr": 0.0001, "dataset_size": 1157, "max_uncertainty": 8, "_timestamp": 1733281197.9210055, "_runtime": 209.215562582016, "_step": 19, "_wandb": {"runtime": 208}}