{"train_error_energy": 9.151683414494864, "train_error_force": 3.9225770937344526, "train_loss": 1.924943282843777, "valid_error_energy": 13.264052991043236, "valid_error_force": 3.8904220997244323, "valid_loss": 2.1893864274024963, "test_error_energy": 17.752041340092358, "test_error_force": 11.726678911608463, "test_loss": 5.111762054303553, "lr": 0.001, "dataset_size": 6661, "max_uncertainty": 4, "_timestamp": 1733603918.9583318, "_runtime": 272.01971793174744, "_step": 19, "_wandb": {"runtime": 271}}