{"train_error_energy": 8.385604454613349, "train_error_force": 4.8360274293403895, "train_loss": 2.179320183704639, "valid_error_energy": 3.018729574853817, "valid_error_force": 4.8815944794508095, "valid_loss": 1.835412359237671, "test_error_energy": 9.623100537619512, "test_error_force": 13.752305956485552, "test_loss": 5.245549419163409, "lr": 0.001, "dataset_size": 9270, "max_uncertainty": 4, "_timestamp": 1733622675.7485068, "_runtime": 297.0933187007904, "_step": 19, "_wandb": {"runtime": 296}}