Method,Energy R2 Score In Distribution,Forces R2 Score In Distribution,Energy Errors In Distribution,Force Errors In Distribution,Energy R2 Score Out Distribution,Force R2 Score Out Distribution,Energy Errors Out Distribution,Force Errors Out Distribution,Energy Correlation In Distribution Energies,Energy Correlation In Distribution Forces,Energy Correlation Out Distribution Energy,Energy Correlation Out Distribution Forces,Force Correlation In Distribution Energy,Force Correlation In Distribution Forces,Force Correlation Out Distribution Energy,Force Correlation Out Distribution Forces
SWAG,0.976108644947693,0.9960189158385694,1.9048029,3.7113261,0.7049235660119897,0.974324588089826,7.567505,8.116137,0.03511174958715302,0.05262820960787207,-0.008311201742398897,-0.0454867884074613,-0.026358567515801255,0.2778612319280228,0.15167544194121982,0.33011456499248826
SWAG,0.9466387922331692,0.9953723329145352,3.0621774,4.152139,0.6545874611493216,0.9565184111022013,8.20606,9.941312,0.0646792270332947,-0.05685908846648476,-0.0074098109200021,0.034399732726151766,-0.08505150274932927,0.253670452179886,0.38751081250802094,0.7588159418080113
SWAG,0.9294094158451716,0.9946039667038771,3.5981262,4.4677525,-0.16981437805538935,0.924055396342165,12.875664,13.223758,0.06503336617487238,-0.052567715763013466,-0.0624397327992359,-0.11909295340838963,-0.0025016050241230704,0.2413560851269831,0.6618192773790642,0.7509896158767747
SWAG,0.7529933518656788,0.9945081104439429,7.0873322,4.4283032,-0.01312753668890676,0.9612439991087989,15.328417,9.859283,0.029852860971645696,-0.022123143103636108,0.04575516152033392,0.051602200536098174,-0.020585020675222606,0.2571309375121484,0.31194363721043805,0.6640534874843224
