{"train_error_energy": 1.4230690229183696, "train_error_force": 3.1444683056577176, "train_loss": 0.2652946080721862, "valid_error_energy": 1.2276876349762096, "valid_error_force": 3.3819873137791263, "valid_loss": 0.30221198002497357, "test_error_energy": 12.576705934694989, "test_error_force": 19.57352656639124, "test_loss": 27.474694276979456, "lr": 0.0001, "dataset_size": 4490, "max_uncertainty": 3, "_timestamp": 1732928264.249488, "_runtime": 278.98349809646606, "_step": 19, "_wandb": {"runtime": 278}}