{"train_error_energy": 1.5155827263068142, "train_error_force": 3.2347678902155583, "train_loss": 0.3564772123382205, "valid_error_energy": 1.6163129674847991, "valid_error_force": 3.8745408908985706, "valid_loss": 0.6422061026096344, "test_error_energy": 10.34933619955086, "test_error_force": 12.38466939016733, "test_loss": 12.198535819328269, "lr": 0.0001, "dataset_size": 1340, "max_uncertainty": 3, "_timestamp": 1732913514.4996514, "_runtime": 188.0618815422058, "_step": 19, "_wandb": {"runtime": 187}}