{"train_error_energy": 0.9603691137945954, "train_error_force": 2.870820987102615, "train_loss": -0.12879737147263118, "valid_error_energy": 1.3397874475716085, "valid_error_force": 3.5726485122102813, "valid_loss": 0.5378302335739136, "test_error_energy": 14.234458681503455, "test_error_force": 12.047097383056665, "test_loss": 21.174093126626538, "lr": 0.0001, "dataset_size": 890, "max_uncertainty": 3, "_timestamp": 1732912849.6298032, "_runtime": 195.69201707839966, "_step": 19, "_wandb": {"runtime": 195}}