{"train_error_energy": 1.4133053457527458, "train_error_force": 2.842794474128186, "train_loss": 0.14411448955535888, "valid_error_energy": 1.8898296906568106, "valid_error_force": 3.4191417107837543, "valid_loss": 0.8098185658454895, "test_error_energy": 0.0, "test_error_force": 0.0, "test_loss": 0.0, "lr": 0.0001, "_timestamp": 1732879221.9934397, "_runtime": 2755.478068590164, "_step": 5999, "_wandb": {"runtime": 2755}}