{"train_error_energy": 0.0, "train_error_force": 0.0, "train_loss": 0.0, "valid_error_energy": 0.0, "valid_error_force": 0.0, "valid_loss": 0.0, "test_error_energy": 19.990273962707015, "test_error_force": 14.350190687974116, "test_loss": 6.139381418677525, "lr": null, "dataset_size": 800, "max_uncertainty": 8, "_timestamp": 1733517109.4449003, "_runtime": 165.81532621383667, "_step": 0, "_wandb": {"runtime": 165}}