{"train_error_energy": 7.605242428205748, "train_error_force": 3.865597687105259, "train_loss": 1.8023889781209468, "valid_error_energy": 10.903712971951236, "valid_error_force": 3.0726282893773185, "valid_loss": 1.7577946424484252, "test_error_energy": 19.199399704715276, "test_error_force": 11.911759724350471, "test_loss": 5.270548827985194, "lr": 0.001, "dataset_size": 9810, "max_uncertainty": 4, "_timestamp": 1733626423.381535, "_runtime": 330.422739982605, "_step": 19, "_wandb": {"runtime": 330}}