{"train_loss_energy": 2.6423244042446314, "train_loss_force": 2.566613362083256, "train_loss_total": 0.6009442400932312, "valid_loss_energy": 3.7829553676818093, "valid_loss_force": 3.2547295192778107, "valid_loss_total": 0.48263674548694063, "lr": 0.0006, "_timestamp": 1731693599.978495, "_runtime": 1726.374154806137, "_step": 3999, "_wandb": {"runtime": 1725}}