{"train_loss_energy": 1.9267326024904847, "train_loss_force": 1.7195190211595592, "train_loss_total": 0.7042934703826904, "valid_loss_energy": 1.2554452634094015, "valid_loss_force": 2.492505847907066, "valid_loss_total": 0.918013972895486, "lr": 0.0001, "_timestamp": 1731506044.4456015, "_runtime": 2613.196492433548, "_step": 5999, "_wandb": {"runtime": 2612}}