{"train_error_energy": 10.998628793433943, "train_error_force": 5.0533704462494, "train_loss": 2.426909104773873, "valid_error_energy": 13.403078030987272, "valid_error_force": 4.806723003410662, "valid_loss": 2.5052874088287354, "test_error_energy": 17.199017087597394, "test_error_force": 11.690863756951092, "test_loss": 5.062769467918036, "lr": 0.001, "dataset_size": 2431, "max_uncertainty": 4, "_timestamp": 1733578510.8205895, "_runtime": 212.0964846611023, "_step": 19, "_wandb": {"runtime": 211}}