{"train_error_energy": 2.2636739737349663, "train_error_force": 3.5359837716747107, "train_loss": 1.6009445041418076, "valid_error_energy": 1.662878875296094, "valid_error_force": 3.0383395343966417, "valid_loss": 1.5073353052139282, "test_error_energy": 7.127324103606908, "test_error_force": 6.533076673782884, "test_loss": 3.506211054886823, "lr": 0.0001, "dataset_size": 1255, "max_uncertainty": 8, "_timestamp": 1732572040.535026, "_runtime": 382.5993540287018, "_step": 19, "_wandb": {"runtime": 382}}