{"train_error_energy": 13.75196241080253, "train_error_force": 6.489705799984863, "train_loss": 3.0917663209292354, "valid_error_energy": 10.163277139463016, "valid_error_force": 4.810177269871439, "valid_loss": 2.2896335124969482, "test_error_energy": 12.0668668218558, "test_error_force": 10.623527362518036, "test_loss": 4.362188558928005, "lr": 0.001, "dataset_size": 1538, "max_uncertainty": 6, "_timestamp": 1733556732.8433623, "_runtime": 213.06846928596497, "_step": 19, "_wandb": {"runtime": 212}}