{"train_error_energy": 8.272451273234534, "train_error_force": 6.463219248557417, "train_loss": 2.7162114568054676, "valid_error_energy": 34.10777929630859, "valid_error_force": 6.396751937908285, "valid_loss": 4.4228880405426025, "test_error_energy": 27.75087923187449, "test_error_force": 10.890388681555034, "test_loss": 5.501065286666311, "lr": 0.001, "dataset_size": 2017, "max_uncertainty": 8, "_timestamp": 1733626357.2426379, "_runtime": 222.60940384864807, "_step": 19, "_wandb": {"runtime": 222}}