{"train_error_energy": 10.650869978291547, "train_error_force": 4.8349517269058335, "train_loss": 2.330553272837087, "valid_error_energy": 5.919664232279109, "valid_error_force": 4.522725653304005, "valid_loss": 1.9094660997390747, "test_error_energy": 12.918247570758552, "test_error_force": 13.188585839364036, "test_loss": 5.277440233380383, "lr": 0.001, "dataset_size": 9720, "max_uncertainty": 4, "_timestamp": 1733625788.0898395, "_runtime": 304.3656795024872, "_step": 19, "_wandb": {"runtime": 304}}