{"train_error_energy": 10.938915658524552, "train_error_force": 4.175077058619758, "train_loss": 2.129033288359642, "valid_error_energy": 14.790504985657266, "valid_error_force": 4.996144751152534, "valid_loss": 2.661515951156616, "test_error_energy": 12.79518598616172, "test_error_force": 11.062531866657716, "test_loss": 4.5578204349697575, "lr": 0.001, "dataset_size": 1272, "max_uncertainty": 6, "_timestamp": 1733551361.304383, "_runtime": 201.64937806129456, "_step": 19, "_wandb": {"runtime": 201}}