{"train_error_energy": 3.1638471486017012, "train_error_force": 4.386926802995561, "train_loss": 1.4788257756403513, "valid_error_energy": 2.4786189598653343, "valid_error_force": 4.311625505522041, "valid_loss": 1.2451858917872112, "test_error_energy": 6.172827917275385, "test_error_force": 8.002745757032551, "test_loss": 4.678490141923515, "lr": 0.0001, "dataset_size": 3571, "max_uncertainty": 6, "_timestamp": 1733376480.1329577, "_runtime": 238.26665377616882, "_step": 19, "_wandb": {"runtime": 237}}