Method,Energy R2 Score
MVE,0.9596031682850757
MVE,0.9152672030750036
MVE,0.948680284472082
MVE,0.9698194533302721

