Method,Correlation Coefficient
SWAG,-0.00769675295779772
SWAG,-0.018136291108424924
SWAG,0.0899651889519838
SWAG,0.02956837624351945
SWAG,-0.007729562274552469
