Method,Energy R2 Score
SWAG,0.9526185995069554
SWAG,0.950404694821582
SWAG,0.9490302948633769
SWAG,0.8737327328073862
SWAG,0.9654009740307055
