Method,Correlation Coefficient
SWAG,-0.07757619457586366
SWAG,0.013287830096566505
SWAG,-0.03138007703641154
SWAG,0.06586738904977595
SWAG,-0.04504993438438156
