Method,Correlation Coefficient
SWAG,0.033045244100887626
SWAG,0.015621354064572875
SWAG,0.035354604119201875
SWAG,-0.015233355055270048
SWAG,0.001663838468251709
