Method,Energy R2 Score
SWAG,0.9626085423298705
SWAG,0.9383651338999831
SWAG,0.9784283868682552
SWAG,0.9435233232164191
SWAG,0.9521240328998972
