{"train_error_energy": 2.41755807211681, "train_error_force": 2.2962196074429526, "train_loss": -4.611529867989677, "valid_error_energy": 1.7822791370656434, "valid_error_force": 2.4405533724767845, "valid_loss": -4.11039924621582, "test_error_energy": 13.72445938211282, "test_error_force": 10.1177852920155, "test_loss": 70.30147904001605, "lr": 0.0001, "dataset_size": 1091, "max_uncertainty": 4, "_timestamp": 1733714968.694205, "_runtime": 196.17293214797974, "_step": 19, "_wandb": {"runtime": 195}}