{"train_error_energy": 4.44555845589524, "train_error_force": 4.983792472226181, "train_loss": 2.112517076068454, "valid_error_energy": 4.261806178819596, "valid_error_force": 4.8180524095554675, "valid_loss": 1.9236450791358948, "test_error_energy": 8.181596130853357, "test_error_force": 8.113356559676001, "test_loss": 4.962019538380089, "lr": 0.0001, "dataset_size": 1436, "max_uncertainty": 8, "_timestamp": 1733487229.2084708, "_runtime": 182.8164827823639, "_step": 19, "_wandb": {"runtime": 182}}