{"train_error_energy": 8.849173884912437, "train_error_force": 5.831379374200924, "train_loss": 2.543390491913105, "valid_error_energy": 6.4119070226492765, "valid_error_force": 4.9070617286103495, "valid_loss": 2.0710073709487915, "test_error_energy": 13.289897614741744, "test_error_force": 10.07955772817308, "test_loss": 4.262020575438495, "lr": 0.001, "dataset_size": 1839, "max_uncertainty": 8, "_timestamp": 1733612727.745571, "_runtime": 222.93915486335754, "_step": 19, "_wandb": {"runtime": 222}}