{"train_loss_energy": 0.7609917163848877, "train_loss_force": 0.7223480606079101, "train_loss_total": 7.984472370147705, "valid_loss_energy": 0.8314807500158038, "valid_loss_force": 0.7304032530103411, "valid_loss_total": 8.135513237544469, "lr": 0.001, "_timestamp": 1728902316.774753, "_runtime": 550.9763259887695, "_step": 48}