{"train_error_energy": 4.136651036421958, "train_error_force": 3.599735949762259, "train_loss": 1.489313815019827, "valid_error_energy": 2.144960415261365, "valid_error_force": 3.656349287491672, "valid_loss": 1.0246704816818237, "test_error_energy": 10.185406707996005, "test_error_force": 11.917891337808324, "test_loss": 9.124174038153043, "lr": 0.0001, "dataset_size": 3585, "max_uncertainty": 4, "_timestamp": 1733232205.8773642, "_runtime": 255.28700613975525, "_step": 19, "_wandb": {"runtime": 255}}