{"train_error_energy": 9.60959965143021, "train_error_force": 3.4958184697981984, "train_loss": 1.8127925395965576, "valid_error_energy": 2.5441917204154034, "valid_error_force": 5.692555642521301, "valid_loss": 2.075006127357483, "test_error_energy": 10.931076550599215, "test_error_force": 12.212532766226708, "test_loss": 4.817867001937946, "lr": 0.001, "dataset_size": 2701, "max_uncertainty": 4, "_timestamp": 1733580006.6467223, "_runtime": 233.06259441375732, "_step": 19, "_wandb": {"runtime": 232}}