{"train_error_energy": 18.027105479239697, "train_error_force": 8.53768664060264, "train_loss": 4.063122556759761, "valid_error_energy": 10.663194311015243, "valid_error_force": 10.383262676844081, "valid_loss": 4.187860488891602, "test_error_energy": 12.028482214477732, "test_error_force": 14.881897286595727, "test_loss": 5.784483954544466, "lr": 0.001, "dataset_size": 801, "max_uncertainty": 8, "_timestamp": 1733525172.4152348, "_runtime": 175.38331389427185, "_step": 19, "_wandb": {"runtime": 175}}