{"train_error_energy": 2.690437445871816, "train_error_force": 3.4744412516729635, "train_loss": 1.0135376155376434, "valid_error_energy": 3.6012437581533763, "valid_error_force": 3.5157851955225077, "valid_loss": 1.4098196029663086, "test_error_energy": 10.82517201307567, "test_error_force": 12.03148337953753, "test_loss": 11.584239605209591, "lr": 0.0001, "dataset_size": 5179, "max_uncertainty": 4, "_timestamp": 1732946080.8801644, "_runtime": 275.80847930908203, "_step": 19, "_wandb": {"runtime": 275}}