{"train_error_energy": 2.5203367570319304, "train_error_force": 3.1642592902643294, "train_loss": 0.8339197936624584, "valid_error_energy": 2.5788875813955796, "valid_error_force": 3.448354260949671, "valid_loss": 0.9466332495212555, "test_error_energy": 10.769519149958505, "test_error_force": 14.809124253213778, "test_loss": 15.838902658192898, "lr": 0.0001, "dataset_size": 3230, "max_uncertainty": 3, "_timestamp": 1732922099.8699903, "_runtime": 264.9392902851105, "_step": 19, "_wandb": {"runtime": 264}}