{"train_error_energy": 1.6158923505288039, "train_error_force": 3.0380817948602306, "train_loss": 1.3650127085772428, "valid_error_energy": 1.3589383858035604, "valid_error_force": 2.7839084161554224, "valid_loss": 1.3656983971595764, "test_error_energy": 10.9263981109619, "test_error_force": 8.705161490835097, "test_loss": 4.816857415344079, "lr": 0.0001, "dataset_size": 1737, "_timestamp": 1732272658.8079276, "_runtime": 364.3336455821991, "_step": 19, "_wandb": {"runtime": 363}}