Method,Energy R2 Score In Distribution,Forces R2 Score In Distribution,Energy Errors In Distribution,Force LosErrorsses In Distribution,Energy R2 Score Out Distribution,Force R2 Score Out Distribution,Energy Errors Out Distribution,Force Errors Out Distribution,Energy Correlation In Distribution Energies,Energy Correlation In Distribution Forces,Energy Correlation Out Distribution Energy,Energy Correlation Out Distribution Forces
ModelEnsemble,0.9926068569789491,0.9977918788669186,0.068235435,0.17245473,0.18464744040128633,0.9466952831057411,0.83192253,0.71753466,0.39932726551994685,0.5003510980911564,0.2938735745279157,0.5774747691385506
ModelEnsemble,0.737295224936381,0.9964328908648157,0.5367176,0.22409508,0.43899756158582415,0.9652016981496896,0.8014378,0.6073895,-0.15843932128835456,0.024915507101728757,0.19985774106010365,0.576731202677125
