{"train_error_energy": 4.346837974277262, "train_error_force": 4.125240381383897, "train_loss": 1.7989658692787434, "valid_error_energy": 2.3512076003424056, "valid_error_force": 4.288527144338368, "valid_loss": 1.3262935876846313, "test_error_energy": 9.359366206865253, "test_error_force": 10.699834642553208, "test_loss": 7.222734174179157, "lr": 0.0001, "dataset_size": 916, "max_uncertainty": 8, "_timestamp": 1733223119.7733357, "_runtime": 203.82629680633545, "_step": 19, "_wandb": {"runtime": 203}}