{"train_error_energy": 1.8938859236453174, "train_error_force": 1.4664570062746405, "train_loss": -7.42796371459961, "valid_error_energy": 1.533583808047324, "valid_error_force": 1.8917652933641202, "valid_loss": -4.790169375283377, "test_error_energy": 0.0, "test_error_force": 0.0, "test_loss": 0.0, "lr": 0.0001, "_timestamp": 1733410108.5733953, "_runtime": 1778.1206822395325, "_step": 3999, "_wandb": {"runtime": 1777}}