{"train_error_energy": 2.607595176986051, "train_error_force": 3.2742407720542737, "train_loss": 0.9026772122383118, "valid_error_energy": 2.7493769963395143, "valid_error_force": 3.2723586276979475, "valid_loss": 0.9405273497104645, "test_error_energy": 10.40858329708864, "test_error_force": 12.066809524771068, "test_loss": 12.997385664135997, "lr": 0.0001, "dataset_size": 7995, "max_uncertainty": 4, "_timestamp": 1733307995.4480128, "_runtime": 308.2746639251709, "_step": 19, "_wandb": {"runtime": 308}}