Method,Energy R2 Score In Distribution,Forces R2 Score In Distribution,Energy Losses In Distribution,Forces Losses In Distribution,Energy R2 Score Out Distribution,Forces R2 Score Out Distribution,Energy Losses Out Distribution,Forces Losses Out Distribution,Force Correlation In Distribution Energy,Force Correlation In Distribution Forces,Force Correlation Out Distribution Energy,Force Correlation Out Distribution Forces
ModelEnsemble,0.35357850421458814,0.9958491546782465,0.5925617,0.034707014,0.2811858798291914,0.9206294849869376,0.7510639,0.16072112,0.06273548564010843,0.9753645362757316,0.13824180203630412,0.949855974858999
ModelEnsemble,0.353431392658745,0.9957565341984941,0.5931403,0.04046767,0.3287678453559034,0.9356201097676727,0.7258867,0.14481418,0.11773919712505733,0.9262842376172727,0.1213430232091707,0.9387438598017211
ModelEnsemble,0.3594647092311011,0.9967898436223268,0.5922042,0.033391144,0.32784955581867004,0.943529987369271,0.7285037,0.13061906,0.0762542675651653,0.9597373109239112,0.11152363202719175,0.9541696761571823
ModelEnsemble,0.36041026916448715,0.9974769768269548,0.5936591,0.031522788,0.24890762965906632,0.940868868018578,0.7641664,0.13629186,0.07773909069023409,0.9061190841104286,0.24124024530980545,0.9247296470312809
ModelEnsemble,0.3573779077307231,0.9966921249755224,0.591904,0.034471918,0.25405328158501883,0.867224874480097,0.762241,0.16456406,0.0894202689107848,0.9534828107264096,0.11030042347570727,0.9837237354302845
