{"train_error_energy": 2.6751647143210704, "train_error_force": 3.5246542225078006, "train_loss": 1.0384070861798067, "valid_error_energy": 2.2937550639829825, "valid_error_force": 3.651985306235206, "valid_loss": 0.949779212474823, "test_error_energy": 10.840529585676805, "test_error_force": 13.493446606447005, "test_loss": 11.209910437698763, "lr": 0.0001, "dataset_size": 3307, "max_uncertainty": 4, "_timestamp": 1732929304.176231, "_runtime": 250.37469792366028, "_step": 19, "_wandb": {"runtime": 249}}