{"train_error_energy": 1.491266597504649, "train_error_force": 2.4205060318830833, "train_error_total": 1.0970818208796638, "valid_error_energy": 1.349819805941385, "valid_error_force": 2.580760562916551, "valid_error_total": 1.2947055101394653, "test_error_energy": 12.025663120499265, "test_error_force": 10.085559130310266, "test_error_total": 5.669728576200795, "lr": 0.0001, "dataset_size": 894, "_timestamp": 1732132051.111895, "_runtime": 313.323233127594, "_step": 19, "_wandb": {"runtime": 312}}