{"train_error_energy": 7.626253286072695, "train_error_force": 4.098265267460612, "train_loss": 1.8816463563085017, "valid_error_energy": 8.732250942546752, "valid_error_force": 3.3068918622673946, "valid_loss": 1.69086434841156, "test_error_energy": 14.076650777465847, "test_error_force": 11.414975332810391, "test_loss": 4.761505568838868, "lr": 0.001, "dataset_size": 9181, "max_uncertainty": 4, "_timestamp": 1733620752.487361, "_runtime": 294.3498959541321, "_step": 19, "_wandb": {"runtime": 294}}