Method,Energy R2 Score In Distribution,Forces R2 Score In Distribution,Energy Losses In Distribution,Forces Losses In Distribution,Energy R2 Score Out Distribution,Forces R2 Score Out Distribution,Energy Losses Out Distribution,Forces Losses Out Distribution,Energy Correlation In Distribution Energies,Energy Correlation In Distribution Forces,Energy Correlation Out Distribution Energy,Energy Correlation Out Distribution Forces
EvidentialRegression,0.33632472585000217,0.9798756136488658,0.5974169,0.09878579,0.2741019357290999,0.9161444445628524,0.75836813,0.18744235,nan,nan,nan,nan
EvidentialRegression,0.3460214795963802,0.9782829140269471,0.5942072,0.10090779,0.23568295074647627,0.8441096490922119,0.7858998,0.24263178,0.2605089892646441,-0.055310310190786756,0.2240125123190739,0.16342322323780006
EvidentialRegression,0.35437003634395625,0.9842216913028526,0.59233123,0.086608365,0.2824616140520887,0.8765799405503908,0.7590029,0.21473993,0.09662517875370406,-0.11081676467025488,0.036899830417897406,0.22266045236805898
EvidentialRegression,0.364393185592086,0.9270685835386622,0.5848049,0.18250164,0.24403978564488416,0.6688820642082992,0.7882484,0.35736966,0.19672988856182763,-0.24529184596693665,0.07755527824775543,0.0714303286732495
EvidentialRegression,0.3430900358840806,0.9758991309938457,0.5939715,0.1058152,0.30783111883428416,0.8630744082199354,0.7514496,0.23258272,0.21572842681678833,-0.07510011742700032,0.057673147649958206,-0.2820112424587235
