{"train_error_energy": 4.069862823612546, "train_error_force": 3.551291287672174, "train_loss": 1.4542468521330092, "valid_error_energy": 3.3647269664864368, "valid_error_force": 3.950074050572757, "valid_loss": 1.3860453367233276, "test_error_energy": 11.122946715808393, "test_error_force": 11.270086314898032, "test_loss": 9.971159475636108, "lr": 0.0001, "dataset_size": 1150, "max_uncertainty": 4, "_timestamp": 1732916642.0177813, "_runtime": 222.25189328193665, "_step": 19, "_wandb": {"runtime": 221}}