{"train_error_energy": 2.899611302483541, "train_error_force": 2.3441322643731413, "train_loss": -1.9329321895326887, "valid_error_energy": 2.1478872898500128, "valid_error_force": 2.3921916380035824, "valid_loss": -1.926548719406128, "test_error_energy": 13.612976322636994, "test_error_force": 9.753958149068378, "test_loss": 6.977349438592402, "lr": 0.0001, "dataset_size": 865, "max_uncertainty": 8, "_timestamp": 1733013829.919425, "_runtime": 166.75707697868347, "_step": 19, "_wandb": {"runtime": 166}}