{"train_error_energy": 3.0216235442443438, "train_error_force": 4.473141613665757, "train_loss": 1.462758597873506, "valid_error_energy": 3.7092937756572137, "valid_error_force": 4.634393784648498, "valid_loss": 1.8300556540489197, "test_error_energy": 6.675891394533115, "test_error_force": 8.594881586200566, "test_loss": 5.239209779270032, "lr": 0.0001, "dataset_size": 1331, "max_uncertainty": 8, "_timestamp": 1733365051.207332, "_runtime": 195.57881689071655, "_step": 19, "_wandb": {"runtime": 195}}