{"train_error_energy": 1.3238237460124347, "train_error_force": 1.85719101683467, "train_loss": -2.6225131705955222, "valid_error_energy": 0.9717044385648248, "valid_error_force": 2.085895976954571, "valid_loss": -2.337953567504883, "test_error_energy": 13.012518696965325, "test_error_force": 11.153623603886613, "test_loss": 9.948781602669762, "lr": 0.0001, "dataset_size": 853, "max_uncertainty": 4, "_timestamp": 1732798454.521486, "_runtime": 141.36987113952637, "_step": 19, "_wandb": {"runtime": 141}}