{"train_error_energy": 1.4104018485499856, "train_error_force": 3.0373592334816952, "train_loss": 0.20970497610139066, "valid_error_energy": 1.4056646710672094, "valid_error_force": 3.19880861510468, "valid_loss": 0.3032977779706319, "test_error_energy": 11.58783578769342, "test_error_force": 18.348708120316598, "test_loss": 26.820879801405663, "lr": 0.0001, "dataset_size": 5840, "max_uncertainty": 3, "_timestamp": 1732935159.0281475, "_runtime": 312.8401403427124, "_step": 19, "_wandb": {"runtime": 312}}