{"train_error_energy": 1.5397088015834015, "train_error_force": 2.195776849220923, "train_loss": -2.1911866748055746, "valid_error_energy": 2.29650124255971, "valid_error_force": 2.2092141580140066, "valid_loss": -2.1253637075424194, "test_error_energy": 13.010214311461223, "test_error_force": 7.925274225137237, "test_loss": 5.009342573076019, "lr": 0.0001, "dataset_size": 1354, "max_uncertainty": 6, "_timestamp": 1733125671.00737, "_runtime": 208.28773999214172, "_step": 19, "_wandb": {"runtime": 207}}