{"train_error_energy": 8.631996413028086, "train_error_force": 4.896769463508956, "train_loss": 2.216133364924678, "valid_error_energy": 28.48662318343647, "valid_error_force": 6.575780046591113, "valid_loss": 4.106619954109192, "test_error_energy": 21.052000862026176, "test_error_force": 12.703002568561338, "test_loss": 5.659278455204989, "lr": 0.001, "dataset_size": 6031, "max_uncertainty": 4, "_timestamp": 1733599964.285746, "_runtime": 263.8156750202179, "_step": 19, "_wandb": {"runtime": 263}}