{"train_error_energy": 2.6818961335123497, "train_error_force": 3.3750708962491465, "train_loss": 0.9674664968536013, "valid_error_energy": 3.324753624078626, "valid_error_force": 3.3631307627138534, "valid_loss": 1.2157460451126099, "test_error_energy": 10.620712372180376, "test_error_force": 12.535229355214632, "test_loss": 12.961049958673447, "lr": 0.0001, "dataset_size": 6715, "max_uncertainty": 4, "_timestamp": 1733273826.649541, "_runtime": 305.62831592559814, "_step": 19, "_wandb": {"runtime": 305}}