{"train_error_energy": 2.63085038864727, "train_error_force": 3.541537118663211, "train_loss": 1.0231628322306974, "valid_error_energy": 2.2230746443405733, "valid_error_force": 3.769736535977301, "valid_loss": 0.9627716541290283, "test_error_energy": 10.758132353464402, "test_error_force": 13.481766259738533, "test_loss": 11.806751505866725, "lr": 0.0001, "dataset_size": 2590, "max_uncertainty": 4, "_timestamp": 1732924272.1461527, "_runtime": 250.80279278755188, "_step": 19, "_wandb": {"runtime": 250}}