Method,Energy R2 Score In Distribution,Forces R2 Score In Distribution,Energy Errors In Distribution,Force Errors In Distribution,Energy R2 Score Out Distribution,Force R2 Score Out Distribution,Energy Errors Out Distribution,Force Errors Out Distribution,Energy Correlation In Distribution Energies,Energy Correlation In Distribution Forces,Energy Correlation Out Distribution Energy,Energy Correlation Out Distribution Forces,Force Correlation In Distribution Energy,Force Correlation In Distribution Forces,Force Correlation Out Distribution Energy,Force Correlation Out Distribution Forces
SWAG,0.9761086399138083,0.996018916311106,1.9048035,3.7113261,0.704923504542754,0.9743245854461561,7.567505,8.116136,0.015203506813050547,0.026632545480602867,0.006496463538159464,-0.026962063084397657,-0.011391822064538993,0.21969797694682608,0.1434764427024281,0.320006075489762
SWAG,0.9466387674115675,0.9953723329635076,3.0621781,4.152139,0.6545874557218057,0.9565184112292661,8.206059,9.941311,0.01450788509096944,-0.012054622913118195,0.015055790749522461,0.01936189977489173,-0.06773136526421702,0.21193207461755512,0.3663251301223123,0.699902299453339
SWAG,0.9294094403241986,0.9946039661840502,3.5981257,4.4677525,-0.16981432043270495,0.9240553944306157,12.875664,13.223758,0.02978084572623462,-0.02148669124628501,-0.026220704092497032,-0.0852626118289626,0.017942360461174214,0.15532936126212912,0.5904469547447697,0.6742113832158717
SWAG,0.7529933437677937,0.9945081101533996,7.0873313,4.4283032,-0.01312753990731963,0.9612439996622335,15.328417,9.8592825,0.03295148265123541,-0.0019334674143229506,0.006721112272098703,0.03225208510837021,-0.0398172804269106,0.21566603195708672,0.2814630979507911,0.5481649974715811
SWAG,0.8677086483533815,0.9961705404590803,5.10679,3.635789,-0.0937640511931015,0.9570286465272781,14.229084,10.220274,0.019454042561327156,0.004986607070601246,0.05661920612348803,0.081263286862507,0.009495558700882005,0.2594029028706058,0.5111893765635988,0.641975017640677
