{"train_error_energy": 13.027093408959276, "train_error_force": 4.282386710659956, "train_loss": 0.2507785065607591, "valid_error_energy": 2.3982847565127505, "valid_error_force": 5.85279637602019, "valid_loss": 0.4901721775531769, "test_error_energy": 10.84547289201191, "test_error_force": 12.07752011120901, "test_loss": 4.737178987233427, "lr": 0.001, "dataset_size": 1757, "max_uncertainty": 4, "_timestamp": 1732789591.8805673, "_runtime": 176.696040391922, "_step": 19, "_wandb": {"runtime": 176}}