{"train_error_energy": 1.2952177571361874, "train_error_force": 2.428440800554518, "train_error_total": 1.1084090676800957, "valid_error_energy": 1.3573431283748472, "valid_error_force": 2.5638488412833356, "valid_error_total": 1.2856848239898682, "test_error_energy": 11.787247446770499, "test_error_force": 9.861291793491784, "test_error_total": 5.527705057753319, "lr": 0.0001, "dataset_size": 912, "_timestamp": 1732134361.8564534, "_runtime": 317.12602639198303, "_step": 19, "_wandb": {"runtime": 316}}