{"train_error_energy": 1.3611329827907352, "train_error_force": 1.8250991566664292, "train_loss": -2.6651902355131556, "valid_error_energy": 1.0482131117673208, "valid_error_force": 2.187584077178581, "valid_loss": -2.1827422380447388, "test_error_energy": 12.160184014788511, "test_error_force": 10.63189820685576, "test_loss": 9.61330463249646, "lr": 0.0001, "dataset_size": 1951, "max_uncertainty": 3, "_timestamp": 1732809575.5620441, "_runtime": 206.1674771308899, "_step": 19, "_wandb": {"runtime": 205}}