{"train_error_energy": 8.125091295302052, "train_error_force": 3.6280648236009254, "train_loss": 1.7576983463950455, "valid_error_energy": 22.27739473880102, "valid_error_force": 4.126169161265425, "valid_loss": 2.8714468479156494, "test_error_energy": 15.623823032614077, "test_error_force": 11.547790735328357, "test_loss": 4.909483762311686, "lr": 0.001, "dataset_size": 8191, "max_uncertainty": 4, "_timestamp": 1733613939.5841355, "_runtime": 283.17705154418945, "_step": 19, "_wandb": {"runtime": 282}}