{"train_error_energy": 1.266090206071198, "train_error_force": 2.261679226024866, "train_loss": -1.0902873492240905, "valid_error_energy": 1.4417981823151664, "valid_error_force": 3.0727982926089843, "valid_loss": -0.6028388057436261, "test_error_energy": 0.0, "test_error_force": 0.0, "test_loss": 0.0, "lr": 0.0001, "_timestamp": 1733417101.0091753, "_runtime": 1691.8008131980896, "_step": 3999, "_wandb": {"runtime": 1691}}