{"train_error_energy": 1.7026272828473914, "train_error_force": 1.8857748550111952, "train_loss": -2.5606925977724733, "valid_error_energy": 2.8251026163788304, "valid_error_force": 1.9896060077237634, "valid_loss": -2.3475369612375894, "test_error_energy": 10.220297144503895, "test_error_force": 8.528263361173467, "test_loss": 6.530010530461816, "lr": 0.0001, "dataset_size": 3406, "max_uncertainty": 3, "_timestamp": 1732851392.5871828, "_runtime": 228.48687982559204, "_step": 19, "_wandb": {"runtime": 226}}