{"train_error_energy": 2.2637991803449538, "train_error_force": 2.578346140886724, "train_loss": 0.522679374217987, "valid_error_energy": 1.6934883409682127, "valid_error_force": 3.450629696984163, "valid_loss": 0.5531084622655597, "test_error_energy": 0.0, "test_error_force": 0.0, "test_loss": 0.0, "lr": 0.0001, "_timestamp": 1733649424.2335913, "_runtime": 2809.842832326889, "_step": 5999, "_wandb": {"runtime": 2809}}