{"train_error_energy": 1.4124102045041298, "train_error_force": 2.0352722589933374, "train_loss": -2.3894267391275474, "valid_error_energy": 0.8476049949732584, "valid_error_force": 2.2766757838174563, "valid_loss": -2.1256186962127686, "test_error_energy": 11.046836149391064, "test_error_force": 8.287198593781405, "test_loss": 5.905779975871141, "lr": 0.0001, "dataset_size": 3428, "max_uncertainty": 4, "_timestamp": 1732843005.6453393, "_runtime": 234.2673282623291, "_step": 19, "_wandb": {"runtime": 233}}