{"train_error_energy": 2.676029634598579, "train_error_force": 3.5056036538856215, "train_loss": 1.0203572258804783, "valid_error_energy": 1.7966293841786787, "valid_error_force": 3.7038607598311493, "valid_loss": 0.818178395430247, "test_error_energy": 9.4806039096536, "test_error_force": 11.605358394550743, "test_loss": 9.36644080296861, "lr": 0.0001, "dataset_size": 4198, "max_uncertainty": 4, "_timestamp": 1732936738.6136942, "_runtime": 264.2190971374512, "_step": 19, "_wandb": {"runtime": 263}}