{"train_error_energy": 2.3961307382590173, "train_error_force": 3.200148609767735, "train_loss": 0.7768814826011657, "valid_error_energy": 2.5862268854869264, "valid_error_force": 3.8986257690587207, "valid_loss": 1.1258925795555115, "test_error_energy": 0.0, "test_error_force": 0.0, "test_loss": 0.0, "lr": 0.0001, "_timestamp": 1732888418.6039867, "_runtime": 2857.0206286907196, "_step": 5999, "_wandb": {"runtime": 2856}}