{"train_loss_energy": 4.392959953002512, "train_loss_force": 5.818243953720212, "train_loss_total": 2.2654938077926636, "valid_loss_energy": 3.2342835884173, "valid_loss_force": 4.699281948870846, "valid_loss_total": 1.6529826607022966, "lr": 0.001, "_timestamp": 1731944281.623733, "_runtime": 1939.30237698555, "_step": 4050}