{"train_loss_energy": 3.4420214534550606, "train_loss_force": 5.019939800468564, "train_loss_total": 1.7812584781646728, "valid_loss_energy": 5.054889087994609, "valid_loss_force": 4.394017212162699, "valid_loss_total": 2.084805931363787, "lr": 0.001, "_timestamp": 1731945213.6256092, "_runtime": 2871.304253101349, "_step": 5999, "_wandb": {"runtime": 2870}}