{"train_error_energy": 1.6127306837030582, "train_error_force": 2.1502724318687045, "train_loss": -2.2382957924561326, "valid_error_energy": 1.6598830289394948, "valid_error_force": 2.2493109704632337, "valid_loss": -2.117586135864258, "test_error_energy": 13.436721508619899, "test_error_force": 8.87293182697001, "test_loss": 6.2872077133018935, "lr": 0.0001, "dataset_size": 2633, "max_uncertainty": 4, "_timestamp": 1732817611.760023, "_runtime": 218.44505500793457, "_step": 19, "_wandb": {"runtime": 218}}