{"train_error_energy": 2.607767839739506, "train_error_force": 3.3022051050283987, "train_loss": 0.9217861774119925, "valid_error_energy": 3.9570635237288574, "valid_error_force": 3.354901801756946, "valid_loss": 1.5370404124259949, "test_error_energy": 10.33220760283274, "test_error_force": 11.079736441352685, "test_loss": 10.287192614290726, "lr": 0.0001, "dataset_size": 7504, "max_uncertainty": 4, "_timestamp": 1732980735.637097, "_runtime": 250.7549867630005, "_step": 19, "_wandb": {"runtime": 250}}