{"train_error_energy": 4.409958328091146, "train_error_force": 4.358990508571428, "train_loss": 1.7973824289109972, "valid_error_energy": 4.066228297200258, "valid_error_force": 4.686959067258526, "valid_loss": 1.8105012774467468, "test_error_energy": 8.374345114056965, "test_error_force": 7.998410633580816, "test_loss": 4.752563369211726, "lr": 0.0001, "dataset_size": 1437, "max_uncertainty": 8, "_timestamp": 1733489913.5115123, "_runtime": 220.5656943321228, "_step": 19, "_wandb": {"runtime": 220}}