{"train_loss_energy": 0.0, "train_loss_force": 0.0, "train_loss_total": 0.0, "valid_loss_energy": 12.42999273186431, "valid_loss_force": 10.720548800087519, "valid_loss_total": 6.043367925114657, "test_loss_energy": 0.0, "test_loss_force": 0.0, "test_loss_total": 0.0, "lr": null, "dataset_size": 800, "_timestamp": 1732117711.1765316, "_runtime": 24.74140167236328, "_step": 0, "_wandb": {"runtime": 24}}