{"train_error_energy": 8.940461301286323, "train_error_force": 3.6296389862344944, "train_error_total": 1.8127901468958174, "valid_error_energy": 6.811755566675827, "valid_error_force": 4.63345100348464, "valid_error_total": 2.0062146186828613, "test_error_energy": 11.786434482884523, "test_error_force": 13.113714996823436, "test_error_total": 5.176646532188536, "lr": 0.001, "dataset_size": 890, "_timestamp": 1732185591.7864206, "_runtime": 176.60658955574036, "_step": 19, "_wandb": {"runtime": 176}}