{"_runtime":1895.950179328,"train_loss_force":8.040472984313965,"_step":9999,"train_loss_energy":3.310832108770098,"valid_loss_force":9.9613676071167,"valid_loss_energy":2.842432141304016,"lr":0.001,"_timestamp":1.726587634872985e+09,"train_loss_total":11.35130500793457,"valid_loss_total":6.401899814605713,"_wandb":{"runtime":1896}}