{"train_error_energy": 1.3370171670800184, "train_error_force": 2.898844811599369, "train_loss": 0.11493603801054339, "valid_error_energy": 1.192466618093244, "valid_error_force": 3.219943424092276, "valid_loss": 0.1747792810201645, "test_error_energy": 10.763550632906496, "test_error_force": 16.831887964066592, "test_loss": 26.356099992522395, "lr": 0.0001, "dataset_size": 7910, "max_uncertainty": 3, "_timestamp": 1732946389.9699948, "_runtime": 302.67789578437805, "_step": 19, "_wandb": {"runtime": 297}}