{"train_error_energy": 2.0211419294029, "train_error_force": 1.805983049685246, "train_loss": -2.647503457723125, "valid_error_energy": 2.3855486751500696, "valid_error_force": 1.9621536482836672, "valid_loss": -2.4052064021428428, "test_error_energy": 12.138575314854322, "test_error_force": 8.196403510145236, "test_loss": 6.705722339490321, "lr": 0.0001, "dataset_size": 3960, "max_uncertainty": 5, "_timestamp": 1733108135.1413586, "_runtime": 264.2709906101227, "_step": 19, "_wandb": {"runtime": 264}}