{"train_error_energy": 1.646774959971796, "train_error_force": 3.353126749355205, "train_loss": 0.5271549387411638, "valid_error_energy": 1.32532569888375, "valid_error_force": 3.3821394710288435, "valid_loss": 0.40077559649944305, "test_error_energy": 9.03844763217337, "test_error_force": 11.271116599207206, "test_loss": 11.553595348178405, "lr": 0.0001, "dataset_size": 7361, "max_uncertainty": 4, "_timestamp": 1732977835.5865104, "_runtime": 248.5682394504547, "_step": 19, "_wandb": {"runtime": 248}}