{"train_error_energy": 2.6145550020382946, "train_error_force": 3.4379696298697127, "train_loss": 0.9741711253150899, "valid_error_energy": 2.7131154929270336, "valid_error_force": 3.4087302864318216, "valid_loss": 0.971294641494751, "test_error_energy": 10.515548621096928, "test_error_force": 12.082803310920209, "test_loss": 11.996157336609526, "lr": 0.0001, "dataset_size": 5971, "max_uncertainty": 4, "_timestamp": 1733259296.7029343, "_runtime": 304.74107122421265, "_step": 19, "_wandb": {"runtime": 304}}