{"train_error_energy": 5.473391166902856, "train_error_force": 3.4708344426756463, "train_loss": 2.008611744847791, "valid_error_energy": 12.272251437378126, "valid_error_force": 3.1791079624187195, "valid_loss": 2.34208345413208, "test_error_energy": 13.956720522617191, "test_error_force": 8.07393538662039, "test_loss": 4.6311056626404765, "lr": 0.0006, "dataset_size": 926, "_timestamp": 1732326046.0151658, "_runtime": 345.17633080482483, "_step": 19, "_wandb": {"runtime": 344}}