{"train_error_energy": 2.359191556761042, "train_error_force": 2.8927380688355213, "train_loss": 0.6475121341489848, "valid_error_energy": 1.8547154420919094, "valid_error_force": 3.032488067578092, "valid_loss": 0.4791630357503891, "test_error_energy": 9.834856004195364, "test_error_force": 15.128657294209976, "test_loss": 15.447753991132007, "lr": 0.0001, "dataset_size": 7640, "max_uncertainty": 3, "_timestamp": 1732944870.8071308, "_runtime": 300.15242886543274, "_step": 19, "_wandb": {"runtime": 298}}