{"train_error_energy": 1.935870586402595, "train_error_force": 2.0998605226581692, "train_loss": 0.8321682429313659, "valid_error_energy": 1.0364323530747421, "valid_error_force": 2.833762952977419, "valid_loss": 1.017543009349278, "test_error_energy": 0.0, "test_error_force": 0.0, "test_loss": 0.0, "lr": 0.0001, "_timestamp": 1733132432.7254777, "_runtime": 2519.638383626938, "_step": 5999, "_wandb": {"runtime": 2519}}