Method,Energy R2 Score In Distribution,Forces R2 Score In Distribution,Correlation In Distribution,Energy Losses In Distribution,Forces Losses In Distribution,Energy R2 Score Out Distribution,Forces R2 Score Out Distribution,Correlation Out Distribution,Energy Losses Out Distribution,Forces Losses Out Distribution
ModelEnsemble,0.9573211928460417,0.986375978113427,0.2946910500161058,2.4431572,6.1669645,-0.879587414789426,0.7984525790993677,0.6005140235250366,19.683083,23.390802
ModelEnsemble,0.9249351071025935,0.9815031124022934,0.29771884821751926,3.1542919,7.7356052,-0.10855066974405925,0.8562470426044153,0.6677289451235939,13.174967,20.217487
ModelEnsemble,0.9442014070094411,0.9744180539270827,0.3381026169678704,2.558322,8.792684,-1.0231177101561375,0.7858779431094876,0.6575914498900365,19.107388,25.395454
ModelEnsemble,0.9618383937607274,0.9848619236372714,0.18305183092330235,2.2608335,6.8507547,-0.3579026673078445,0.8717077074960514,0.7065049818333674,15.067722,18.75273
ModelEnsemble,0.94479445638927,0.9841618104913396,0.40533275890000803,2.4636023,6.727003,-0.17483553271320296,0.8227580306915505,0.7444094375983907,12.299989,21.246086
