{"train_error_energy": 1.5841722081383762, "train_error_force": 1.543484996267468, "train_loss": -3.069633264541626, "valid_error_energy": 0.8616908475748664, "valid_error_force": 2.3218070590364084, "valid_loss": -1.8514293943132674, "test_error_energy": 0.0, "test_error_force": 0.0, "test_loss": 0.0, "lr": 0.0001, "_timestamp": 1732725091.2354927, "_runtime": 2212.7218487262726, "_step": 4999, "_wandb": {"runtime": 2212}}