{"train_error_energy": 1.775710493750737, "train_error_force": 3.1252800091808726, "train_loss": 1.4187650569279988, "valid_error_energy": 1.5697059215487945, "valid_error_force": 2.812275129331747, "valid_loss": 1.3908490538597107, "test_error_energy": 8.082279352110843, "test_error_force": 7.255913483559805, "test_loss": 3.9337876716833464, "lr": 0.0001, "dataset_size": 2394, "max_uncertainty": 4, "_timestamp": 1732563898.9919488, "_runtime": 425.0816078186035, "_step": 19, "_wandb": {"runtime": 424}}