{"train_error_energy": 20.239939638332153, "train_error_force": 9.893320232838136, "train_loss": 4.664806170897051, "valid_error_energy": 17.46954703353428, "valid_error_force": 9.11769141228307, "valid_loss": 4.219882011413574, "test_error_energy": 14.465516084263015, "test_error_force": 13.275386595259217, "test_loss": 5.410028235450465, "lr": 0.001, "dataset_size": 1025, "max_uncertainty": 4, "_timestamp": 1733523995.1765301, "_runtime": 189.8437762260437, "_step": 19, "_wandb": {"runtime": 189}}