{"train_error_energy": 1.7773130588540165, "train_error_force": 1.8209248163525698, "train_loss": -2.643379318180369, "valid_error_energy": 2.782982669181228, "valid_error_force": 1.9896823832408168, "valid_loss": -2.3449774980545044, "test_error_energy": 10.731247262132168, "test_error_force": 7.449652393164241, "test_loss": 5.4745449520530505, "lr": 0.0001, "dataset_size": 4274, "max_uncertainty": 5, "_timestamp": 1733125803.8448558, "_runtime": 251.8005657196045, "_step": 19, "_wandb": {"runtime": 251}}