{"train_loss_energy": 5.226881564636379, "train_loss_force": 3.706795868426978, "train_loss_total": 1.5900891304016114, "valid_loss_energy": 3.5672969898998734, "valid_loss_force": 3.8067894064809593, "valid_loss_total": 1.5124869516917638, "lr": 0.001, "_timestamp": 1731511374.5286007, "_runtime": 2595.790078639984, "_step": 5999, "_wandb": {"runtime": 2595}}