{"train_error_energy": 2.5273613817956084, "train_error_force": 3.1712320216376493, "train_loss": 0.8230743202669867, "valid_error_energy": 1.852596216329185, "valid_error_force": 3.517521643745501, "valid_loss": 0.712761402130127, "test_error_energy": 10.638258365127056, "test_error_force": 13.997975015855145, "test_loss": 15.311539475206306, "lr": 0.0001, "dataset_size": 2780, "max_uncertainty": 3, "_timestamp": 1732919964.4983144, "_runtime": 236.545583486557, "_step": 19, "_wandb": {"runtime": 236}}