{"train_error_energy": 2.1490477301040154, "train_error_force": 2.607232598246998, "train_error_total": 1.2485484145581722, "valid_error_energy": 1.1744135222516459, "valid_error_force": 2.598016085711079, "valid_error_total": 1.3102757930755615, "test_error_energy": 10.958574889080634, "test_error_force": 9.331170944268065, "test_error_total": 5.203348569220897, "lr": 0.0001, "dataset_size": 1014, "_timestamp": 1732143047.3168912, "_runtime": 317.7442772388458, "_step": 19, "_wandb": {"runtime": 317}}