{"train_error_energy": 4.125026069451896, "train_error_force": 3.5353741963918286, "train_loss": 1.4588393097923649, "valid_error_energy": 2.556949660465909, "valid_error_force": 3.8858927866271156, "valid_loss": 1.1674111485481262, "test_error_energy": 9.827688053558154, "test_error_force": 11.5315922148089, "test_loss": 9.311597082627381, "lr": 0.0001, "dataset_size": 1967, "max_uncertainty": 4, "_timestamp": 1733222615.7569795, "_runtime": 218.9709975719452, "_step": 19, "_wandb": {"runtime": 218}}