{"train_error_energy": 2.2629767406238592, "train_error_force": 1.8152108996496832, "train_loss": -2.6187344394624232, "valid_error_energy": 1.4462697629535415, "valid_error_force": 1.897956908832383, "valid_loss": -2.5590763886769614, "test_error_energy": 7.352950179211912, "test_error_force": 5.653406299528968, "test_loss": 2.9341378698798373, "lr": 0.0001, "dataset_size": 5097, "max_uncertainty": 4, "_timestamp": 1732942218.5875933, "_runtime": 284.6370692253113, "_step": 19, "_wandb": {"runtime": 284}}