{"train_error_energy": 0.0, "train_error_force": 0.0, "train_loss": 0.0, "valid_error_energy": 0.0, "valid_error_force": 0.0, "valid_loss": 0.0, "test_error_energy": 14.464109859823866, "test_error_force": 12.64854937685401, "test_loss": 5.200192374084632, "lr": null, "dataset_size": 800, "max_uncertainty": 8, "_timestamp": 1733560600.7558637, "_runtime": 153.63973665237427, "_step": 0, "_wandb": {"runtime": 153}}