{"train_error_energy": 3.590959625140677, "train_error_force": 2.902547187864167, "train_loss": 1.0842776875680602, "valid_error_energy": 1.8085424729557051, "valid_error_force": 3.0051730764452707, "valid_loss": 0.6206286430358887, "test_error_energy": 10.266428912765827, "test_error_force": 13.820299871133635, "test_loss": 12.512598117608675, "lr": 0.0001, "dataset_size": 9080, "max_uncertainty": 3, "_timestamp": 1732953169.3006308, "_runtime": 326.34016489982605, "_step": 19, "_wandb": {"runtime": 326}}