{"train_error_energy": 1.5526697146088897, "train_error_force": 2.3825972857487847, "train_loss": -1.9859848618507385, "valid_error_energy": 2.442142562171271, "valid_error_force": 2.385691702964804, "valid_loss": -1.9232248663902283, "test_error_energy": 11.90145607452027, "test_error_force": 8.623298930376931, "test_loss": 5.244851332060329, "lr": 0.0001, "dataset_size": 1317, "max_uncertainty": 6, "_timestamp": 1733092901.3602898, "_runtime": 187.14320278167725, "_step": 19, "_wandb": {"runtime": 186}}