{"train_error_energy": 2.512376174805135, "train_error_force": 3.203845717317144, "train_loss": 0.8310070892777106, "valid_error_energy": 3.7749216097093754, "valid_error_force": 3.476757380531355, "valid_loss": 1.524478793144226, "test_error_energy": 10.740967873205387, "test_error_force": 13.898722340178905, "test_loss": 15.805898007298016, "lr": 0.0001, "dataset_size": 3140, "max_uncertainty": 3, "_timestamp": 1732921660.4488196, "_runtime": 263.3288416862488, "_step": 19, "_wandb": {"runtime": 263}}