Method,Energy R2 Score In Distribution,Forces R2 Score In Distribution,Energy Errors In Distribution,Force Errors In Distribution,Energy R2 Score Out Distribution,Force R2 Score Out Distribution,Energy Errors Out Distribution,Force Errors Out Distribution,Energy Correlation In Distribution Energies,Energy Correlation In Distribution Forces,Energy Correlation Out Distribution Energy,Energy Correlation Out Distribution Forces,Force Correlation In Distribution Energy,Force Correlation In Distribution Forces,Force Correlation Out Distribution Energy,Force Correlation Out Distribution Forces
SWAG,0.9761085992606499,0.9960189159134027,1.904806,3.7113266,0.7049232934690233,0.9743245916248598,7.5675087,8.116135,0.01573759464699375,0.0832026300536529,-0.12506011102220838,-0.21758190601012256,-0.012598305829460586,0.4847059773353058,0.20727448692851394,0.4605771150191462
SWAG,0.9466383085345851,0.9953723273605212,3.0621932,4.152143,0.6545867260355459,0.9565184026996517,8.206073,9.941312,0.09082639407207423,-0.143312577575132,0.032696286647115914,0.1067550359150425,-0.1198023999874956,0.4170751443179257,0.41386892319246243,0.8058657075380202
SWAG,0.9294097986611312,0.9946039662361817,3.5981157,4.4677515,-0.16981353752592865,0.9240554068670616,12.875654,13.223756,0.19262444818904356,-0.1779782176285907,-0.08282413428102636,-0.22887464516307116,0.00851768442536181,0.3967437876910952,0.7411398846702867,0.826509765709453
SWAG,0.7529936928601265,0.9945081110264101,7.0873265,4.4283032,-0.01312710388696292,0.961243999337326,15.328414,9.859283,0.06460618437051104,-0.04633199858335041,-0.0027440613456935687,-0.01105075605797899,-0.03827851238194928,0.43771312392777545,0.3847963895121434,0.8000479356667531
SWAG,0.8677087350835776,0.9961705416253251,5.106789,3.6357875,-0.09376365800477937,0.9570286434383989,14.229081,10.220273,0.046082752789616696,0.039529070394574074,0.08472415217129955,0.18454658540661684,-0.0059468998147791325,0.5513512749109502,0.649140506853677,0.8186610827559206
