{"train_error_energy": 3.1305162822899995, "train_error_force": 3.9585127499601893, "train_loss": 1.2125806084700994, "valid_error_energy": 2.660384154801431, "valid_error_force": 4.25959084348676, "valid_loss": 1.2074644565582275, "test_error_energy": 9.953935625600748, "test_error_force": 11.111682380349707, "test_loss": 10.964388617670348, "lr": 0.0001, "dataset_size": 893, "max_uncertainty": 8, "_timestamp": 1733220829.3097472, "_runtime": 185.8932921886444, "_step": 19, "_wandb": {"runtime": 185}}