{"train_error_energy": 11.26243507426373, "train_error_force": 4.751402579250325, "train_loss": 2.3435237737535273, "valid_error_energy": 5.24118969688546, "valid_error_force": 3.4393157863127435, "valid_loss": 1.5015497505664825, "test_error_energy": 9.828735144141712, "test_error_force": 11.212438284937845, "test_loss": 4.40946280893855, "lr": 0.001, "dataset_size": 6571, "max_uncertainty": 4, "_timestamp": 1733603333.4040933, "_runtime": 266.274875164032, "_step": 19, "_wandb": {"runtime": 266}}