{"train_error_energy": 2.035404339603638, "train_error_force": 1.838124736654426, "train_loss": -2.602379606675732, "valid_error_energy": 1.0954807242804827, "valid_error_force": 1.987937696259424, "valid_loss": -2.4610652923583984, "test_error_energy": 12.69871138204558, "test_error_force": 7.7505161581448565, "test_loss": 5.999132168854718, "lr": 0.0001, "dataset_size": 4120, "max_uncertainty": 5, "_timestamp": 1733116877.6624556, "_runtime": 241.92315864562988, "_step": 19, "_wandb": {"runtime": 241}}