{"train_error_energy": 6.585746366616904, "train_error_force": 3.640052398936065, "train_loss": 1.6586954762106356, "valid_error_energy": 6.668056033351329, "valid_error_force": 3.6709918991933104, "valid_loss": 1.6745561361312866, "test_error_energy": 9.508402000442876, "test_error_force": 10.323356497287268, "test_loss": 4.0905363310069935, "lr": 0.001, "dataset_size": 2931, "max_uncertainty": 4, "_timestamp": 1733540059.3701048, "_runtime": 234.7400767803192, "_step": 19, "_wandb": {"runtime": 234}}