{"train_error_energy": 1.6881126993778253, "train_error_force": 2.9708225196431424, "train_loss": 1.360567949034951, "valid_error_energy": 1.6056519027814957, "valid_error_force": 2.658089103914353, "valid_loss": 1.4010422229766846, "test_error_energy": 11.287078307009644, "test_error_force": 9.23554128912004, "test_loss": 5.177954948385349, "lr": 0.0001, "dataset_size": 1403, "max_uncertainty": 4, "_timestamp": 1732418636.4926064, "_runtime": 387.8179655075073, "_step": 19, "_wandb": {"runtime": 387}}