Method,Energy R2 Score In Distribution,Forces R2 Score In Distribution,Energy Errors In Distribution,Force Errors In Distribution,Energy R2 Score Out Distribution,Force R2 Score Out Distribution,Energy Errors Out Distribution,Force Errors Out Distribution,Energy Correlation In Distribution Energies,Energy Correlation In Distribution Forces,Energy Correlation Out Distribution Energy,Energy Correlation Out Distribution Forces,Force Correlation In Distribution Energy,Force Correlation In Distribution Forces,Force Correlation Out Distribution Energy,Force Correlation Out Distribution Forces
SWAG,0.9761086314010288,0.996018916421173,1.9048039,3.7113261,0.7049234882046737,0.9743245889668773,7.5675054,8.116135,-0.002586399676791047,0.024937254775972487,-0.024573545254872504,-0.04895538585083726,0.011131968733930445,0.12247925522065208,0.13368340416653185,0.25540625348995505
SWAG,0.946638766563871,0.9953723332489006,3.0621781,4.152139,0.6545874568819193,0.9565184078170041,8.206059,9.941311,0.008390086560665765,-0.03347623770506266,0.028685340546480073,0.032061788156496046,-0.04468320780354417,0.13225356736681787,0.32224219234429985,0.6268082241179699
SWAG,0.9294094515963262,0.9946039666057938,3.598125,4.4677525,-0.16981430716455526,0.924055396496455,12.875664,13.223758,0.021895491171725456,-0.031669546924836076,-0.08188995103136856,-0.11301117156812857,0.006902912567545213,0.13813400880105603,0.4964872996488805,0.5560518893213613
SWAG,0.7529933722174508,0.9945081103131256,7.0873313,4.4283032,-0.013127479220315985,0.9612439994923759,15.328417,9.859283,-0.00262059724850407,-0.013869752193885377,0.01050633626276742,0.005210683517275403,-0.025458615061073272,0.13312513595717676,0.21676596464540807,0.4492307542497326
SWAG,0.86770862275348,0.9961705397618541,5.106791,3.6357894,-0.09376390236757381,0.9570286459473594,14.229083,10.220273,0.019946030626312398,0.009825460240045499,0.04554258779131364,0.06214893242839267,0.01972604155554898,0.18431340450016517,0.4302640064408917,0.5625371847419541
