{"train_error_energy": 2.58399815042905, "train_error_force": 3.510562549022881, "train_loss": 0.9935046285390854, "valid_error_energy": 1.6641547138349735, "valid_error_force": 3.8719516940697223, "valid_loss": 0.8670011162757874, "test_error_energy": 9.872338733915619, "test_error_force": 11.393388797199776, "test_loss": 11.41095701686999, "lr": 0.0001, "dataset_size": 1780, "max_uncertainty": 4, "_timestamp": 1732919678.7365365, "_runtime": 222.4528615474701, "_step": 19, "_wandb": {"runtime": 222}}