{"train_error_energy": 1468538533.9836051, "train_error_force": 54856.06299362804, "train_error_total": 98275606.68419293, "valid_error_energy": 5405.648605212031, "valid_error_force": 4988.963136790412, "valid_error_total": 380.72686767578125, "test_error_energy": 134.4194035298418, "test_error_force": 133.68773511847127, "test_error_total": 21.27044092547831, "lr": 0.001, "dataset_size": 888, "_timestamp": 1732119792.8346465, "_runtime": 162.7957534790039, "_step": 19, "_wandb": {"runtime": 162}}