{"train_error_energy": 3.052014839165049, "train_error_force": 4.386951963902164, "train_loss": 1.441036429670122, "valid_error_energy": 2.2979126309411733, "valid_error_force": 4.628134109618177, "valid_loss": 1.3227012157440186, "test_error_energy": 5.982665845918812, "test_error_force": 8.058391676602945, "test_loss": 4.62060483837627, "lr": 0.0001, "dataset_size": 1428, "max_uncertainty": 8, "_timestamp": 1733468879.6345103, "_runtime": 183.19140124320984, "_step": 19, "_wandb": {"runtime": 182}}