{"train_error_energy": 4.119130392301805, "train_error_force": 3.344105359756548, "train_loss": 1.3846280691040007, "valid_error_energy": 5.201088987726178, "valid_error_force": 3.3084766765131643, "valid_loss": 1.6390625834465027, "test_error_energy": 10.599437246948085, "test_error_force": 10.45102092126605, "test_loss": 8.452221396081734, "lr": 0.0001, "dataset_size": 7709, "max_uncertainty": 4, "_timestamp": 1732985155.7497282, "_runtime": 255.52253127098083, "_step": 19, "_wandb": {"runtime": 255}}