{"train_error_energy": 1.9698193618372744, "train_error_force": 3.110077521147635, "train_loss": 1.4128853604197502, "valid_error_energy": 1.5953582978362593, "valid_error_force": 2.99112087198406, "valid_loss": 1.4608993530273438, "test_error_energy": 8.610066206663088, "test_error_force": 8.149374068125699, "test_loss": 4.415922891407113, "lr": 0.0001, "dataset_size": 1001, "max_uncertainty": 8, "_timestamp": 1732433913.2168536, "_runtime": 369.1682336330414, "_step": 19, "_wandb": {"runtime": 368}}