Method,Energy R2 Score In Distribution,Forces R2 Score In Distribution,Energy Errors In Distribution,Force LosErrorsses In Distribution,Energy R2 Score Out Distribution,Force R2 Score Out Distribution,Energy Errors Out Distribution,Force Errors Out Distribution,Energy Correlation In Distribution Energies,Energy Correlation In Distribution Forces,Energy Correlation Out Distribution Energy,Energy Correlation Out Distribution Forces
EvidentialRegression,0.9703716669591571,0.9948102084556747,0.15002358,0.2673149,0.4547666730684222,0.939332682903828,0.5810611,0.78496075,-0.01315865150552644,0.5172940648558434,0.22133990736387577,0.31410838900465143
EvidentialRegression,0.9214899453123725,0.9940515627260137,0.25495142,0.29428136,0.7334974081670127,0.9533628200587518,0.42093027,0.7345595,-0.03025727365732531,0.2056900285462149,0.19848847248792897,0.3528376801375659
EvidentialRegression,0.8516636379501935,0.9883885064628481,0.34782904,0.41170564,-1.2945065639671123,-1.8774186720450787,0.6362919,0.7695692,0.05425000087231815,0.035625885556621606,0.2110705325558859,0.1438074083205272
