{"train_error_energy": 0.0, "train_error_force": 0.0, "train_error_total": 0.0, "valid_error_energy": 0.0, "valid_error_force": 0.0, "valid_error_total": 0.0, "test_error_energy": 11.497320113032144, "test_error_force": 12.762710989937203, "test_error_total": 5.039851770351071, "lr": null, "dataset_size": 800, "_timestamp": 1732178582.7254694, "_runtime": 17.884559392929077, "_step": 0, "_wandb": {"runtime": 17}}