{"train_error_energy": 2.5809320415306765, "train_error_force": 3.225591253177817, "train_loss": 0.8735926820121649, "valid_error_energy": 3.6748759616395574, "valid_error_force": 3.262024563768896, "valid_loss": 1.3354662656784058, "test_error_energy": 11.114509644303954, "test_error_force": 11.590225892658054, "test_loss": 13.188926427152145, "lr": 0.0001, "dataset_size": 8361, "max_uncertainty": 4, "_timestamp": 1733321728.299665, "_runtime": 313.3663239479065, "_step": 19, "_wandb": {"runtime": 313}}