{"train_error_energy": 3.927646249473763, "train_error_force": 3.0945284729840004, "train_loss": 1.2395295777234687, "valid_error_energy": 3.5193338737011586, "valid_error_force": 3.2932719922199176, "valid_loss": 1.1394075552622478, "test_error_energy": 11.37980153057849, "test_error_force": 17.147772252841442, "test_loss": 13.389814082240559, "lr": 0.0001, "dataset_size": 5300, "max_uncertainty": 3, "_timestamp": 1732932334.9827414, "_runtime": 275.85551834106445, "_step": 19, "_wandb": {"runtime": 275}}