{"train_error_energy": 9.287572292434312, "train_error_force": 7.686828946844541, "train_loss": 1.5917356625581398, "valid_error_energy": 6.2522588117477005, "valid_error_force": 6.2121494184917285, "valid_loss": 2.7942495346069336, "test_error_energy": 11.44938528427558, "test_error_force": 13.577156229620975, "test_loss": 3.7025786082782046, "lr": 0.001, "dataset_size": 1220, "_timestamp": 1732208912.4427636, "_runtime": 172.3650505542755, "_step": 19, "_wandb": {"runtime": 172}}