{"train_error_energy": 5.027582529913446, "train_error_force": 3.669481916095018, "train_loss": 1.9317254883902413, "valid_error_energy": 6.988158517462739, "valid_error_force": 3.257862476627043, "valid_loss": 2.214531898498535, "test_error_energy": 11.188638553250321, "test_error_force": 7.722598693377221, "test_loss": 4.432053343787867, "lr": 0.0006, "dataset_size": 1100, "_timestamp": 1732370399.0159168, "_runtime": 189.0780439376831, "_step": 9}