{"train_error_energy": 3.0575619026245056, "train_error_force": 4.393913042100482, "train_loss": 1.4543854272471064, "valid_error_energy": 5.972519860610816, "valid_error_force": 5.340720949538965, "valid_loss": 3.3840819199879966, "test_error_energy": 8.03571276813146, "test_error_force": 8.633865446380034, "test_loss": 6.355002949999265, "lr": 0.0001, "dataset_size": 3585, "max_uncertainty": 6, "_timestamp": 1733378945.6882005, "_runtime": 240.93624138832092, "_step": 19, "_wandb": {"runtime": 240}}