{"train_error_energy": 2.2167462803321154, "train_error_force": 3.5245807232766184, "train_loss": 1.6338081789016723, "valid_error_energy": 1.6617074685866542, "valid_error_force": 3.047175380110775, "valid_loss": 1.5061495304107666, "test_error_energy": 6.752363253880689, "test_error_force": 6.335444043253977, "test_loss": 3.348640404446587, "lr": 0.0001, "dataset_size": 1578, "max_uncertainty": 6, "_timestamp": 1732611477.995563, "_runtime": 404.0797860622406, "_step": 19, "_wandb": {"runtime": 403}}