{"train_error_energy": 1.743153893626297, "train_error_force": 1.8734811499306756, "train_loss": -2.5743880229837752, "valid_error_energy": 3.4406744021066213, "valid_error_force": 2.1008092430030842, "valid_loss": -2.1524908542633057, "test_error_energy": 13.163568599418866, "test_error_force": 9.185444196064829, "test_loss": 7.6580724416602965, "lr": 0.0001, "dataset_size": 2689, "max_uncertainty": 5, "_timestamp": 1733078962.7757406, "_runtime": 241.89083671569824, "_step": 19, "_wandb": {"runtime": 241}}