{"train_error_energy": 1.4978793903556937, "train_error_force": 1.887220698915287, "train_loss": -2.5724414285987316, "valid_error_energy": 1.7647983844300095, "valid_error_force": 2.0298110744894364, "valid_loss": -2.363809823989868, "test_error_energy": 10.967873762459845, "test_error_force": 8.895306023790459, "test_loss": 7.051303444108414, "lr": 0.0001, "dataset_size": 3161, "max_uncertainty": 3, "_timestamp": 1732842087.1737702, "_runtime": 225.89039015769958, "_step": 19, "_wandb": {"runtime": 225}}