Method,Energy R2 Score In Distribution,Forces R2 Score In Distribution,Correlation In Distribution Energies,Correlation In Distribution Forces,Energy Losses In Distribution,Forces Losses In Distribution,Energy R2 Score Out Distribution,Forces R2 Score Out Distribution,Correlation Out Distribution Energy,Correlation In Distribution Forces,Energy Losses Out Distribution,Forces Losses Out Distribution
MVE,0.8782161474227905,0.9342727065086365,0.05096612826956884,0.15261292016813738,3.8912785,14.924754,-0.37259554862976074,0.7830389142036438,0.3638939028916896,0.5589213397725606,16.952644,26.710873
MVE,0.9375258088111877,0.9647360444068909,0.006729121180539392,0.06390950069293333,2.810447,10.740643,0.47760075330734253,0.8108087182044983,0.007008607827335187,0.2203238422243045,8.298633,23.04929
MVE,0.9374373555183411,0.9660578370094299,0.05737445238990938,0.33057430083019024,2.743805,10.450213,-2.664907217025757,0.6595908999443054,0.6579467606889536,0.6565367337621977,24.6171,30.164797
MVE,0.9593273997306824,0.9753535389900208,0.0525668191089875,0.19918692776824737,2.208841,8.709714,-0.569054126739502,0.7330290675163269,0.06000330968187808,-0.14176902173200123,16.30574,27.528122
MVE,0.9593572616577148,0.9822558760643005,0.20171599761557277,0.3461588652969802,2.0677226,7.340469,-1.3762452602386475,0.7506267428398132,0.4109355922836791,0.35893183850258054,15.432615,24.287527
