{"train_error_energy": 4.657688328054982, "train_error_force": 4.538512467540389, "train_loss": 1.9173102711255734, "valid_error_energy": 4.4484574770478345, "valid_error_force": 4.498136299519199, "valid_loss": 1.8287938237190247, "test_error_energy": 7.607415693424239, "test_error_force": 8.253157464028364, "test_loss": 4.553237008798809, "lr": 0.0001, "dataset_size": 3326, "max_uncertainty": 6, "_timestamp": 1733348193.7016158, "_runtime": 254.7236099243164, "_step": 19, "_wandb": {"runtime": 254}}