{"train_error_energy": 3.133442080286222, "train_error_force": 4.36690204977948, "train_loss": 1.4702840689066294, "valid_error_energy": 3.8558498201202465, "valid_error_force": 4.498527306539448, "valid_loss": 1.7121323347091675, "test_error_energy": 9.607611004987147, "test_error_force": 9.48186388593035, "test_loss": 7.016973325719384, "lr": 0.0001, "dataset_size": 1159, "max_uncertainty": 8, "_timestamp": 1733283766.851635, "_runtime": 197.95042300224304, "_step": 19, "_wandb": {"runtime": 197}}