{"train_error_energy": 2.3494210592448237, "train_error_force": 2.87209317570651, "train_loss": 0.6361086887773126, "valid_error_energy": 2.9878078334290867, "valid_error_force": 3.0179201613749127, "valid_loss": 0.9793189764022827, "test_error_energy": 11.390587064419849, "test_error_force": 15.956883333811254, "test_loss": 18.902653913847438, "lr": 0.0001, "dataset_size": 8180, "max_uncertainty": 3, "_timestamp": 1732947898.667435, "_runtime": 308.4253559112549, "_step": 19, "_wandb": {"runtime": 308}}