{"train_error_energy": 1.9451896726475881, "train_error_force": 3.062579483179962, "train_loss": 1.4106323656282926, "valid_error_energy": 1.4523667410612389, "valid_error_force": 2.745548311709859, "valid_loss": 1.3548902869224548, "test_error_energy": 10.726896829302298, "test_error_force": 8.623185581289391, "test_loss": 4.75001713867587, "lr": 0.0001, "dataset_size": 1803, "_timestamp": 1732278558.8859801, "_runtime": 412.8585340976715, "_step": 19, "_wandb": {"runtime": 412}}