{"train_error_energy": 3.137481970586452, "train_error_force": 4.352077039686922, "train_loss": 1.4614854251083575, "valid_error_energy": 3.9445169709208856, "valid_error_force": 4.306435978407048, "valid_loss": 1.7751188675562541, "test_error_energy": 6.637655038173948, "test_error_force": 7.873097684384367, "test_loss": 4.827209468911455, "lr": 0.0001, "dataset_size": 3637, "max_uncertainty": 6, "_timestamp": 1733380799.022952, "_runtime": 229.11268496513367, "_step": 19, "_wandb": {"runtime": 228}}