{"train_error_energy": 4.684029003933519, "train_error_force": 4.360509102250249, "train_loss": 1.854090962654505, "valid_error_energy": 5.580929744091485, "valid_error_force": 4.435252751356024, "valid_loss": 2.0881639321645102, "test_error_energy": 8.211985118218156, "test_error_force": 7.79344911974674, "test_loss": 4.5665550818618055, "lr": 0.0001, "dataset_size": 3726, "max_uncertainty": 6, "_timestamp": 1733395407.634402, "_runtime": 259.9453330039978, "_step": 19, "_wandb": {"runtime": 259}}