{"train_error_energy": 3.009646777923393, "train_error_force": 4.443591214926104, "train_loss": 1.4463851912455126, "valid_error_energy": 2.113069517512441, "valid_error_force": 4.674359333636201, "valid_loss": 1.2840917110443115, "test_error_energy": 6.04641806955511, "test_error_force": 8.270531542404704, "test_loss": 4.789030197403194, "lr": 0.0001, "dataset_size": 1395, "max_uncertainty": 8, "_timestamp": 1733416474.999874, "_runtime": 212.07537817955017, "_step": 19, "_wandb": {"runtime": 211}}