{"train_error_energy": 3.0031309257518335, "train_error_force": 4.361788672971424, "train_loss": 1.407898075050778, "valid_error_energy": 2.04850437195922, "valid_error_force": 4.611691551875431, "valid_loss": 1.2521271705627441, "test_error_energy": 5.809564880378811, "test_error_force": 8.085001450943018, "test_loss": 4.593787384282856, "lr": 0.0001, "dataset_size": 1435, "max_uncertainty": 8, "_timestamp": 1733482201.1704175, "_runtime": 184.78315949440002, "_step": 19, "_wandb": {"runtime": 184}}