{"train_error_energy": 1.5678494007394028, "train_error_force": 3.007790569060871, "train_loss": 1.3523058104065229, "valid_error_energy": 1.428341352555782, "valid_error_force": 2.763330781038225, "valid_loss": 1.3832966089248657, "test_error_energy": 11.444213778205917, "test_error_force": 8.791061287728416, "test_loss": 4.896432177558619, "lr": 0.0001, "dataset_size": 1683, "_timestamp": 1732265526.6203108, "_runtime": 363.8613498210907, "_step": 19, "_wandb": {"runtime": 363}}