{"train_error_energy": 0.0, "train_error_force": 0.0, "train_loss": 0.0, "valid_error_energy": 0.0, "valid_error_force": 0.0, "valid_loss": 0.0, "test_error_energy": 14.464109733916708, "test_error_force": 12.648549456128888, "test_loss": 5.200192404042988, "lr": null, "dataset_size": 800, "max_uncertainty": 4, "_timestamp": 1733517519.539651, "_runtime": 161.12261295318604, "_step": 0, "_wandb": {"runtime": 160}}