{"train_error_energy": 7.232253891794799, "train_error_force": 4.1157203096337325, "train_loss": -0.23155403874422376, "valid_error_energy": 1.285303313596549, "valid_error_force": 3.6935565224341946, "valid_loss": -0.8821306824684143, "test_error_energy": 8.51084949147101, "test_error_force": 10.002839645714007, "test_loss": 3.254215955734253, "lr": 0.001, "dataset_size": 3033, "max_uncertainty": 4, "_timestamp": 1732792507.8474965, "_runtime": 194.2478654384613, "_step": 19, "_wandb": {"runtime": 193}}