{"train_error_energy": 8.247325560165613, "train_error_force": 3.7403770869659665, "train_loss": 1.803458376177426, "valid_error_energy": 5.7017863919657366, "valid_error_force": 4.258541403802003, "valid_loss": 1.8064886927604675, "test_error_energy": 14.086625231365417, "test_error_force": 10.347382069115882, "test_loss": 4.404952960488684, "lr": 0.001, "dataset_size": 1835, "max_uncertainty": 4, "_timestamp": 1733527300.94129, "_runtime": 216.86608386039734, "_step": 19, "_wandb": {"runtime": 216}}