{"train_error_energy": 2.58470702860101, "train_error_force": 3.2024168148466905, "train_loss": 0.8668905452737269, "valid_error_energy": 3.376924960435678, "valid_error_force": 3.202335738910006, "valid_loss": 1.1951086282730103, "test_error_energy": 9.770483533904372, "test_error_force": 11.382348968198926, "test_loss": 12.256512152586932, "lr": 0.0001, "dataset_size": 8463, "max_uncertainty": 4, "_timestamp": 1733325722.1716278, "_runtime": 326.70857977867126, "_step": 19, "_wandb": {"runtime": 326}}