{"train_error_energy": 1.6743491714266938, "train_error_force": 3.417545061378684, "train_loss": 0.553021455829467, "valid_error_energy": 1.5002406631029999, "valid_error_force": 3.463957244677696, "valid_loss": 0.5172484368085861, "test_error_energy": 9.923266105423064, "test_error_force": 12.732296109997893, "test_loss": 16.381042330676973, "lr": 0.0001, "dataset_size": 6349, "max_uncertainty": 4, "_timestamp": 1733266270.1180882, "_runtime": 303.58100628852844, "_step": 19, "_wandb": {"runtime": 303}}