{"train_error_energy": 1.4325917725478243, "train_error_force": 2.154127831238724, "train_loss": 0.9790372365996951, "valid_error_energy": 0.6836363624668891, "valid_error_force": 2.3706260198859033, "valid_loss": 1.168240249156952, "test_error_energy": 12.044972503858391, "test_error_force": 10.414335710820012, "test_loss": 5.824150247723645, "lr": 0.0001, "dataset_size": 1340, "max_uncertainty": 4, "_timestamp": 1732373813.7042062, "_runtime": 392.3617203235626, "_step": 19, "_wandb": {"runtime": 392}}