{"train_error_energy": 0.0, "train_error_force": 0.0, "train_loss": 0.0, "valid_error_energy": 0.0, "valid_error_force": 0.0, "valid_loss": 0.0, "test_error_energy": 10.996635047694369, "test_error_force": 13.386480699535193, "test_loss": 16.631808196062817, "lr": null, "dataset_size": 800, "max_uncertainty": 8, "_timestamp": 1733007265.5178306, "_runtime": 159.54613852500916, "_step": 0, "_wandb": {"runtime": 159}}