{"train_error_energy": 2.158208927912933, "train_error_force": 3.0272912990769156, "train_loss": 1.4268328895171483, "valid_error_energy": 1.2942091330897902, "valid_error_force": 2.7359875665911573, "valid_loss": 1.4047163724899292, "test_error_energy": 11.116606889211994, "test_error_force": 8.9718475937362, "test_loss": 4.981331193634353, "lr": 0.0001, "dataset_size": 1534, "max_uncertainty": 4, "_timestamp": 1732431337.3501403, "_runtime": 395.34181928634644, "_step": 19, "_wandb": {"runtime": 395}}