{"train_error_energy": 1.4519415451222624, "train_error_force": 3.1480188664581754, "train_loss": 0.29271805051743516, "valid_error_energy": 1.8035075969848637, "valid_error_force": 3.343201094811306, "valid_loss": 0.5885814627011617, "test_error_energy": 11.327820232194966, "test_error_force": 17.20907613245628, "test_loss": 24.031929395585784, "lr": 0.0001, "dataset_size": 4040, "max_uncertainty": 3, "_timestamp": 1732926048.1716006, "_runtime": 290.0929515361786, "_step": 19, "_wandb": {"runtime": 289}}