{"train_error_energy": 1.8136871025485741, "train_error_force": 2.9496249381990447, "train_loss": 1.3540299191619412, "valid_error_energy": 1.3101341520701133, "valid_error_force": 2.7556665090353905, "valid_loss": 1.3530490398406982, "test_error_energy": 9.67761379636912, "test_error_force": 8.719494943914722, "test_loss": 4.765567971773796, "lr": 0.0001, "dataset_size": 1035, "max_uncertainty": 6, "_timestamp": 1732417555.9258068, "_runtime": 371.8248748779297, "_step": 19, "_wandb": {"runtime": 371}}