Method,Energy R2 Score In Distribution,Forces R2 Score In Distribution,Energy Losses In Distribution,Forces Losses In Distribution,Energy R2 Score Out Distribution,Forces R2 Score Out Distribution,Energy Losses Out Distribution,Forces Losses Out Distribution,Energy Correlation In Distribution Energies,Energy Correlation In Distribution Forces,Energy Correlation Out Distribution Energy,Energy Correlation Out Distribution Forces,Force Correlation In Distribution Energy,Force Correlation In Distribution Forces,Force Correlation Out Distribution Energy,Force Correlation Out Distribution Forces
ModelEnsemble,0.9330819158071937,0.9946879170490607,0.21453881,0.29518285,0.5505700637469619,0.9677446531388662,0.5046844,0.586867,-0.04082524952595329,0.6177186671693599,0.6990467363454771,0.9482783643669582,-0.040825601619800464,0.6177187071315962,0.6990467760916689,0.9482783578133823
ModelEnsemble,0.9861518589336971,0.9960781922484534,0.081620775,0.25840086,0.6729351730539401,0.9659638269144057,0.37431934,0.59388644,0.31523342210115535,0.8038037271101955,0.7938163260375019,0.9557411965642132,0.3152328963984133,0.8038037738492283,0.7938163589446666,0.9557412098033854
ModelEnsemble,0.9609185422187873,0.9931911781102766,0.15634598,0.32972473,0.810637394630238,0.9585684018398006,0.3665955,0.6918598,0.08624844798892582,0.7084283519918968,0.3830365402656452,0.9210327421616634,0.08624830826740189,0.708428267514664,0.38303653856212494,0.9210327246577712
ModelEnsemble,0.8130635988659698,0.9944689175511782,0.3851874,0.30108985,0.53921205969569,0.9333358676820769,0.6001344,0.6998586,-0.02602471958418141,0.7510700299649807,0.47049314774674156,0.972662008433187,-0.026024955527685793,0.7510700840535315,0.47049309162720265,0.9726620073967647
ModelEnsemble,0.8720345544741845,0.9939417892976145,0.31429517,0.30931708,0.7041280456195895,0.9544619311330668,0.44724092,0.6915701,-0.023983357060015663,0.8218888865500336,0.5233105614838985,0.9537647987207359,-0.023983080565839483,0.821888809188704,0.5233105407284122,0.9537647939813099
