{"train_error_energy": 744347.364131417, "train_error_force": 24160.367556554436, "train_error_total": 57896.33473244207, "valid_error_energy": 45.23883889133463, "valid_error_force": 14.55893441795187, "valid_error_total": 7.8988776206970215, "test_error_energy": 12.26091030321443, "test_error_force": 14.799048532650895, "test_error_total": 5.772316737948912, "lr": 0.001, "dataset_size": 906, "_timestamp": 1732181230.7283704, "_runtime": 45.00049448013306, "_step": 4}