{"train_error_energy": 3.9520411629059105, "train_error_force": 3.2598383330062726, "train_loss": 1.3199111149861262, "valid_error_energy": 3.542544534357428, "valid_error_force": 3.6261561306458745, "valid_loss": 1.278698205947876, "test_error_energy": 12.133724228519839, "test_error_force": 13.0981655137295, "test_loss": 13.103808263209478, "lr": 0.0001, "dataset_size": 2060, "max_uncertainty": 3, "_timestamp": 1732916644.4547586, "_runtime": 246.81676268577576, "_step": 19, "_wandb": {"runtime": 246}}