{"train_error_energy": 4.067624763739901, "train_error_force": 3.4424661394797544, "train_loss": 1.4115007133097262, "valid_error_energy": 3.1303069017206018, "valid_error_force": 3.911349214066164, "valid_loss": 1.307859182357788, "test_error_energy": 11.33534965296509, "test_error_force": 11.612021779234894, "test_loss": 11.516647503638143, "lr": 0.0001, "dataset_size": 1157, "max_uncertainty": 4, "_timestamp": 1733218970.2256663, "_runtime": 219.23030138015747, "_step": 19, "_wandb": {"runtime": 218}}