{"train_error_energy": 4.022925983386871, "train_error_force": 3.2858276081817177, "train_loss": 1.3443225680613051, "valid_error_energy": 3.4827528586200334, "valid_error_force": 3.6678298859865626, "valid_loss": 1.303993046283722, "test_error_energy": 11.865536104482942, "test_error_force": 12.66154555132323, "test_loss": 12.308656337997677, "lr": 0.0001, "dataset_size": 1610, "max_uncertainty": 3, "_timestamp": 1732914651.1489296, "_runtime": 208.459876537323, "_step": 19, "_wandb": {"runtime": 208}}