{"train_error_energy": 6.501018405818346, "train_error_force": 3.0712181034092434, "train_loss": 1.7051068941752117, "valid_error_energy": 6.35102103939422, "valid_error_force": 2.8829346180744393, "valid_loss": 1.8586392402648926, "test_error_energy": 15.374322221959394, "test_error_force": 9.371469652930358, "test_loss": 5.508264259518129, "lr": 0.0006, "dataset_size": 943, "max_uncertainty": 5, "_timestamp": 1732366669.121055, "_runtime": 449.4561679363251, "_step": 24, "_wandb": {"runtime": 449}}