{"train_error_energy": 2.5055639181744014, "train_error_force": 3.178774243221514, "train_loss": 0.8199748032622867, "valid_error_energy": 2.6577645636341636, "valid_error_force": 3.5129600436220243, "valid_loss": 1.0063714981079102, "test_error_energy": 10.73778446452481, "test_error_force": 14.325502853804844, "test_loss": 14.895152646209556, "lr": 0.0001, "dataset_size": 2870, "max_uncertainty": 3, "_timestamp": 1732920373.9678304, "_runtime": 231.99519634246826, "_step": 19, "_wandb": {"runtime": 231}}