{"train_error_energy": 7.985808797704621, "train_error_force": 5.048448711134611, "train_loss": 2.2236424449463965, "valid_error_energy": 15.341702861516664, "valid_error_force": 6.7893341196957735, "valid_loss": 3.298409342765808, "test_error_energy": 18.735368769407668, "test_error_force": 12.688002474369792, "test_loss": 5.499228904384593, "lr": 0.001, "dataset_size": 2251, "max_uncertainty": 4, "_timestamp": 1733577533.169958, "_runtime": 210.8295612335205, "_step": 19, "_wandb": {"runtime": 210}}