{"train_error_energy": 1.6020465157993895, "train_error_force": 2.583421128798107, "train_error_total": 1.1921949252005546, "valid_error_energy": 2.0058012171569075, "valid_error_force": 2.5854165747579008, "valid_error_total": 1.3056285381317139, "test_error_energy": 11.647939939939683, "test_error_force": 9.411404508550135, "test_error_total": 5.255528315199608, "lr": 0.0001, "dataset_size": 989, "_timestamp": 1732141808.1763363, "_runtime": 320.9634852409363, "_step": 19, "_wandb": {"runtime": 320}}