{"train_error_energy": 1.7108009222130844, "train_error_force": 3.079844044992306, "train_loss": 1.3916561950336803, "valid_error_energy": 1.3618062530685373, "valid_error_force": 2.7665609310036263, "valid_loss": 1.3911831378936768, "test_error_energy": 10.665805714136718, "test_error_force": 8.52977294606538, "test_loss": 4.717945870304607, "lr": 0.0001, "dataset_size": 1760, "max_uncertainty": 4, "_timestamp": 1732460029.7976344, "_runtime": 406.3582444190979, "_step": 19, "_wandb": {"runtime": 405}}