{"train_error_energy": 2.9572205871488753, "train_error_force": 4.454372263462876, "train_loss": 1.4311013360356175, "valid_error_energy": 3.148153277093849, "valid_error_force": 4.6371936264893945, "valid_loss": 1.5328471064567566, "test_error_energy": 7.964353177865892, "test_error_force": 8.467111600725316, "test_loss": 5.7021045235439125, "lr": 0.0001, "dataset_size": 1365, "max_uncertainty": 8, "_timestamp": 1733390984.853277, "_runtime": 222.21920084953308, "_step": 19, "_wandb": {"runtime": 221}}