{"train_error_energy": 2.27225098843625, "train_error_force": 3.4085656607702615, "train_loss": 1.5859953267233713, "valid_error_energy": 2.2944332028669057, "valid_error_force": 3.098246330082481, "valid_loss": 1.542008876800537, "test_error_energy": 8.401933140406102, "test_error_force": 7.547037576521991, "test_loss": 4.0863266677756584, "lr": 0.0001, "dataset_size": 1089, "max_uncertainty": 8, "_timestamp": 1732475880.7452319, "_runtime": 375.52000093460083, "_step": 19, "_wandb": {"runtime": 375}}