{"train_error_energy": 1.9017210929003032, "train_error_force": 2.104179730197707, "train_loss": -2.273470411175176, "valid_error_energy": 1.048538041718516, "valid_error_force": 2.36515926968423, "valid_loss": -2.019613027572632, "test_error_energy": 12.35054799926235, "test_error_force": 9.007576856393591, "test_loss": 6.385574640403868, "lr": 0.0001, "dataset_size": 2409, "max_uncertainty": 4, "_timestamp": 1732813558.6752648, "_runtime": 211.59886193275452, "_step": 19, "_wandb": {"runtime": 211}}