{"train_error_energy": 6.114495647974963, "train_error_force": 3.0579926026861175, "train_loss": -1.001769596338272, "valid_error_energy": 3.6170052080902533, "valid_error_force": 3.128335389102557, "valid_loss": -1.1663002967834473, "test_error_energy": 9.698704794036447, "test_error_force": 9.995304018187165, "test_loss": 4.640770420354074, "lr": 0.001, "dataset_size": 3494, "max_uncertainty": 4, "_timestamp": 1732793652.1927123, "_runtime": 204.2399082183838, "_step": 19, "_wandb": {"runtime": 203}}