{"train_error_energy": 3.044985646889088, "train_error_force": 4.558180093203843, "train_loss": 1.5234697703002156, "valid_error_energy": 4.102945771356312, "valid_error_force": 4.576864761437449, "valid_loss": 1.922361433506012, "test_error_energy": 9.015241086427373, "test_error_force": 9.511127974417677, "test_loss": 7.190764809154091, "lr": 0.0001, "dataset_size": 2206, "max_uncertainty": 6, "_timestamp": 1733279136.5290434, "_runtime": 226.2278435230255, "_step": 19, "_wandb": {"runtime": 225}}