{"train_error_energy": 2.50342816366307, "train_error_force": 1.8661026045113691, "train_loss": -2.5331123439889205, "valid_error_energy": 2.630055949118628, "valid_error_force": 1.8692777537327976, "valid_loss": -2.5204272270202637, "test_error_energy": 9.233869209378723, "test_error_force": 6.060257670448436, "test_loss": 3.4693813061839, "lr": 0.0001, "dataset_size": 4849, "max_uncertainty": 4, "_timestamp": 1732923651.7605731, "_runtime": 300.39137506484985, "_step": 19, "_wandb": {"runtime": 300}}