Method,Energy R2 Score In Distribution,Forces R2 Score In Distribution,Energy Errors In Distribution,Force Errors In Distribution,Energy R2 Score Out Distribution,Force R2 Score Out Distribution,Energy Errors Out Distribution,Force Errors Out Distribution,Energy Correlation In Distribution Energies,Energy Correlation In Distribution Forces,Energy Correlation Out Distribution Energy,Energy Correlation Out Distribution Forces
EvidentialRegression,0.9827134488601196,0.9952074787520478,1.5201299,4.0555468,0.4964181809648526,0.950092255070358,7.4298463,9.085076,0.060702137780463176,0.13755997712121018,0.2906450542164856,0.2471138150373279
EvidentialRegression,0.9821089112201911,0.9967173579959798,1.5929763,3.2732368,0.43455013277291155,0.9529644052101555,8.876949,10.427091,0.05676192795697186,0.1128422211432222,0.10325145702778094,0.2462472782365189
EvidentialRegression,0.9909086342945096,0.9961143228271213,1.0936803,3.5187635,0.47473831499966224,0.9301550842810694,9.098877,11.738801,0.058572281576852694,0.06182671898098814,0.15336357237970888,0.137909099994613
EvidentialRegression,0.9832991097351951,0.9958145187779047,1.4423144,3.6518178,0.5895878347582314,0.9649329220378134,7.83822,9.177776,0.008728404426304032,-0.02232695211404633,0.34680334863547685,0.38784221798520846
EvidentialRegression,0.9820456943622184,0.9970315489048155,1.5273762,3.1271925,0.2626525002087129,0.9725322823247972,12.367843,8.129516,0.033177514645689854,-0.1406354373290681,0.44166534278239855,0.6313155822624724
