{"train_error_energy": 1.4438780020849056, "train_error_force": 2.197394248852246, "train_loss": 1.0094007494903745, "valid_error_energy": 1.13943932483906, "valid_error_force": 2.493265728057697, "valid_loss": 1.2307267785072327, "test_error_energy": 11.915136456481989, "test_error_force": 10.44052469410141, "test_loss": 5.862497863969254, "lr": 0.0001, "dataset_size": 1340, "max_uncertainty": 4, "_timestamp": 1732373803.03268, "_runtime": 391.8537800312042, "_step": 19, "_wandb": {"runtime": 391}}