{"train_error_energy": 2.949842643847283, "train_error_force": 4.431144446235217, "train_loss": 1.4204767730500962, "valid_error_energy": 2.667900685825942, "valid_error_force": 4.690691670151713, "valid_loss": 1.4875350594520569, "test_error_energy": 5.91056318189972, "test_error_force": 8.140088533910715, "test_loss": 4.658451492249654, "lr": 0.0001, "dataset_size": 1421, "max_uncertainty": 8, "_timestamp": 1733445694.6695025, "_runtime": 182.44770550727844, "_step": 19, "_wandb": {"runtime": 182}}