{"train_error_energy": 6.22018761725567, "train_error_force": 3.529613054420657, "train_loss": -0.6887356275799631, "valid_error_energy": 8.208266086484798, "valid_error_force": 3.142767578461294, "valid_loss": -0.8236647248268127, "test_error_energy": 10.151264892151564, "test_error_force": 10.227824676666604, "test_loss": 3.9060671092327977, "lr": 0.001, "dataset_size": 2763, "max_uncertainty": 4, "_timestamp": 1732791638.997662, "_runtime": 191.6861960887909, "_step": 19, "_wandb": {"runtime": 191}}