Method,Energy R2 Score In Distribution,Forces R2 Score In Distribution,Energy Losses In Distribution,Force Losses In Distribution,Energy R2 Score Out Distribution,Force R2 Score Out Distribution,Energy Losses Out Distribution,Force Losses Out Distribution,Energy Correlation In Distribution Energies,Energy Correlation In Distribution Forces,Energy Correlation Out Distribution Energy,Energy Correlation Out Distribution Forces,Force Correlation In Distribution Energy,Force Correlation In Distribution Forces,Force Correlation Out Distribution Energy,Force Correlation Out Distribution Forces
SWAG,0.9675418113380702,0.9971735421361491,0.15628101,0.21242474,0.7547544872172535,0.9548727808576372,0.41971382,0.67153376,-0.16469225129376802,0.529223672916241,0.05458731297894539,0.16126404046469556,-0.030205526843731477,0.27819226102456307,0.314636596747175,0.6057450168008732
SWAG,0.7810074705275045,0.9961207358559226,0.45305097,0.25010768,0.6101540008360269,0.9642669370253683,0.5844114,0.63988763,-0.23324623278531226,0.44409345219673574,0.3907177201929493,0.4779597736382033,-0.14125809219118962,0.4640735001281667,0.41949108776898547,0.789888643232735
SWAG,0.9035818541652514,0.9944474854517207,0.28498906,0.31467408,0.7884784439271595,0.9631946823550349,0.4272874,0.6768784,-0.22051979442437497,0.49752479447331655,0.05584250999763522,0.2667199678702328,-0.050575555835523756,0.27867434741567354,0.1746656231636457,0.5614249698274966
SWAG,0.9285189697506304,0.9977462244205952,0.25220898,0.18386978,0.21402129728296815,0.9389043987959367,0.7755012,0.67876357,-0.19273214452612192,0.5341498899027672,0.5861322042957142,0.29178626794760787,-0.04440923437297662,0.2838355912890796,0.5378808371023952,0.47177598301453044
SWAG,0.8368296920461101,0.9963610265695132,0.3888273,0.22953811,0.01427746579585043,0.8992195011750793,0.8492742,0.89669377,-0.20635961136422004,0.4949526210771493,0.638245997059408,0.5184704921106941,-0.05975494647989333,0.2931372118603385,0.5878683690987255,0.5922455002685691
