{"train_error_energy": 7.036410871347281, "train_error_force": 3.5354244457320365, "train_loss": 1.6538453945952856, "valid_error_energy": 1.2593184922742138, "valid_error_force": 3.913919484017608, "valid_loss": 1.393884301185608, "test_error_energy": 12.292031387093601, "test_error_force": 10.273556349276546, "test_loss": 4.260155288336788, "lr": 0.001, "dataset_size": 2841, "max_uncertainty": 4, "_timestamp": 1733539530.0113692, "_runtime": 231.35341620445251, "_step": 19, "_wandb": {"runtime": 231}}