{"train_error_energy": 1.630146869988493, "train_error_force": 2.8382504584838775, "train_loss": 1.3046300565042803, "valid_error_energy": 1.1888891320938384, "valid_error_force": 2.647738105996754, "valid_loss": 1.341101884841919, "test_error_energy": 9.143242018278583, "test_error_force": 14.071691364340584, "test_loss": 6.915372171951214, "lr": 0.0001, "dataset_size": 990, "max_uncertainty": 6, "_timestamp": 1733714805.7585511, "_runtime": 376.3153910636902, "_step": 19, "_wandb": {"runtime": 376}}