Method,Energy R2 Score In Distribution,Forces R2 Score In Distribution,Energy Losses In Distribution,Force Losses In Distribution,Energy R2 Score Out Distribution,Force R2 Score Out Distribution,Energy Losses Out Distribution,Force Losses Out Distribution,Energy Correlation In Distribution Energies,Energy Correlation In Distribution Forces,Energy Correlation Out Distribution Energy,Energy Correlation Out Distribution Forces,Force Correlation In Distribution Energy,Force Correlation In Distribution Forces,Force Correlation Out Distribution Energy,Force Correlation Out Distribution Forces
SWAG,0.9675418301182367,0.9971735424606111,0.15628095,0.21242474,0.7547544671989984,0.9548727766831339,0.41971377,0.6715337,-0.14588874212013467,0.460039710359345,0.0427199043612255,0.14221006645950268,-0.013703577236378946,0.2241303543887997,0.25935766811478966,0.4724425520410013
SWAG,0.7810074654001776,0.9961207353893268,0.45305097,0.2501077,0.6101540252157407,0.9642669390030513,0.5844113,0.63988763,-0.18787738960602685,0.37910243331154825,0.36457204934431064,0.45493009047257177,-0.09741489080532012,0.29898843518642154,0.34464298822410505,0.6910907519046587
SWAG,0.9035818518104152,0.9944474858242387,0.28498906,0.31467402,0.7884784411775884,0.9631946831562025,0.4272874,0.6768784,-0.18137036930683115,0.4098347825317116,0.01996170859805016,0.21811057674564144,-0.006861194646024847,0.17041561949550485,0.14137413145306338,0.4066571789589383
SWAG,0.9285189217137477,0.9977462245020936,0.25220904,0.18386975,0.21402143926681505,0.9389043414331599,0.7755011,0.67876357,-0.16616438335102213,0.48608177768814426,0.5607811289201783,0.2804418164363402,-0.055018499073298366,0.24860474782803546,0.4680721536635909,0.409669930645336
SWAG,0.8368296938712493,0.9963610281968794,0.38882732,0.22953814,0.014277467911504194,0.8992194946952886,0.8492742,0.89669377,-0.18310409191478022,0.4544949083261347,0.6050877444464492,0.49017319180013813,-0.016618111236563593,0.1972396186138199,0.4709008167565176,0.5124658303714957
