{"train_error_energy": 3.048095189241079, "train_error_force": 4.4286446733353735, "train_loss": 1.4779258847236634, "valid_error_energy": 4.042496664965567, "valid_error_force": 4.43733960659166, "valid_loss": 1.857350766658783, "test_error_energy": 9.771090961344777, "test_error_force": 9.850045756540505, "test_loss": 8.076878382897501, "lr": 0.0001, "dataset_size": 1892, "max_uncertainty": 6, "_timestamp": 1733265387.4807591, "_runtime": 219.24898219108582, "_step": 19, "_wandb": {"runtime": 218}}