{"train_error_energy": 1.8082541825939469, "train_error_force": 1.891945938744052, "train_loss": -2.5447385664339417, "valid_error_energy": 1.0732368930558316, "valid_error_force": 2.1646992557058526, "valid_loss": -2.2247416973114014, "test_error_energy": 14.105978085337702, "test_error_force": 10.757630566795344, "test_loss": 9.957788008045776, "lr": 0.0001, "dataset_size": 845, "max_uncertainty": 6, "_timestamp": 1733008905.2923725, "_runtime": 164.58856844902039, "_step": 19, "_wandb": {"runtime": 164}}