{"train_error_energy": 4.517685203182211, "train_error_force": 4.578621598731905, "train_loss": 1.9050830960273744, "valid_error_energy": 3.961518353996862, "valid_error_force": 4.680876636868362, "valid_loss": 1.7938997745513916, "test_error_energy": 8.66520416311869, "test_error_force": 8.854310125208388, "test_loss": 5.078530383983832, "lr": 0.0001, "dataset_size": 1273, "max_uncertainty": 8, "_timestamp": 1733321371.51475, "_runtime": 213.12929797172546, "_step": 19, "_wandb": {"runtime": 212}}