{"train_loss_energy":2.410725269998823,"_runtime":4810.53732767,"train_loss_total":23.103444508143834,"valid_loss_energy":7.09211277961731,"valid_loss_force":24.896615028381348,"_timestamp":1.7266469712883382e+09,"_wandb":{"runtime":4811},"valid_loss_total":39.523414611816406,"lr":0.001,"train_loss_force":17.835217339651926,"_step":9999}