{"train_error_energy": 2.9237414936985275, "train_error_force": 4.0573483881352965, "train_loss": 1.2963756265178803, "valid_error_energy": 2.6111397598337707, "valid_error_force": 4.346676746459118, "valid_loss": 1.2461042404174805, "test_error_energy": 9.883705128786405, "test_error_force": 9.975375316155755, "test_loss": 7.559467076006984, "lr": 0.0001, "dataset_size": 969, "max_uncertainty": 8, "_timestamp": 1733247743.3238204, "_runtime": 188.23525023460388, "_step": 19, "_wandb": {"runtime": 187}}