{"train_loss_energy": 3.6026511192819175, "train_loss_force": 3.1804299392616158, "train_loss_total": 1.162853581905365, "valid_loss_energy": 4.214815182448285, "valid_loss_force": 3.918978305951399, "valid_loss_total": 1.5494638170514787, "lr": 0.0006, "_timestamp": 1731939434.175866, "_runtime": 2827.2198848724365, "_step": 5999, "_wandb": {"runtime": 2826}}