{"train_loss_energy": 1.4303280858945806, "train_loss_force": 2.300389097232797, "train_loss_total": 1.0416720234430754, "valid_loss_energy": 1.377874114305973, "valid_loss_force": 2.5704667909694554, "valid_loss_total": 1.2895653247833252, "test_loss_energy": 11.438446246288764, "test_loss_force": 10.039352885630963, "test_loss_total": 5.625893560379588, "lr": 0.0001, "dataset_size": 809, "_timestamp": 1732118592.5307524, "_runtime": 629.7009634971619, "_step": 39, "_wandb": {"runtime": 629}}