{"train_error_energy": 2.1063988573789634, "train_error_force": 3.3867486757443785, "train_loss": 1.5385714464409406, "valid_error_energy": 1.169147341283167, "valid_error_force": 2.730419501928087, "valid_loss": 1.361861228942871, "test_error_energy": 7.577653551182018, "test_error_force": 7.139919627499987, "test_loss": 3.7918582337064892, "lr": 0.0001, "dataset_size": 1349, "max_uncertainty": 6, "_timestamp": 1732522062.2679055, "_runtime": 389.32904052734375, "_step": 19, "_wandb": {"runtime": 388}}