{"train_error_energy": 2.108523520522044, "train_error_force": 3.4662433833679813, "train_loss": 1.5801078982469512, "valid_error_energy": 2.497698848083973, "valid_error_force": 3.342109459323394, "valid_loss": 1.7336308360099792, "test_error_energy": 6.03874307912229, "test_error_force": 6.121566898786005, "test_loss": 3.2858374031426396, "lr": 0.0001, "dataset_size": 1307, "max_uncertainty": 8, "_timestamp": 1732640646.240244, "_runtime": 373.05232191085815, "_step": 19, "_wandb": {"runtime": 372}}