Method,Energy R2 Score In Distribution,Forces R2 Score In Distribution,Energy Losses In Distribution,Forces Losses In Distribution,Energy R2 Score Out Distribution,Forces R2 Score Out Distribution,Energy Losses Out Distribution,Forces Losses Out Distribution,Energy Correlation In Distribution Energies,Energy Correlation In Distribution Forces,Energy Correlation Out Distribution Energy,Energy Correlation Out Distribution Forces
EvidentialRegression,0.8074869273963112,0.9925768160839,0.3934393,0.3371758,0.806978877509188,0.9742118686655897,0.39759135,0.5757705,-0.1550535715107725,0.1912348499446159,-0.09072178852092679,-0.22792613125801195
EvidentialRegression,0.9839514042157639,0.9922521510222518,0.09155748,0.34993055,0.5987659130860206,0.9641108322950832,0.53877753,0.6676002,0.03648877810954975,-0.04986674356892144,0.10341697143098537,0.556564141750213
EvidentialRegression,0.9805514051816886,0.9942580685112795,0.10823782,0.30670133,0.5867699145574368,0.970054781983492,0.5052432,0.602617,-0.0050148810303605055,0.09880698258047081,0.6266026759117637,0.4733800323186339
EvidentialRegression,0.8699684693345199,0.9904852866961086,0.3158061,0.38285115,0.7942700748645449,0.9659813870228703,0.36781317,0.6519402,-0.05201109775003281,0.35454478052758276,0.17969774086260834,0.28213376068604556
EvidentialRegression,0.9727785143298628,0.9946725982986813,0.13551226,0.29631191,0.562842061479828,0.9731277460316058,0.5419183,0.5890951,-0.06523481384375361,-0.1258959459743607,0.19066881353128745,0.27678241129867237
