{"train_loss": 0.5174339803365561, "train_uncertainty": NaN, "valid_loss": 0.5782898366451263, "valid_uncertainty": 0.31627145409584045, "in_interval": 16.5, "learning_rate": 0.0001, "_timestamp": 1723642223.1850939, "_runtime": 26.467760801315308, "_step": 49, "_wandb": {"runtime": 26}}