{"train_error_energy": 1.8480796321702058, "train_error_force": 3.099797164073068, "train_loss": 1.411381361848217, "valid_error_energy": 1.4071184779209718, "valid_error_force": 2.7261448109991386, "valid_loss": 1.399089515209198, "test_error_energy": 10.295019612450043, "test_error_force": 8.210443340730452, "test_loss": 4.581209484819342, "lr": 0.0001, "dataset_size": 1864, "max_uncertainty": 4, "_timestamp": 1732475274.860423, "_runtime": 409.990926027298, "_step": 19, "_wandb": {"runtime": 409}}