{"train_loss_energy": 0.07506703019142151, "train_loss_force": 1.8860337271889744, "train_loss_total": 12.733290022711515, "valid_loss_energy": 1.627915341891029, "valid_loss_force": 2.420493786448879, "valid_loss_total": 1.2307652405330114, "lr": 0.0001, "_timestamp": 1731608625.1604376, "_runtime": 6399.826360702515, "_step": 5999, "_wandb": {"runtime": 6399}}