{"train_error_energy": 2.345727285878593, "train_error_force": 2.5610655932420148, "train_loss": -1.7538977417680952, "valid_error_energy": 2.692806675136257, "valid_error_force": 2.4162415757823776, "valid_loss": -1.869241714477539, "test_error_energy": 14.639904949490152, "test_error_force": 9.711809938821938, "test_loss": 5.88887058877196, "lr": 0.0001, "dataset_size": 1416, "max_uncertainty": 4, "_timestamp": 1732805450.9113016, "_runtime": 214.72071957588196, "_step": 19, "_wandb": {"runtime": 214}}