{"train_error_energy": 1.582731739329401, "train_error_force": 1.8544492520927212, "train_loss": -2.610696073734399, "valid_error_energy": 2.1674862940708577, "valid_error_force": 2.0815395664490666, "valid_loss": -2.264025568962097, "test_error_energy": 13.980823340820733, "test_error_force": 10.766159653118367, "test_loss": 9.5975748331759, "lr": 0.0001, "dataset_size": 2107, "max_uncertainty": 3, "_timestamp": 1732811939.7460246, "_runtime": 206.81871151924133, "_step": 19, "_wandb": {"runtime": 206}}