{"train_error_energy": 4.474995137614526, "train_error_force": 3.3592413636304084, "train_loss": 1.7899006247520446, "valid_error_energy": 7.508283359346205, "valid_error_force": 3.6174573377910595, "valid_loss": 2.040213108062744, "test_error_energy": 10.833178053072329, "test_error_force": 7.968081545382079, "test_loss": 4.3813804681388495, "lr": 0.0006, "dataset_size": 942, "_timestamp": 1732348229.9789836, "_runtime": 345.91588854789734, "_step": 19, "_wandb": {"runtime": 345}}