{"train_error_energy": 2.6573678806917425, "train_error_force": 3.542253747722292, "train_loss": 1.0343435521309192, "valid_error_energy": 1.569082113936478, "valid_error_force": 3.674877809793469, "valid_loss": 0.7446970641613007, "test_error_energy": 11.228770826635396, "test_error_force": 14.09616187342343, "test_loss": 14.905890524699426, "lr": 0.0001, "dataset_size": 3317, "max_uncertainty": 4, "_timestamp": 1733230207.2715054, "_runtime": 244.86212730407715, "_step": 19, "_wandb": {"runtime": 244}}