{"train_error_energy": 1.4239172967542386, "train_error_force": 2.7477556214104775, "train_loss": 1.2445093631744384, "valid_error_energy": 1.110938342167741, "valid_error_force": 2.649699375834086, "valid_loss": 1.2931691408157349, "test_error_energy": 11.669458177910272, "test_error_force": 9.896888695080317, "test_loss": 5.55742425319412, "lr": 0.0001, "dataset_size": 1117, "max_uncertainty": 4, "_timestamp": 1732394992.3097289, "_runtime": 366.7698657512665, "_step": 19, "_wandb": {"runtime": 366}}