Method,Energy R2 Score In Distribution,Forces R2 Score In Distribution,Energy Losses In Distribution,Forces Losses In Distribution,Energy R2 Score Out Distribution,Forces R2 Score Out Distribution,Energy Losses Out Distribution,Forces Losses Out Distribution,Force Correlation In Distribution Energy,Force Correlation In Distribution Forces,Force Correlation Out Distribution Energy,Force Correlation Out Distribution Forces
SWAG,0.34727742932944294,0.9965946962018605,0.60405374,0.041908193,0.3391999250619716,0.9122592159125883,0.7241514,0.15682022,0.06363388629312786,0.43399612713999997,0.16895424422327054,0.8194323329953653
SWAG,0.34978690329145745,0.998295538407076,0.60098666,0.025593696,0.05852791429730009,-0.2312947743454279,0.8260197,0.423825,0.03916225223094099,0.6433916829461204,0.3178489193206826,0.6629173115651831
SWAG,0.3508083168788998,0.9976237139158144,0.60053575,0.028471878,0.28436647646457136,0.9390639679776216,0.7478905,0.13523822,0.023012823428677196,0.6095232512878825,0.12449216931267598,0.661403702028615
SWAG,0.3546987601583651,0.9976687918796164,0.59802425,0.03141868,0.3546739345387723,0.8883794683517534,0.7143189,0.16540343,0.13731157161813046,0.5175715670251144,0.16241200078721982,0.8356431306530278
SWAG,0.35583112608016076,0.996585162730074,0.5968848,0.039543055,0.30294512872962687,0.892661727050319,0.73797166,0.16996288,0.037360979226573526,0.5047999430272692,0.0576230729281597,0.7742998208953097
