{"train_error_energy": 1.6430151353162852, "train_error_force": 3.3838413775255205, "train_loss": 0.522015040775515, "valid_error_energy": 1.3017129163056973, "valid_error_force": 3.463897068341009, "valid_loss": 0.40339048206806183, "test_error_energy": 9.917164705020634, "test_error_force": 12.956690333255343, "test_loss": 16.580609875823814, "lr": 0.0001, "dataset_size": 6784, "max_uncertainty": 4, "_timestamp": 1733275359.7735116, "_runtime": 310.2167947292328, "_step": 19, "_wandb": {"runtime": 309}}