{"train_error_energy": 2.455597955452578, "train_error_force": 3.0376220698771164, "train_loss": 0.7452035258382054, "valid_error_energy": 1.98264459088005, "valid_error_force": 3.1950150750885573, "valid_loss": 0.6073081294695536, "test_error_energy": 10.944835773759896, "test_error_force": 17.19310401632853, "test_loss": 17.41531235759795, "lr": 0.0001, "dataset_size": 5660, "max_uncertainty": 3, "_timestamp": 1732934205.1731033, "_runtime": 286.05537939071655, "_step": 19, "_wandb": {"runtime": 285}}