{"train_error_energy": 2.493439741211875, "train_error_force": 3.231647805078824, "train_loss": 0.8463386341929435, "valid_error_energy": 3.881619765716761, "valid_error_force": 3.715291480437352, "valid_loss": 1.6834197044372559, "test_error_energy": 10.09993849753462, "test_error_force": 12.307455457328679, "test_loss": 9.744662349760844, "lr": 0.0001, "dataset_size": 1250, "max_uncertainty": 3, "_timestamp": 1732913159.8006637, "_runtime": 184.4713716506958, "_step": 19, "_wandb": {"runtime": 184}}