{"train_error_energy": 11.240502085672464, "train_error_force": 4.671961356900949, "train_loss": 2.315474728860799, "valid_error_energy": 2.8204736959502354, "valid_error_force": 7.624689147885555, "valid_loss": 2.739993174870809, "test_error_energy": 10.205591673069199, "test_error_force": 14.812554729050149, "test_loss": 5.639292729462628, "lr": 0.001, "dataset_size": 5401, "max_uncertainty": 4, "_timestamp": 1733596096.9318924, "_runtime": 257.2397572994232, "_step": 19, "_wandb": {"runtime": 256}}