{"train_error_energy": 3.1486868685598672, "train_error_force": 1.8919328089328409, "train_loss": -6.124971141815186, "valid_error_energy": 3.2929505552743157, "valid_error_force": 2.354414691313037, "valid_loss": -4.0876436574118475, "test_error_energy": 0.0, "test_error_force": 0.0, "test_loss": 0.0, "lr": 0.00031622776601683794, "_timestamp": 1733412129.820967, "_runtime": 1226.8687899112701, "_step": 2744}