{"train_error_energy": 1.5952517084195774, "train_error_force": 2.641823982767926, "train_loss": 1.2161835267626007, "valid_error_energy": 1.4168335327578014, "valid_error_force": 2.581327701231229, "valid_loss": 1.3032965660095215, "test_error_energy": 10.069818319627043, "test_error_force": 16.173863252749605, "test_loss": 7.927628454737638, "lr": 0.0001, "dataset_size": 924, "max_uncertainty": 6, "_timestamp": 1733696137.9641836, "_runtime": 362.733761548996, "_step": 19, "_wandb": {"runtime": 362}}