{"train_error_energy": 10.45555500956732, "train_error_force": 5.043413536389865, "train_loss": 0.5006937429308891, "valid_error_energy": 5.7935198453518995, "valid_error_force": 4.564395066596347, "valid_loss": -0.07056233286857605, "test_error_energy": 8.862995448328585, "test_error_force": 11.220486746321322, "test_loss": 3.4551017446667736, "lr": 0.001, "dataset_size": 953, "max_uncertainty": 4, "_timestamp": 1732787878.7006345, "_runtime": 152.13567447662354, "_step": 19, "_wandb": {"runtime": 151}}