{"train_error_energy": 4.064391854890887, "train_error_force": 3.555516904795462, "train_loss": 1.4433765777519771, "valid_error_energy": 3.7161323533554236, "valid_error_force": 3.597547227661829, "valid_loss": 1.3193777402242024, "test_error_energy": 11.11093418870325, "test_error_force": 12.439140945667258, "test_loss": 9.08825118878749, "lr": 0.0001, "dataset_size": 4468, "max_uncertainty": 4, "_timestamp": 1733239965.367091, "_runtime": 259.69201588630676, "_step": 19, "_wandb": {"runtime": 259}}