{"_step":6999,"valid_loss_force":0.17358298812593734,"_wandb":{"runtime":4655},"_runtime":4654.634715649,"_timestamp":1.7308877688123522e+09,"lr":0.0001,"train_loss_energy":0.11202747464179992,"train_loss_total":0.9093336892127991,"train_loss_force":0.12758294939994813,"valid_loss_total":1.318134069442749,"valid_loss_energy":0.07751493901014328}