{"train_error_energy": 1.1838411405840465, "train_error_force": 1.893135816774473, "train_loss": -2.585766831597129, "valid_error_energy": 4.189201786421798, "valid_error_force": 2.1624815823469845, "valid_loss": -2.0295580625534058, "test_error_energy": 15.351113148743718, "test_error_force": 9.60093273994185, "test_loss": 8.022297479719391, "lr": 0.0001, "dataset_size": 2911, "max_uncertainty": 3, "_timestamp": 1732833001.6870253, "_runtime": 231.59116220474243, "_step": 19, "_wandb": {"runtime": 231}}