{"train_error_energy": 2.5381734724184364, "train_error_force": 3.2341430792666728, "train_loss": 0.8618905246257782, "valid_error_energy": 2.5854522018212496, "valid_error_force": 3.681942767790039, "valid_loss": 1.0505935549736023, "test_error_energy": 10.050099537475699, "test_error_force": 12.634150144277578, "test_loss": 14.369587034455144, "lr": 0.0001, "dataset_size": 1790, "max_uncertainty": 3, "_timestamp": 1732915431.039656, "_runtime": 229.06666493415833, "_step": 19, "_wandb": {"runtime": 228}}