{"train_error_energy": 12.53005627042507, "train_error_force": 4.657732388376381, "train_loss": 2.3970114425116895, "valid_error_energy": 33.436992947584045, "valid_error_force": 6.92697905627335, "valid_loss": 4.555414199829102, "test_error_energy": 33.14847458026301, "test_error_force": 13.023828046565697, "test_loss": 6.576131416240912, "lr": 0.001, "dataset_size": 3241, "max_uncertainty": 4, "_timestamp": 1733583126.2313783, "_runtime": 228.49056720733643, "_step": 19, "_wandb": {"runtime": 228}}