{"train_error_energy": 4.093530619150585, "train_error_force": 3.5215788793831844, "train_loss": 1.4428566660584703, "valid_error_energy": 5.1688001802134815, "valid_error_force": 3.563649932461999, "valid_loss": 1.7468138138453166, "test_error_energy": 11.380581054455138, "test_error_force": 11.975810138113186, "test_loss": 10.233903165887163, "lr": 0.0001, "dataset_size": 5654, "max_uncertainty": 4, "_timestamp": 1733254122.0560298, "_runtime": 282.6167109012604, "_step": 19, "_wandb": {"runtime": 282}}