{"train_error_energy": 3.133964547197271, "train_error_force": 4.283730224442232, "train_loss": 1.427972239963079, "valid_error_energy": 4.573635390814058, "valid_error_force": 4.204173243340446, "valid_loss": 1.9626906315485637, "test_error_energy": 7.4189351868151165, "test_error_force": 7.775539984899842, "test_loss": 5.146631907418136, "lr": 0.0001, "dataset_size": 3758, "max_uncertainty": 6, "_timestamp": 1733400253.789284, "_runtime": 268.8056330680847, "_step": 19, "_wandb": {"runtime": 268}}