{"train_error_energy": 1.3622613202892304, "train_error_force": 2.4279829797965355, "train_loss": 1.1474303282224214, "valid_error_energy": 1.2633537025367172, "valid_error_force": 2.580451720811149, "valid_loss": 1.3180903196334839, "test_error_energy": 11.735046132617882, "test_error_force": 10.495241353538074, "test_loss": 5.872314208465097, "lr": 0.0001, "dataset_size": 808, "_timestamp": 1732206570.0795865, "_runtime": 34.48855543136597, "_step": 1}