{"train_loss": 12.546665797157893, "train_uncertainty": 2.1967625651094647, "valid_loss": 12.81182336807251, "valid_uncertainty": 2.9933023005723953, "in_interval": 6.849999904632568, "_timestamp": 1723709605.702496, "_runtime": 107.30338907241821, "_step": 15}