{"train_loss": 11.265980039324079, "train_uncertainty": 2.6176936588590105, "valid_loss": 11.324192941188812, "valid_uncertainty": 4.07081800699234, "in_interval": 11.550000190734863, "_timestamp": 1723710477.092476, "_runtime": 978.6933689117432, "_step": 149, "_wandb": {"runtime": 978}}