{"train_error_energy": 1.7268237143925125, "train_error_force": 1.953051902118408, "train_loss": -2.471487709177219, "valid_error_energy": 1.072744887022142, "valid_error_force": 2.142472792674584, "valid_loss": -2.2696210543314614, "test_error_energy": 11.166628745743637, "test_error_force": 7.457346048167881, "test_loss": 5.145186345614688, "lr": 0.0001, "dataset_size": 3914, "max_uncertainty": 4, "_timestamp": 1732864616.1396494, "_runtime": 217.18552541732788, "_step": 19, "_wandb": {"runtime": 216}}