{"train_error_energy": 3.841265570690423, "train_error_force": 3.0349034889291198, "train_loss": 1.1957021727389896, "valid_error_energy": 3.176876761909236, "valid_error_force": 3.133002478733917, "valid_loss": 0.9926412403583527, "test_error_energy": 10.653541176853894, "test_error_force": 15.480215833539294, "test_loss": 12.981393689260432, "lr": 0.0001, "dataset_size": 6200, "max_uncertainty": 3, "_timestamp": 1732937031.4532905, "_runtime": 281.9582095146179, "_step": 19, "_wandb": {"runtime": 281}}