{"train_error_energy": 12.9046181679407, "train_error_force": 6.6848595449624995, "train_loss": 3.1003605800290264, "valid_error_energy": 6.932156336585317, "valid_error_force": 5.132590391710142, "valid_loss": 2.1812853813171387, "test_error_energy": 9.400538496716726, "test_error_force": 9.868994956817698, "test_loss": 3.9312872075285585, "lr": 0.001, "dataset_size": 1978, "max_uncertainty": 8, "_timestamp": 1733620006.6853778, "_runtime": 220.57092380523682, "_step": 19, "_wandb": {"runtime": 220}}