{"train_error_energy": 1.4741862264207521, "train_error_force": 1.8580709777370161, "train_loss": -2.6129419887275027, "valid_error_energy": 3.242287883215124, "valid_error_force": 2.214213414343804, "valid_loss": -2.013141632080078, "test_error_energy": 16.30149911911897, "test_error_force": 9.61881137494479, "test_loss": 8.311900231226577, "lr": 0.0001, "dataset_size": 1824, "max_uncertainty": 5, "_timestamp": 1733070138.6575496, "_runtime": 202.08611750602722, "_step": 19, "_wandb": {"runtime": 201}}