{"train_error_energy": 4.052169784977059, "train_error_force": 3.551916233371237, "train_loss": 1.4500635054803663, "valid_error_energy": 3.1967024989879222, "valid_error_force": 3.775721437281548, "valid_loss": 1.2750049233436584, "test_error_energy": 11.834368649462684, "test_error_force": 14.490206455228424, "test_loss": 9.82413939031631, "lr": 0.0001, "dataset_size": 2950, "max_uncertainty": 4, "_timestamp": 1732926694.5961697, "_runtime": 238.4603247642517, "_step": 19, "_wandb": {"runtime": 238}}