Method,Energy R2 Score In Distribution,Forces R2 Score In Distribution,Energy Errors In Distribution,Force Errors In Distribution,Energy R2 Score Out Distribution,Force R2 Score Out Distribution,Energy Errors Out Distribution,Force Errors Out Distribution,Energy Correlation In Distribution Energies,Energy Correlation In Distribution Forces,Energy Correlation Out Distribution Energy,Energy Correlation Out Distribution Forces
EvidentialRegression,0.972592347826781,0.9962596169254961,1.9476246,3.5353765,0.403994089324923,0.9509599043020421,7.89477,9.117039,0.014486340909919954,0.1470036875049514,0.13696454956968293,0.11432206175129232
EvidentialRegression,0.9843579357725222,0.9961745255043293,1.5392892,3.4640656,0.4560444028073146,0.920583140016093,9.312617,12.294763,-0.002953581624648188,0.06055786632216747,0.12681173110875654,0.09936385363330895
EvidentialRegression,0.9738901387808825,0.9957949602699809,2.055609,3.668386,0.6835384783764202,0.9639234348670587,6.3621006,9.278644,-0.018151401347898555,0.015496467878105687,-0.3107742752429202,-0.4184763313957989
EvidentialRegression,0.9442421483310703,0.9970400329673202,3.226049,3.1213396,0.5253003572705592,0.972285117989086,9.170311,8.134929,0.0537052126408764,0.1702303845610012,-0.4412448988676407,-0.6423814725985318
EvidentialRegression,0.981874513209168,0.9967207921976003,1.6077349,3.271561,0.4339329492889855,0.952939399884264,8.897113,10.429452,-0.05555339632414973,-0.11225941745222383,-0.10204536067119196,-0.24452622624642895
