{"train_error_energy": 1.9818615369100987, "train_error_force": 2.001183980727004, "train_loss": -2.39360001190849, "valid_error_energy": 1.9521187292187125, "valid_error_force": 2.058270306695894, "valid_loss": -2.3242189089457193, "test_error_energy": 12.17711818753383, "test_error_force": 7.92347152137956, "test_loss": 5.5561140794404515, "lr": 0.0001, "dataset_size": 3656, "max_uncertainty": 4, "_timestamp": 1732853002.0332603, "_runtime": 213.015483379364, "_step": 19, "_wandb": {"runtime": 212}}