{"train_error_energy": 2.6964291131322025, "train_error_force": 3.4474977375716285, "train_loss": 1.0057885380727905, "valid_error_energy": 3.517630751627005, "valid_error_force": 3.524568379983629, "valid_loss": 1.367919683456421, "test_error_energy": 10.801352835726611, "test_error_force": 11.946359716353962, "test_loss": 11.34637650394939, "lr": 0.0001, "dataset_size": 5351, "max_uncertainty": 4, "_timestamp": 1732948114.7017193, "_runtime": 275.82225131988525, "_step": 19, "_wandb": {"runtime": 275}}