{"train_error_energy": 2.664441203870586, "train_error_force": 3.5991348268624157, "train_loss": 1.0522237036909377, "valid_error_energy": 1.9042554025171454, "valid_error_force": 3.7986345377358095, "valid_loss": 0.8853500485420227, "test_error_energy": 11.40076356200708, "test_error_force": 14.418338498478821, "test_loss": 14.782715787438198, "lr": 0.0001, "dataset_size": 2687, "max_uncertainty": 4, "_timestamp": 1733226395.6919131, "_runtime": 234.84726905822754, "_step": 19, "_wandb": {"runtime": 234}}