{"train_error_energy": 10.477136917788602, "train_error_force": 5.739084422903334, "train_loss": 2.6214526125362942, "valid_error_energy": 33.31750512117286, "valid_error_force": 6.448213672231095, "valid_loss": 4.387221813201904, "test_error_energy": 42.00405393359288, "test_error_force": 12.178454486866316, "test_loss": 6.885887752652793, "lr": 0.001, "dataset_size": 2661, "max_uncertainty": 4, "_timestamp": 1733538640.369058, "_runtime": 230.42106986045837, "_step": 19, "_wandb": {"runtime": 230}}