{"train_error_energy": 3.0413162250214367, "train_error_force": 4.4200852713659105, "train_loss": 1.456359973218706, "valid_error_energy": 2.4563864847671257, "valid_error_force": 4.887061140584824, "valid_loss": 1.43295556306839, "test_error_energy": 7.101865395849277, "test_error_force": 8.2613164159405, "test_loss": 5.208567347202002, "lr": 0.0001, "dataset_size": 1412, "max_uncertainty": 8, "_timestamp": 1733435015.9866529, "_runtime": 184.76369094848633, "_step": 19, "_wandb": {"runtime": 184}}