{"train_error_energy": 1.3310844088210336, "train_error_force": 1.8575344393834612, "train_loss": -2.623519438685793, "valid_error_energy": 2.3798201402558345, "valid_error_force": 2.544340240735737, "valid_loss": -1.6190806031227112, "test_error_energy": 15.000956040054973, "test_error_force": 9.643346054710719, "test_loss": 8.296625714027444, "lr": 0.0001, "dataset_size": 2091, "max_uncertainty": 5, "_timestamp": 1733072436.985477, "_runtime": 229.70227789878845, "_step": 19, "_wandb": {"runtime": 229}}