{"train_error_energy": 0.0, "train_error_force": 0.0, "train_error_total": 0.0, "valid_error_energy": 0.0, "valid_error_force": 0.0, "valid_error_total": 0.0, "test_error_energy": 12.42631914328964, "test_error_force": 10.720071514019354, "test_error_total": 6.04292312342459, "lr": null, "dataset_size": 800, "_timestamp": 1732181569.6932747, "_runtime": 25.755703687667847, "_step": 0, "_wandb": {"runtime": 25}}