{"train_error_energy": 1.5725304796648885, "train_error_force": 2.2031331903888476, "train_loss": -2.1812270354766112, "valid_error_energy": 1.7844975897665218, "valid_error_force": 2.6610507148897655, "valid_loss": -1.6427522897720337, "test_error_energy": 11.934530594013415, "test_error_force": 9.264204819102078, "test_loss": 6.320412281296016, "lr": 0.0001, "dataset_size": 2062, "max_uncertainty": 4, "_timestamp": 1732809791.9727814, "_runtime": 200.6855273246765, "_step": 19, "_wandb": {"runtime": 200}}