{"train_error_energy": 1.4401817714991203, "train_error_force": 2.0631603402937855, "train_loss": -2.3536748873560054, "valid_error_energy": 1.2264750715862975, "valid_error_force": 2.20526222601208, "valid_loss": -2.1944586038589478, "test_error_energy": 12.319255635011874, "test_error_force": 8.70348555460407, "test_loss": 6.261728344163346, "lr": 0.0001, "dataset_size": 3027, "max_uncertainty": 4, "_timestamp": 1732827537.7377791, "_runtime": 250.52162313461304, "_step": 19, "_wandb": {"runtime": 250}}