{"train_error_energy": 10.360586758792584, "train_error_force": 4.796150167948231, "train_loss": 0.3559450063930482, "valid_error_energy": 14.188014826695113, "valid_error_force": 4.417705754649477, "valid_loss": 0.40707381069660187, "test_error_energy": 11.464229771205758, "test_error_force": 10.5038724013454, "test_loss": 3.484142278501501, "lr": 0.001, "dataset_size": 3134, "max_uncertainty": 4, "_timestamp": 1732792950.2531705, "_runtime": 199.64779353141785, "_step": 19, "_wandb": {"runtime": 199}}