{"train_error_energy": 3.980691366838235, "train_error_force": 3.2656687044276254, "train_loss": 1.3230684783422586, "valid_error_energy": 3.204199969533542, "valid_error_force": 3.2700068518459444, "valid_loss": 1.0621668815612793, "test_error_energy": 8.928028795981465, "test_error_force": 10.510665927401798, "test_loss": 7.657538738550316, "lr": 0.0001, "dataset_size": 8448, "max_uncertainty": 4, "_timestamp": 1733004657.8460288, "_runtime": 134.44084692001343, "_step": 9}