{"train_error_energy": 2.9257401152410663, "train_error_force": 4.443115789230888, "train_loss": 1.4260031774986621, "valid_error_energy": 3.711882304478624, "valid_error_force": 4.708526132725654, "valid_loss": 1.9274433255195618, "test_error_energy": 6.570400611256915, "test_error_force": 8.504651086595835, "test_loss": 5.3372058244275795, "lr": 0.0001, "dataset_size": 1355, "max_uncertainty": 8, "_timestamp": 1733383180.4405358, "_runtime": 221.36354279518127, "_step": 19, "_wandb": {"runtime": 220}}