Method,Energy R2 Score In Distribution,Forces R2 Score In Distribution,Energy Errors In Distribution,Force LosErrorsses In Distribution,Energy R2 Score Out Distribution,Force R2 Score Out Distribution,Energy Errors Out Distribution,Force Errors Out Distribution,Energy Correlation In Distribution Energies,Energy Correlation In Distribution Forces,Energy Correlation Out Distribution Energy,Energy Correlation Out Distribution Forces,Force Correlation In Distribution Energy,Force Correlation In Distribution Forces,Force Correlation Out Distribution Energy,Force Correlation Out Distribution Forces
ModelEnsemble,0.9927007031686736,0.9976242047616312,0.06377193,0.17039694,0.16258822492701897,0.8771595126523511,0.5253477,0.8736413,0.335640155385576,0.5557373681432665,0.8897235238146115,0.7825176614622315,0.3492414940412652,0.9426092204066583,0.6894859626188712,0.9939177800350173
ModelEnsemble,0.9882138777558399,0.9959489681265038,0.07751588,0.23543288,0.7462470881275844,0.9217367649693107,0.38640064,0.83587474,0.3818635150364542,0.4796035444469156,0.5545103706207036,0.8136938330136039,0.2781874340706611,0.8699544428013557,0.598089416875195,0.9448490136873898
ModelEnsemble,0.9920809382275318,0.9978958149197751,0.06355598,0.17057398,0.852190555705173,0.9659516763838263,0.34053448,0.561367,0.20755540739947356,0.490945580979631,0.4264974734790788,0.7102875654656869,0.2924065410192817,0.8654392652834638,0.3377926022973936,0.9716065117189331
ModelEnsemble,0.9881206315110331,0.997370418333305,0.077915736,0.19043514,0.3068877333565124,0.9109781754358068,0.49360844,0.7587851,0.3707419620285397,0.4381397313869581,0.8984184685987754,0.8319963699209946,0.38012143982770163,0.8350610829163913,0.801514396423869,0.9917599845665171
ModelEnsemble,0.990027169991756,0.9978336775310618,0.0794451,0.17626253,0.5970230774990926,0.9666505596996305,0.5272415,0.5568776,0.3350356392334977,0.4182294060104537,0.39474233654166335,0.588166252784283,0.2461033957983007,0.834210302535697,0.6244449887169945,0.9559544265848884
