Method,Energy R2 Score In Distribution,Forces R2 Score In Distribution,Energy Errors In Distribution,Force LosErrorsses In Distribution,Energy R2 Score Out Distribution,Force R2 Score Out Distribution,Energy Errors Out Distribution,Force Errors Out Distribution,Energy Correlation In Distribution Energies,Energy Correlation In Distribution Forces,Energy Correlation Out Distribution Energy,Energy Correlation Out Distribution Forces,Force Correlation In Distribution Energy,Force Correlation In Distribution Forces,Force Correlation Out Distribution Energy,Force Correlation Out Distribution Forces
ModelEnsemble,0.9927006957640784,0.9976242043502923,0.06377197,0.17039694,0.16258820381925354,0.8771595201775457,0.5253477,0.8736414,0.33564027689934045,0.5557365685060447,0.8897235235479467,0.7825176667128677,0.3492411684940175,0.9426093372054671,0.6894860078880961,0.993917779029708
ModelEnsemble,0.9882138730789698,0.995948968135592,0.077515885,0.23543288,0.7462471484729545,0.921736763329498,0.38640055,0.83587474,0.3818626849207499,0.47960300697221364,0.5545104638522101,0.8136938657262621,0.2781873578763444,0.8699543801147347,0.5980892953417437,0.944849010235962
ModelEnsemble,0.9920809304414693,0.9978958147481447,0.063556015,0.17057401,0.8521905619719438,0.965951671473786,0.3405345,0.561367,0.20755814495195174,0.4909445586352419,0.4264972394269183,0.7102876386577521,0.29240657452900815,0.8654393881738798,0.3377920917614654,0.9716065134060888
ModelEnsemble,0.9881206344305463,0.997370418180136,0.07791578,0.19043516,0.3068876865314789,0.9109781697653161,0.4936085,0.7587851,0.37074287472894524,0.43813931709651877,0.8984184803237354,0.8319963287388741,0.3801210144359812,0.8350611536413273,0.8015143853167019,0.9917599880947648
ModelEnsemble,0.9900271763982497,0.9978336777277484,0.079445034,0.17626251,0.5970230781620096,0.9666505625950044,0.5272415,0.55687755,0.3350367445554372,0.418228679959243,0.3947423000576854,0.5881663757341806,0.2461030967766647,0.8342100468745183,0.6244450237211926,0.9559544335155366
