{"train_error_energy": 0.0, "train_error_force": 0.0, "train_loss": 0.0, "valid_error_energy": 0.0, "valid_error_force": 0.0, "valid_loss": 0.0, "test_error_energy": 11.451026022460253, "test_error_force": 12.623542437979905, "test_loss": 10.22045041628533, "lr": null, "dataset_size": 800, "max_uncertainty": 3, "_timestamp": 1732911579.4432292, "_runtime": 166.2288212776184, "_step": 0, "_wandb": {"runtime": 165}}