{"train_loss": 0.5544740818440914, "train_uncertainty": 0.04001558254822157, "valid_loss": 0.5667572245001793, "valid_uncertainty": 0.05498238326981664, "in_interval": 2.8999998569488525, "_timestamp": 1723643708.4895911, "_runtime": 72.09916806221008, "_step": 11, "_wandb": {"runtime": 73}}