{"train_error_energy": 2.6678385719961377, "train_error_force": 3.5140068348111684, "train_loss": 1.0275700053548424, "valid_error_energy": 2.668148182581641, "valid_error_force": 3.649604973065238, "valid_loss": 1.0486141045888264, "test_error_energy": 9.663444400320342, "test_error_force": 11.62877930889649, "test_loss": 9.514846227556, "lr": 0.0001, "dataset_size": 3932, "max_uncertainty": 4, "_timestamp": 1732934378.652648, "_runtime": 263.64058089256287, "_step": 19, "_wandb": {"runtime": 263}}