{"train_error_energy": 1.9709614529666293, "train_error_force": 2.41530506646613, "train_loss": -1.922868610012765, "valid_error_energy": 0.9786875378166229, "valid_error_force": 2.807763184427812, "valid_loss": -1.5772512555122375, "test_error_energy": 12.563127378983959, "test_error_force": 9.646945852362562, "test_loss": 6.073915611386924, "lr": 0.0001, "dataset_size": 1602, "max_uncertainty": 4, "_timestamp": 1732806415.4287553, "_runtime": 200.3820493221283, "_step": 19, "_wandb": {"runtime": 200}}