{"train_error_energy": 8.12036263661477, "train_error_force": 3.79269753599053, "train_loss": 1.8124685356250176, "valid_error_energy": 10.984713416233046, "valid_error_force": 4.177664184625549, "valid_loss": 2.1329636573791504, "test_error_energy": 23.41180956059288, "test_error_force": 10.544882667333516, "test_loss": 5.095084562351566, "lr": 0.001, "dataset_size": 1655, "max_uncertainty": 4, "_timestamp": 1733526549.8261888, "_runtime": 214.12403178215027, "_step": 19, "_wandb": {"runtime": 213}}