{"train_error_energy": 2.6085914975045585, "train_error_force": 3.515920605708565, "train_loss": 1.0104000121355057, "valid_error_energy": 2.2339895518702346, "valid_error_force": 3.7737253197228786, "valid_loss": 0.9912091493606567, "test_error_energy": 11.680364745839228, "test_error_force": 14.438993670839794, "test_loss": 14.990077488085362, "lr": 0.0001, "dataset_size": 2417, "max_uncertainty": 4, "_timestamp": 1733224972.2629607, "_runtime": 238.03322577476501, "_step": 19, "_wandb": {"runtime": 237}}