{"lr":0.001,"train_loss_total":9.997351373944964,"_timestamp":1.7265819171890137e+09,"valid_loss_force":11.721030712127686,"train_loss_energy":2.5314293588910783,"_wandb":{"runtime":1842},"_runtime":1841.985720961,"valid_loss_total":7.827807903289795,"_step":9999,"valid_loss_energy":3.9345853328704834,"train_loss_force":7.465921878814697}