{"train_error_energy": 1.2518169657244587, "train_error_force": 2.2623433331076996, "train_error_total": 1.0235443802980275, "valid_error_energy": 1.0181113606059269, "valid_error_force": 2.5779402355142294, "valid_error_total": 1.2870230674743652, "test_error_energy": 12.28089329921162, "test_error_force": 10.52238063743878, "test_error_total": 5.91852158151996, "lr": 0.0001, "dataset_size": 804, "_timestamp": 1732204715.4503741, "_runtime": 316.4377040863037, "_step": 19, "_wandb": {"runtime": 316}}