{"train_error_energy": 2.218371309918557, "train_error_force": 2.242851428325815, "train_loss": -2.093161907888228, "valid_error_energy": 2.077590195142318, "valid_error_force": 2.3521635189858734, "valid_loss": -1.9782804250717163, "test_error_energy": 12.44215982166771, "test_error_force": 8.889145829407049, "test_loss": 6.090894946253113, "lr": 0.0001, "dataset_size": 990, "max_uncertainty": 6, "_timestamp": 1733033286.5607896, "_runtime": 157.80905151367188, "_step": 19, "_wandb": {"runtime": 157}}