{"train_error_energy": 1.440290349964883, "train_error_force": 3.1073124393969933, "train_loss": 0.25629893868200243, "valid_error_energy": 1.4104836396118543, "valid_error_force": 3.304702044818683, "valid_loss": 0.3640335003534953, "test_error_energy": 12.753562776134249, "test_error_force": 19.94102278390815, "test_loss": 28.056731668442332, "lr": 0.0001, "dataset_size": 4940, "max_uncertainty": 3, "_timestamp": 1732930533.4376242, "_runtime": 285.9044601917267, "_step": 19, "_wandb": {"runtime": 285}}