{"train_error_energy": 5.489739627364304, "train_error_force": 3.49377379976041, "train_loss": 2.0062907126642044, "valid_error_energy": 9.71060234458741, "valid_error_force": 3.5117658689924136, "valid_loss": 2.1910228729248047, "test_error_energy": 10.738760044504124, "test_error_force": 7.551746903051201, "test_loss": 4.219419314599162, "lr": 0.0006, "dataset_size": 963, "_timestamp": 1732369927.5960286, "_runtime": 368.03603768348694, "_step": 19, "_wandb": {"runtime": 367}}