{"train_error_energy": 1.7422071753077446, "train_error_force": 3.0793110184058476, "train_loss": 1.3888662573767871, "valid_error_energy": 1.4426430577950047, "valid_error_force": 2.755468778833807, "valid_loss": 1.3455507159233093, "test_error_energy": 7.381123972306529, "test_error_force": 6.83491591148856, "test_loss": 3.6774200594237962, "lr": 0.0001, "dataset_size": 2610, "max_uncertainty": 4, "_timestamp": 1732606392.60374, "_runtime": 431.0244140625, "_step": 19, "_wandb": {"runtime": 430}}