{"train_error_energy": 7.106227006877749, "train_error_force": 5.595158589875222, "train_loss": 2.347706928253174, "valid_error_energy": 22.844558466141564, "valid_error_force": 5.012659936625191, "valid_loss": 3.206018720354353, "test_error_energy": 0.0, "test_error_force": 0.0, "test_loss": 0.0, "lr": 0.001, "_timestamp": 1733139788.7292998, "_runtime": 2674.435877799988, "_step": 5999, "_wandb": {"runtime": 2674}}