{"train_loss_energy": 4.90220656682533, "train_loss_force": 3.185844532162964, "train_loss_total": 1.431213412284851, "valid_loss_energy": 6.238917326581477, "valid_loss_force": 3.902781132618657, "valid_loss_total": 1.9507860456194197, "lr": 0.001, "_timestamp": 1732094836.1302164, "_runtime": 2790.0742814540863, "_step": 5999, "_wandb": {"runtime": 2789}}