{"train_error_energy": 0.0, "train_error_force": 0.0, "train_loss": 0.0, "valid_error_energy": 0.0, "valid_error_force": 0.0, "valid_loss": 0.0, "test_error_energy": 10.99663486582847, "test_error_force": 13.38648055497512, "test_loss": 16.631807891486204, "lr": null, "dataset_size": 800, "max_uncertainty": 8, "_timestamp": 1733006720.850649, "_runtime": 160.28018021583557, "_step": 0, "_wandb": {"runtime": 160}}