{"train_error_energy": 1.7187338594975494, "train_error_force": 1.7691552229550942, "train_loss": -2.719233168496026, "valid_error_energy": 0.8996493709500304, "valid_error_force": 2.078997464144582, "valid_loss": -2.3310893774032593, "test_error_energy": 12.429977599688844, "test_error_force": 12.158400078192672, "test_loss": 11.826410628114072, "lr": 0.0001, "dataset_size": 1412, "max_uncertainty": 3, "_timestamp": 1732804778.4829214, "_runtime": 192.38360738754272, "_step": 19, "_wandb": {"runtime": 192}}