{"train_error_energy": 4.42835609008839, "train_error_force": 4.294721064201769, "train_loss": 1.8093267057252966, "valid_error_energy": 5.578323030623157, "valid_error_force": 4.548265581672776, "valid_loss": 2.144620656967163, "test_error_energy": 10.475799441233873, "test_error_force": 10.489089091305809, "test_loss": 7.065716149295188, "lr": 0.0001, "dataset_size": 1470, "max_uncertainty": 6, "_timestamp": 1733245321.0742605, "_runtime": 239.45131754875183, "_step": 19, "_wandb": {"runtime": 239}}