{"train_error_energy": 1209381194.066879, "train_error_force": 46783.327148801814, "train_error_total": 80932605.33663404, "valid_error_energy": 4936.531044175361, "valid_error_force": 4282.7004414462135, "valid_error_total": 347.21453857421875, "test_error_energy": 18.298410587724227, "test_error_force": 58.00155781342297, "test_error_total": 14.559956560584263, "lr": 0.001, "dataset_size": 1068, "_timestamp": 1732119842.9990184, "_runtime": 36.85147452354431, "_step": 3}