{"train_error_energy": 2.5867613770215496, "train_error_force": 3.2033896128433756, "train_loss": 0.8662616363496382, "valid_error_energy": 1.968081575975776, "valid_error_force": 3.2292284714079464, "valid_loss": 0.6479754447937012, "test_error_energy": 9.936638098778326, "test_error_force": 11.604217964791795, "test_loss": 12.71612853904045, "lr": 0.0001, "dataset_size": 8408, "max_uncertainty": 4, "_timestamp": 1733323803.070847, "_runtime": 319.29391598701477, "_step": 19, "_wandb": {"runtime": 318}}