{"train_error_energy": 4.61779814288006, "train_error_force": 4.516456452082767, "train_loss": 1.8940465927124024, "valid_error_energy": 4.441707484558179, "valid_error_force": 4.425436159388652, "valid_loss": 1.8125097751617432, "test_error_energy": 7.334932468091522, "test_error_force": 8.13066508239049, "test_loss": 4.551213432981082, "lr": 0.0001, "dataset_size": 3519, "max_uncertainty": 6, "_timestamp": 1733366814.614597, "_runtime": 236.86923909187317, "_step": 19, "_wandb": {"runtime": 236}}