{"train_error_energy": 3.1687107407721666, "train_error_force": 4.402173281492251, "train_loss": 1.486284266625132, "valid_error_energy": 1.918488006098082, "valid_error_force": 4.273392767827949, "valid_loss": 1.098500669002533, "test_error_energy": 5.86512674759275, "test_error_force": 7.9996288459859235, "test_loss": 4.488810802629481, "lr": 0.0001, "dataset_size": 3557, "max_uncertainty": 6, "_timestamp": 1733374071.6046462, "_runtime": 240.8565742969513, "_step": 19, "_wandb": {"runtime": 240}}