{"train_error_energy": 2.1517132017186364, "train_error_force": 3.493008278457566, "train_loss": 1.5675948006766183, "valid_error_energy": 1.9667693198980798, "valid_error_force": 3.4703757941436377, "valid_loss": 1.6834357380867004, "test_error_energy": 6.126100745706928, "test_error_force": 6.127732381270178, "test_loss": 3.248295519364442, "lr": 0.0001, "dataset_size": 1316, "max_uncertainty": 8, "_timestamp": 1732652213.8318431, "_runtime": 371.6072781085968, "_step": 19, "_wandb": {"runtime": 371}}