{"train_error_energy": 1.7633622122978494, "train_error_force": 2.645978351736487, "train_error_total": 1.2427308740037861, "valid_error_energy": 1.360723134675458, "valid_error_force": 2.592879553852817, "valid_error_total": 1.3060575723648071, "test_error_energy": 10.781709215487187, "test_error_force": 9.113597858041107, "test_error_total": 5.054161835715409, "lr": 0.0001, "dataset_size": 1049, "_timestamp": 1732147062.7002113, "_runtime": 320.69278621673584, "_step": 19, "_wandb": {"runtime": 320}}