{"train_error_energy": 3.0101451830442043, "train_error_force": 4.4696434813832315, "train_loss": 1.465380160581498, "valid_error_energy": 2.852643152800715, "valid_error_force": 4.915809286008123, "valid_loss": 1.538734257221222, "test_error_energy": 7.555701162003994, "test_error_force": 8.539400031434079, "test_loss": 5.542579773208858, "lr": 0.0001, "dataset_size": 1336, "max_uncertainty": 8, "_timestamp": 1733370230.1686304, "_runtime": 194.7605173587799, "_step": 19, "_wandb": {"runtime": 194}}