{"train_error_energy": 2.4446930955393267, "train_error_force": 3.4194707023216733, "train_loss": 1.5597200637513942, "valid_error_energy": 1.6586170991776088, "valid_error_force": 3.221921004444547, "valid_loss": 1.5568562746047974, "test_error_energy": 7.275030958757736, "test_error_force": 6.980221516559389, "test_loss": 3.6869623274079166, "lr": 0.0001, "dataset_size": 1401, "max_uncertainty": 6, "_timestamp": 1732541994.9172978, "_runtime": 394.18329977989197, "_step": 19, "_wandb": {"runtime": 393}}