{"train_error_energy": 2.6868073971501976, "train_error_force": 3.3583981446185813, "train_loss": 0.9602590246476989, "valid_error_energy": 2.1642683352411956, "valid_error_force": 3.415339663355823, "valid_loss": 0.8035398423671722, "test_error_energy": 9.336129149617229, "test_error_force": 11.195977952135058, "test_loss": 9.599439124162284, "lr": 0.0001, "dataset_size": 6604, "max_uncertainty": 4, "_timestamp": 1732964839.6614482, "_runtime": 265.5629472732544, "_step": 19, "_wandb": {"runtime": 265}}