{"train_error_energy": 21.819308154385684, "train_error_force": 4.243731929650068, "train_loss": 2.8801231527328492, "valid_error_energy": 40.00913349252088, "valid_error_force": 4.898963468926719, "valid_loss": 4.316637856619699, "test_error_energy": 0.0, "test_error_force": 0.0, "test_loss": 0.0, "lr": 0.001, "_timestamp": 1733142556.1779501, "_runtime": 2653.32546710968, "_step": 5999, "_wandb": {"runtime": 2653}}