Method,Energy R2 Score In Distribution,Forces R2 Score In Distribution,Energy Losses In Distribution,Force Losses In Distribution,Energy R2 Score Out Distribution,Force R2 Score Out Distribution,Energy Losses Out Distribution,Force Losses Out Distribution,Energy Correlation In Distribution Energies,Energy Correlation In Distribution Forces,Energy Correlation Out Distribution Energy,Energy Correlation Out Distribution Forces,Force Correlation In Distribution Energy,Force Correlation In Distribution Forces,Force Correlation Out Distribution Energy,Force Correlation Out Distribution Forces
SWAG,0.868963359314677,0.9971800603800948,0.3412911,0.21166463,0.6159268990102327,0.9219362717806368,0.5126227,0.78976583,0.024051302087238848,0.011603487512943716,0.03561023247397111,0.04592212953667917,-0.03464395807653941,0.032025558618274816,0.05158836221963636,0.050784519296090985
SWAG,0.33476805013854216,0.9943258874610251,0.79642665,0.29734254,0.46037926638196747,0.956261283518534,0.7486406,0.701501,-0.010057130720324941,-0.010941192800393068,0.008607659255977639,0.020467629587130946,-0.013205833445638655,-0.017205186186037787,-0.011671974085410526,-0.047334153161466705
SWAG,0.836807559886259,0.9969717462008117,0.37591574,0.21289152,0.37551865888425495,0.9179348873177681,0.68628794,0.7054574,0.0028638718198739166,-0.08868373418119337,-0.159151083641983,-0.1320079944290224,-0.02965831838576015,0.06976451485146587,0.06627868732496604,0.06832657018323296
SWAG,-3.3357816464423617,0.989758527067783,2.0504956,0.27876058,-2.3883523805666265,0.7908310274277994,2.0797923,1.0754225,-0.02481392209836128,0.009777344927386088,-0.007393079145468678,0.023496465430783722,-0.019525608723522034,0.002909358629546468,0.006294868240897318,-0.012592990393538681
SWAG,0.8207402642056831,0.996024762476509,0.4098893,0.24235843,0.7265012225427209,0.9603312173795079,0.49887207,0.63144606,-0.021459967069103643,-0.0017417199557766144,-0.00396447586364839,0.04730083951982863,-0.015044230800612608,0.035303596194411146,0.008548978618896252,0.047965026639594205
