{"train_error_energy": 0.0, "train_error_force": 0.0, "train_error_total": 0.0, "valid_error_energy": 0.0, "valid_error_force": 0.0, "valid_error_total": 0.0, "test_error_energy": 11.499433879757648, "test_error_force": 12.762495017186946, "test_error_total": 5.039920959173073, "lr": null, "dataset_size": 800, "_timestamp": 1732180492.4135056, "_runtime": 17.321730613708496, "_step": 0, "_wandb": {"runtime": 16}}