{"train_error_energy": 2.2161140015372247, "train_error_force": 3.4769560650292783, "train_loss": 1.5695952829860507, "valid_error_energy": 2.0849707866532405, "valid_error_force": 3.1976593083079745, "valid_loss": 1.6722183227539062, "test_error_energy": 5.945288861892538, "test_error_force": 6.030033371981903, "test_loss": 3.2909755931474773, "lr": 0.0001, "dataset_size": 1325, "max_uncertainty": 8, "_timestamp": 1732663650.3114183, "_runtime": 372.83040833473206, "_step": 19, "_wandb": {"runtime": 372}}