{"train_error_energy": 2.5317911913825086, "train_error_force": 3.2091611112675325, "train_loss": 0.8448184839316777, "valid_error_energy": 2.9693992741296587, "valid_error_force": 3.573366954209617, "valid_loss": 1.192336082458496, "test_error_energy": 11.912010284264188, "test_error_force": 14.291156051775761, "test_loss": 16.58779903731421, "lr": 0.0001, "dataset_size": 2240, "max_uncertainty": 3, "_timestamp": 1732917475.7574227, "_runtime": 242.4013476371765, "_step": 19, "_wandb": {"runtime": 242}}