{"train_error_energy": 6.020401694829562, "train_error_force": 4.8086073855919045, "train_loss": 0.11683715283870696, "valid_error_energy": 2.414686343132645, "valid_error_force": 3.9623146188626994, "valid_loss": -0.5925342440605164, "test_error_energy": 14.755194299025165, "test_error_force": 11.203738170057836, "test_loss": 3.7901477863651296, "lr": 0.0001, "dataset_size": 947, "max_uncertainty": 6, "_timestamp": 1733006822.437816, "_runtime": 171.9506278038025, "_step": 19, "_wandb": {"runtime": 171}}