{"train_error_energy": 11.848348000901696, "train_error_force": 6.197714928645014, "train_loss": 2.866669054031372, "valid_error_energy": 10.922747726985387, "valid_error_force": 6.006976206742865, "valid_loss": 2.740905795778547, "test_error_energy": 0.0, "test_error_force": 0.0, "test_loss": 0.0, "lr": 0.001, "_timestamp": 1733145328.60414, "_runtime": 2656.5116131305695, "_step": 5999, "_wandb": {"runtime": 2656}}