{"train_error_energy": 3.0071747404899387, "train_error_force": 4.2273173394171835, "train_loss": 1.3737123048666753, "valid_error_energy": 2.4849930126136144, "valid_error_force": 4.453101910093596, "valid_loss": 1.2495768070220947, "test_error_energy": 9.320695477795315, "test_error_force": 9.982721103663105, "test_loss": 7.405401304754287, "lr": 0.0001, "dataset_size": 1048, "max_uncertainty": 8, "_timestamp": 1733254421.564673, "_runtime": 196.74125385284424, "_step": 19, "_wandb": {"runtime": 196}}