{"train_error_energy": 2.6699262884906854, "train_error_force": 3.558633783430224, "train_loss": 1.038088560725252, "valid_error_energy": 1.620862821810828, "valid_error_force": 3.7037169155628793, "valid_loss": 0.7766757607460022, "test_error_energy": 11.391070398694975, "test_error_force": 14.950385424156742, "test_loss": 13.917251726719721, "lr": 0.0001, "dataset_size": 3047, "max_uncertainty": 4, "_timestamp": 1733228479.881605, "_runtime": 239.1375699043274, "_step": 19, "_wandb": {"runtime": 238}}