{"train_error_energy": 1.9786185977706783, "train_error_force": 3.1836747783982506, "train_loss": 1.4474615689479944, "valid_error_energy": 1.7943597175742367, "valid_error_force": 3.005141012088257, "valid_loss": 1.4960758686065674, "test_error_energy": 8.364942253020796, "test_error_force": 7.798480276637663, "test_loss": 4.205753814487557, "lr": 0.0001, "dataset_size": 1049, "max_uncertainty": 8, "_timestamp": 1732454808.0403357, "_runtime": 370.65345573425293, "_step": 19, "_wandb": {"runtime": 370}}