{"train_error_energy": 3.148546071080773, "train_error_force": 4.269102429245782, "train_loss": 1.4351666544665809, "valid_error_energy": 4.737384647822283, "valid_error_force": 4.327934239108084, "valid_loss": 2.0762081146240234, "test_error_energy": 7.319643055565185, "test_error_force": 7.6193009680270025, "test_loss": 4.947177320250666, "lr": 0.0001, "dataset_size": 3797, "max_uncertainty": 6, "_timestamp": 1733405017.9299664, "_runtime": 262.82541036605835, "_step": 19, "_wandb": {"runtime": 262}}