{"train_error_energy": 1.910319785932175, "train_error_force": 2.170904362429671, "train_loss": -4.84219467255377, "valid_error_energy": 1.0458953486273586, "valid_error_force": 2.401942542572906, "valid_loss": -4.236568927764893, "test_error_energy": 13.57714863322226, "test_error_force": 11.283707114793211, "test_loss": 93.55782577754316, "lr": 0.0001, "dataset_size": 963, "max_uncertainty": 4, "_timestamp": 1733703660.2913203, "_runtime": 202.77064037322998, "_step": 19, "_wandb": {"runtime": 202}}