{"train_error_energy": 1.4173759187460866, "train_error_force": 1.854120007565348, "train_loss": -2.62224908556257, "valid_error_energy": 0.799509823301375, "valid_error_force": 2.1441326427113783, "valid_loss": -2.2721816301345825, "test_error_energy": 11.135472822886678, "test_error_force": 8.947890655300041, "test_loss": 7.241746393173777, "lr": 0.0001, "dataset_size": 3356, "max_uncertainty": 3, "_timestamp": 1732849516.0173354, "_runtime": 227.41689133644104, "_step": 19, "_wandb": {"runtime": 227}}