{"train_error_energy": 11.028630623449134, "train_error_force": 4.62516427996109, "train_loss": 0.32283273241559013, "valid_error_energy": 11.468065339343122, "valid_error_force": 4.800701807035629, "valid_loss": 0.42930303514003754, "test_error_energy": 10.940416241214749, "test_error_force": 10.73689399312314, "test_loss": 3.4520234861923136, "lr": 0.001, "dataset_size": 1937, "max_uncertainty": 4, "_timestamp": 1732789923.0223734, "_runtime": 179.06174850463867, "_step": 19, "_wandb": {"runtime": 178}}