{"train_error_energy": 9.585652095929913, "train_error_force": 4.998776909973095, "train_loss": 2.3140846360081864, "valid_error_energy": 13.202189044899265, "valid_error_force": 5.867696615923666, "valid_loss": 2.846848964691162, "test_error_energy": 12.05151145962483, "test_error_force": 12.119584635162406, "test_loss": 4.861746495930936, "lr": 0.001, "dataset_size": 7561, "max_uncertainty": 4, "_timestamp": 1733609743.2256904, "_runtime": 278.68154525756836, "_step": 19, "_wandb": {"runtime": 278}}