{"train_error_energy": 2.114887493569115, "train_error_force": 1.9359436259847447, "train_loss": -2.4654756033862077, "valid_error_energy": 3.049399622209448, "valid_error_force": 2.65582990275977, "valid_loss": -1.4378161430358887, "test_error_energy": 12.490098348364224, "test_error_force": 10.686518025032665, "test_loss": 8.637619305655594, "lr": 0.0001, "dataset_size": 841, "max_uncertainty": 5, "_timestamp": 1733063449.112157, "_runtime": 173.3652319908142, "_step": 19, "_wandb": {"runtime": 173}}