{"train_error_energy": 8.295373137325154, "train_error_force": 4.136824327248431, "train_loss": 1.9393262671059872, "valid_error_energy": 1.2458018627762457, "valid_error_force": 4.124346725640578, "valid_loss": 1.4633894165356953, "test_error_energy": 9.880674370880534, "test_error_force": 12.530750021431217, "test_loss": 4.854049929773621, "lr": 0.001, "dataset_size": 10620, "max_uncertainty": 4, "_timestamp": 1733632285.663706, "_runtime": 313.64626717567444, "_step": 19, "_wandb": {"runtime": 313}}