{"train_error_energy": 0.0, "train_error_force": 0.0, "train_error_total": 0.0, "valid_error_energy": 12.428229103627228, "valid_error_force": 10.719659023506846, "valid_error_total": 6.0428987098613955, "test_error_energy": 0.0, "test_error_force": 0.0, "test_error_total": 0.0, "lr": null, "dataset_size": 800, "_timestamp": 1732119559.2598116, "_runtime": 32.339627742767334, "_step": 0, "_wandb": {"runtime": 32}}