{"train_error_energy": 2.584350556968352, "train_error_force": 3.2147672285401345, "train_loss": 0.8720931242791843, "valid_error_energy": 3.8573478490663895, "valid_error_force": 3.2585137393450525, "valid_loss": 1.422402286529541, "test_error_energy": 11.05624316303193, "test_error_force": 11.687698963877446, "test_loss": 13.173309555852601, "lr": 0.0001, "dataset_size": 8257, "max_uncertainty": 4, "_timestamp": 1733317950.9854863, "_runtime": 310.72478222846985, "_step": 19, "_wandb": {"runtime": 310}}