{"train_error_energy": 1.623784024759403, "train_error_force": 3.044084822289376, "train_loss": 1.3740506516053126, "valid_error_energy": 1.5708109171854612, "valid_error_force": 2.842627160613164, "valid_loss": 1.4395427703857422, "test_error_energy": 10.404868690758834, "test_error_force": 8.734113581377347, "test_loss": 4.8485341970833185, "lr": 0.0001, "dataset_size": 1646, "max_uncertainty": 4, "_timestamp": 1732445623.4070997, "_runtime": 401.96475768089294, "_step": 19, "_wandb": {"runtime": 401}}