{"train_error_energy": 0.0, "train_error_force": 0.0, "train_loss": 0.0, "valid_error_energy": 0.0, "valid_error_force": 0.0, "valid_loss": 0.0, "test_error_energy": 50.0249393917952, "test_error_force": 63.777004329331895, "test_loss": 24.480050012079207, "lr": null, "dataset_size": 800, "max_uncertainty": 3, "_timestamp": 1732888203.562763, "_runtime": 127.47819495201111, "_step": 0, "_wandb": {"runtime": 126}}