{"train_error_energy": 0.0, "train_error_force": 0.0, "train_error_total": 0.0, "valid_error_energy": 0.0, "valid_error_force": 0.0, "valid_error_total": 0.0, "test_error_energy": 12.428591641639393, "test_error_force": 10.719462142012791, "test_error_total": 6.043175078187313, "lr": null, "dataset_size": 800, "_timestamp": 1732202871.9060204, "_runtime": 24.862634420394897, "_step": 0, "_wandb": {"runtime": 24}}