{"train_error_energy": 3.0361927784452742, "train_error_force": 4.499420090333613, "train_loss": 1.47975094725446, "valid_error_energy": 2.4661849291991054, "valid_error_force": 4.573176915042593, "valid_loss": 1.3402211666107178, "test_error_energy": 7.907573566901279, "test_error_force": 8.843534346840398, "test_loss": 5.7319178606203085, "lr": 0.0001, "dataset_size": 1296, "max_uncertainty": 8, "_timestamp": 1733339368.3707643, "_runtime": 210.82182216644287, "_step": 19, "_wandb": {"runtime": 210}}