{"train_error_energy": 13.454733163584647, "train_error_force": 5.430024073784349, "train_loss": 2.717302680015564, "valid_error_energy": 2.605487414898967, "valid_error_force": 7.417183845018499, "valid_loss": 2.6561741828918457, "test_error_energy": 8.150235911969531, "test_error_force": 11.789101765469365, "test_loss": 4.490090013174487, "lr": 0.001, "dataset_size": 1403, "max_uncertainty": 8, "_timestamp": 1733592197.3504105, "_runtime": 211.93181347846985, "_step": 19, "_wandb": {"runtime": 211}}