{"train_error_energy": 9.499662329321744, "train_error_force": 3.9313560622756776, "train_loss": 1.951167735031673, "valid_error_energy": 51.426039568040025, "valid_error_force": 7.753491076224803, "valid_loss": 6.035806179046631, "test_error_energy": 40.899969916067725, "test_error_force": 12.701561542450229, "test_loss": 6.987035057307538, "lr": 0.001, "dataset_size": 2211, "max_uncertainty": 4, "_timestamp": 1733536247.3590024, "_runtime": 222.81277132034302, "_step": 19, "_wandb": {"runtime": 222}}