{"train_error_energy": 1.5527784778833824, "train_error_force": 2.4082905536344055, "train_loss": 1.092878445982933, "valid_error_energy": 1.4271906540769135, "valid_error_force": 2.5943418221341243, "valid_loss": 1.3095532655715942, "test_error_energy": 11.649854969206316, "test_error_force": 10.525571358061148, "test_loss": 5.8985874016247495, "lr": 0.0001, "dataset_size": 887, "max_uncertainty": 4, "_timestamp": 1732380332.801229, "_runtime": 353.12850189208984, "_step": 19, "_wandb": {"runtime": 352}}