{"train_error_energy": 1.4186385297243453, "train_error_force": 3.1054474587175758, "train_loss": 0.25025759561906885, "valid_error_energy": 1.165754846954622, "valid_error_force": 3.2987845380426033, "valid_loss": 0.2086015542348226, "test_error_energy": 12.32964278460599, "test_error_force": 19.70617376160527, "test_loss": 27.399540536690758, "lr": 0.0001, "dataset_size": 5030, "max_uncertainty": 3, "_timestamp": 1732930967.5475016, "_runtime": 259.81292247772217, "_step": 19, "_wandb": {"runtime": 259}}