{"train_error_energy": 1.4841650922556489, "train_error_force": 1.8108916831643265, "train_loss": -2.6765938255521986, "valid_error_energy": 1.152525145206944, "valid_error_force": 2.412164837724159, "valid_loss": -1.8708341121673584, "test_error_energy": 14.704039809652103, "test_error_force": 9.069174081040762, "test_loss": 7.761545061440992, "lr": 0.0001, "dataset_size": 2851, "max_uncertainty": 5, "_timestamp": 1733081193.3770914, "_runtime": 240.1408884525299, "_step": 19, "_wandb": {"runtime": 239}}