{"train_error_energy": 3.979897879237974, "train_error_force": 3.4373798607917903, "train_loss": 1.383345101124201, "valid_error_energy": 3.30687574102123, "valid_error_force": 3.871113344735304, "valid_loss": 1.333217978477478, "test_error_energy": 11.665876450267653, "test_error_force": 11.76243712358644, "test_loss": 12.00604116230111, "lr": 0.0001, "dataset_size": 1247, "max_uncertainty": 4, "_timestamp": 1733219351.5946877, "_runtime": 196.293283700943, "_step": 19, "_wandb": {"runtime": 196}}