{"train_error_energy": 13.154091418954957, "train_error_force": 6.103952299637604, "train_loss": 2.9226820591618035, "valid_error_energy": 18.207197364074602, "valid_error_force": 8.172793110185335, "valid_loss": 3.9530797004699707, "test_error_energy": 16.354350785727448, "test_error_force": 12.596601378582971, "test_loss": 5.309306539166036, "lr": 0.001, "dataset_size": 2161, "max_uncertainty": 4, "_timestamp": 1733577053.8326368, "_runtime": 210.6822669506073, "_step": 19, "_wandb": {"runtime": 210}}