{"train_loss_energy": 3.0286204322030246, "train_loss_force": 2.864289735840797, "train_loss_total": 0.8684195840358734, "valid_loss_energy": 2.2290992951116393, "valid_loss_force": 4.012385506717009, "valid_loss_total": 1.02829544033323, "lr": 0.00035999999999999997, "_timestamp": 1731936492.0503817, "_runtime": 2802.539796590805, "_step": 5999, "_wandb": {"runtime": 2802}}