{"train_error_energy": 11.673031867122535, "train_error_force": 5.490153271413141, "train_loss": 2.6181895342740145, "valid_error_energy": 14.578788044341083, "valid_error_force": 6.433088870493949, "valid_loss": 3.1281538009643555, "test_error_energy": 18.482791207427503, "test_error_force": 11.21954418199757, "test_loss": 4.990975412398733, "lr": 0.001, "dataset_size": 1741, "max_uncertainty": 8, "_timestamp": 1733601543.6079907, "_runtime": 217.98741579055786, "_step": 19, "_wandb": {"runtime": 217}}