{"train_error_energy": 0.0, "train_error_force": 0.0, "train_loss": 0.0, "valid_error_energy": 0.0, "valid_error_force": 0.0, "valid_loss": 0.0, "test_error_energy": 9.371962005888795, "test_error_force": 10.673030868594099, "test_loss": 4.198407830992294, "lr": null, "dataset_size": 800, "max_uncertainty": 8, "_timestamp": 1733562375.9359584, "_runtime": 250.76939845085144, "_step": 0, "_wandb": {"runtime": 250}}