{"train_loss_energy": 2.526753211691588, "train_loss_force": 2.6649829139107464, "train_loss_total": 0.6828643572330475, "valid_loss_energy": 3.0011528088365287, "valid_loss_force": 3.6847805575460195, "valid_loss_total": 1.2682191984994071, "lr": 0.0001, "_timestamp": 1731516117.3227108, "_runtime": 2730.861133813858, "_step": 5999, "_wandb": {"runtime": 2730}}