{"train_error_energy": 2.553405732562371, "train_error_force": 3.194195735101597, "train_loss": 0.8514786292005468, "valid_error_energy": 2.291175152457519, "valid_error_force": 3.272734682485048, "valid_loss": 0.7544690012931824, "test_error_energy": 9.75164642364311, "test_error_force": 10.9042030100832, "test_loss": 11.690105043780742, "lr": 0.0001, "dataset_size": 8614, "max_uncertainty": 4, "_timestamp": 1733331795.7258162, "_runtime": 332.4919192790985, "_step": 19, "_wandb": {"runtime": 332}}