{"train_error_energy": 1.5762496043271974, "train_error_force": 2.645237430274737, "train_loss": 1.2126953078038765, "valid_error_energy": 1.3595029077557739, "valid_error_force": 2.6550697102955723, "valid_loss": 1.3601330518722534, "test_error_energy": 12.03532233084694, "test_error_force": 9.993850625194904, "test_loss": 5.625651297144865, "lr": 0.0001, "dataset_size": 1051, "_timestamp": 1732216561.238297, "_runtime": 329.6311240196228, "_step": 19, "_wandb": {"runtime": 329}}