{"train_error_energy": 3.001906569556543, "train_error_force": 4.358729411679117, "train_loss": 1.411418522728814, "valid_error_energy": 2.901963811950855, "valid_error_force": 4.653800291392689, "valid_loss": 1.5028212666511536, "test_error_energy": 7.173033168886604, "test_error_force": 8.09656809415861, "test_loss": 5.3289761693065705, "lr": 0.0001, "dataset_size": 1434, "max_uncertainty": 8, "_timestamp": 1733479572.2257729, "_runtime": 185.5744218826294, "_step": 19, "_wandb": {"runtime": 185}}