{"train_loss_energy": 0.22508595539175114, "train_loss_force": 63.83931631685257, "train_loss_total": 2.0458338260650635, "valid_loss_energy": 14.025442682009084, "valid_loss_force": 65.99285153233664, "valid_loss_total": 2.9862803391047885, "lr": 1.0000000000000004e-08, "_timestamp": 1731496922.3834805, "_runtime": 2607.2787544727325, "_step": 5999, "_wandb": {"runtime": 2606}}