{"train_error_energy": 2.08827764070846, "train_error_force": 4.511414104138511, "train_loss": 1.1067297618563583, "valid_error_energy": 1.8110079102732466, "valid_error_force": 4.733219250332461, "valid_loss": 1.090092033147812, "test_error_energy": 6.726668437553495, "test_error_force": 8.866093193507364, "test_loss": 6.505653848198696, "lr": 0.0001, "dataset_size": 1297, "max_uncertainty": 8, "_timestamp": 1733341943.8900979, "_runtime": 215.14374995231628, "_step": 19, "_wandb": {"runtime": 214}}