Method,Energy R2 Score In Distribution,Forces R2 Score In Distribution,Energy Losses In Distribution,Forces Losses In Distribution,Energy R2 Score Out Distribution,Forces R2 Score Out Distribution,Energy Losses Out Distribution,Forces Losses Out Distribution,Energy Correlation In Distribution Energies,Energy Correlation In Distribution Forces,Energy Correlation Out Distribution Energy,Energy Correlation Out Distribution Forces,Force Correlation In Distribution Energy,Force Correlation In Distribution Forces,Force Correlation Out Distribution Energy,Force Correlation Out Distribution Forces
ModelEnsemble,0.35605944513247045,0.32380790236743096,0.5931524,3.32909,0.22802862928419387,0.29583732948416064,0.77321184,3.3949049,0.10484818204153513,0.134314834080017,0.2517430919453464,0.1716016432521591,0.1048485873126113,0.134314872897796,0.251743122171449,0.17160168437990803
ModelEnsemble,0.35802870311444623,0.3236129298355673,0.5925874,3.329467,0.32484287429531367,0.3008392625699882,0.7299326,3.384421,0.07875865360954212,0.09927828260229044,0.11439817693732357,0.10363073559772994,0.07875873693707273,0.09927817658398176,0.11439825171105616,0.10363073352535918
ModelEnsemble,0.35507574048311474,0.32484299311582265,0.5924302,3.3264518,0.2817909075177536,0.29655101519976795,0.7508944,3.3944633,0.06470974105421465,0.08773337297864368,0.14617231283623652,0.1402548189926569,0.0647098547897901,0.08773350341173095,0.14617232695890706,0.14025489595035348
ModelEnsemble,0.3601996305477386,0.3247128786944596,0.5918722,3.3268037,0.26610172764545503,0.3006952457715053,0.75708336,3.3831072,0.08106383807156149,0.10270248650325826,0.11417792112275019,0.12916269109963227,0.08106385748668839,0.10270245075851962,0.11417790205312889,0.12916269470954567
ModelEnsemble,0.3578438492386772,0.3222974925764754,0.5954331,3.3323052,0.3339211332330134,0.30913090807464777,0.7244515,3.3634567,0.09805188803140419,0.1537354609809742,0.11574847249031804,0.12145934408592404,0.09805198971287907,0.15373556565298577,0.11574847091150196,0.12145927303080854
