{"train_error_energy": 2.1610957933833848, "train_error_force": 1.9151522068778226, "train_loss": -2.491478857241179, "valid_error_energy": 1.9118272668244194, "valid_error_force": 2.007102866760953, "valid_loss": -2.3882195154825845, "test_error_energy": 8.455746446273231, "test_error_force": 7.087761574115266, "test_loss": 4.541818837220756, "lr": 0.0001, "dataset_size": 4249, "max_uncertainty": 4, "_timestamp": 1732883359.549266, "_runtime": 246.25961208343506, "_step": 19, "_wandb": {"runtime": 245}}