{"train_error_energy": 4.4148321678944615, "train_error_force": 4.448322047601939, "train_loss": 1.830728020778922, "valid_error_energy": 4.523357588340147, "valid_error_force": 4.922014184428546, "valid_loss": 1.9719668626785278, "test_error_energy": 9.060106401188602, "test_error_force": 8.470016358205577, "test_loss": 5.223344073869795, "lr": 0.0001, "dataset_size": 1373, "max_uncertainty": 8, "_timestamp": 1733403531.8894384, "_runtime": 217.94447231292725, "_step": 19, "_wandb": {"runtime": 217}}