{"train_error_energy": 1.391222913055685, "train_error_force": 3.0340055866613143, "train_loss": 0.1912256933319631, "valid_error_energy": 1.1868427748091188, "valid_error_force": 3.1762312997224784, "valid_loss": 0.1628243327140808, "test_error_energy": 11.669994523763426, "test_error_force": 18.56840113805672, "test_loss": 27.265125044977477, "lr": 0.0001, "dataset_size": 6110, "max_uncertainty": 3, "_timestamp": 1732936561.843487, "_runtime": 290.7508339881897, "_step": 19, "_wandb": {"runtime": 290}}