{"train_error_energy": 2.8604628613625063, "train_error_force": 3.9340995433747517, "train_loss": 1.2520932392640547, "valid_error_energy": 2.460940068801349, "valid_error_force": 4.193275518446546, "valid_loss": 1.1946669816970825, "test_error_energy": 8.729080685102312, "test_error_force": 11.19166896607731, "test_loss": 8.521508791059723, "lr": 0.0001, "dataset_size": 1044, "max_uncertainty": 6, "_timestamp": 1733223112.2315376, "_runtime": 222.3699414730072, "_step": 19, "_wandb": {"runtime": 222}}