{"train_error_energy": 2.1054623560220347, "train_error_force": 3.4921007897642657, "train_loss": 1.5681051656051919, "valid_error_energy": 1.6569996861688758, "valid_error_force": 3.1996441810747744, "valid_loss": 1.5405768752098083, "test_error_energy": 6.053215988372458, "test_error_force": 5.934657648261569, "test_loss": 3.1323652854140516, "lr": 0.0001, "dataset_size": 1712, "max_uncertainty": 6, "_timestamp": 1732674968.5748703, "_runtime": 389.1914882659912, "_step": 19, "_wandb": {"runtime": 388}}