{"train_error_energy": 2.654699920178224, "train_error_force": 3.473370884158482, "train_loss": 1.0003231464031928, "valid_error_energy": 2.0039099396544455, "valid_error_force": 3.556680536640556, "valid_loss": 0.8113318284352621, "test_error_energy": 10.326364046306452, "test_error_force": 12.547702795793775, "test_loss": 12.495881385204056, "lr": 0.0001, "dataset_size": 5322, "max_uncertainty": 4, "_timestamp": 1733249546.3947697, "_runtime": 302.5077176094055, "_step": 19, "_wandb": {"runtime": 302}}