{"train_error_energy": 2.529216608806855, "train_error_force": 3.1457204178628504, "train_loss": 0.8239656497325216, "valid_error_energy": 2.8634234568316628, "valid_error_force": 3.1933536663677415, "valid_loss": 0.9553476095199585, "test_error_energy": 9.149683715426342, "test_error_force": 10.858434465327983, "test_loss": 11.09548820875078, "lr": 0.0001, "dataset_size": 8946, "max_uncertainty": 4, "_timestamp": 1733346443.146026, "_runtime": 319.59175300598145, "_step": 19, "_wandb": {"runtime": 319}}