{"train_loss_energy": 2.012293810373187, "train_loss_force": 2.3096305685455203, "train_loss_total": 0.5057182765007019, "valid_loss_energy": 3.277761629627007, "valid_loss_force": 3.0407760267479076, "valid_loss_total": 0.22932308273656027, "lr": 0.0001, "_timestamp": 1731529827.8147554, "_runtime": 2689.2379834651947, "_step": 5999, "_wandb": {"runtime": 2688}}