Method,Energy R2 Score In Distribution,Forces R2 Score In Distribution,Energy Losses In Distribution,Forces Losses In Distribution,Energy R2 Score Out Distribution,Forces R2 Score Out Distribution,Energy Losses Out Distribution,Forces Losses Out Distribution,Energy Correlation In Distribution Energies,Energy Correlation In Distribution Forces,Energy Correlation Out Distribution Energy,Energy Correlation Out Distribution Forces,Force Correlation In Distribution Energy,Force Correlation In Distribution Forces,Force Correlation Out Distribution Energy,Force Correlation Out Distribution Forces
SWAG,-0.002459274414010393,-0.0009504278710006364,0.74115556,4.051809,-0.26098536470563816,-0.0009475657128468207,0.9917037,4.0537524,-0.012245821146519313,-0.007829231954955199,0.014912334259647808,0.01145369733122635,0.032539779252656775,0.10305199866275842,0.03987591971948111,0.07578582918198996
SWAG,-0.0024593433763715478,-0.0009504241354491386,0.74115556,4.0518084,-0.2609856493355265,-0.0009475426622277775,0.9917037,4.0537524,0.014225141484823515,-0.011663822079427509,-0.00772748443146007,-0.006580328653643383,0.018817365875217797,0.02829178288681791,0.1087936393781606,0.005848668796096567
SWAG,-0.002462433390243657,-0.0009504281584609142,0.74115545,4.051809,-0.26101227217319,-0.0009475660358562177,0.99171364,4.0537524,0.0008870670036683632,0.012716984140103617,-0.006118081274762312,-0.024553518202668292,0.02505164203861268,0.07755000979193458,0.04537758626531578,0.023604695971894872
SWAG,-0.002460719636210529,-0.0009504305213687836,0.7411555,4.051809,-0.2609975428479612,-0.000947571203947802,0.9917082,4.0537524,-0.0014017301745221868,0.02053959774137205,-0.008423019116523899,-0.008600543475214795,0.07426140505547416,0.04250854943564904,0.06212246518132033,0.017284736670466875
SWAG,-0.0024641024288820645,-0.00095042816657435,0.74115545,4.051809,-0.2610264809096101,-0.000947566448342633,0.99171895,4.0537524,nan,nan,nan,nan,-0.003938313380283073,-0.028614000113953632,0.03831463985811945,-0.007767643952919106
