{"train_loss": 12.719981708223857, "train_uncertainty": 0.8964047029850974, "valid_loss": 13.060528934001923, "valid_uncertainty": 1.0233942605555058, "in_interval": 1.9500000476837158, "_timestamp": 1723709482.757876, "_runtime": 301.1517770290375, "_step": 45, "_wandb": {"runtime": 302}}