{"train_error_energy": 1.4458401379665566, "train_error_force": 3.1683236126606733, "train_loss": 0.2850547520013956, "valid_error_energy": 1.387893001192421, "valid_error_force": 3.4475435597008723, "valid_loss": 0.42548004786173504, "test_error_energy": 12.394608058453796, "test_error_force": 18.62722912329797, "test_loss": 26.2783950885553, "lr": 0.0001, "dataset_size": 4130, "max_uncertainty": 3, "_timestamp": 1732926479.9855955, "_runtime": 254.05575847625732, "_step": 19, "_wandb": {"runtime": 253}}