{"train_error_energy": 10.486384132503032, "train_error_force": 4.823922315605992, "train_loss": 2.3158552837371826, "valid_error_energy": 5.857937732376613, "valid_error_force": 3.277786614912467, "valid_loss": 1.4887748161951702, "test_error_energy": 12.334701309983142, "test_error_force": 11.505191595579468, "test_loss": 4.675119836917098, "lr": 0.001, "dataset_size": 4771, "max_uncertainty": 4, "_timestamp": 1733592310.1686733, "_runtime": 261.4769072532654, "_step": 19, "_wandb": {"runtime": 261}}