{"train_error_energy": 5.882740176822919, "train_error_force": 3.5412768789096614, "train_loss": 2.101031438509623, "valid_error_energy": 1.4145056381716994, "valid_error_force": 3.3374753803929185, "valid_loss": 2.3166913986206055, "test_error_energy": 9.695139961269549, "test_error_force": 8.825460266617684, "test_loss": 5.011175317914074, "lr": 0.0006, "dataset_size": 957, "_timestamp": 1732320068.6565888, "_runtime": 434.26671075820923, "_step": 24, "_wandb": {"runtime": 433}}