{"train_error_energy": 1.7778118738384185, "train_error_force": 2.0705296869372294, "train_loss": -2.3220215112932268, "valid_error_energy": 1.3161666489043022, "valid_error_force": 2.258199477430379, "valid_loss": -2.122717797756195, "test_error_energy": 13.311761360615163, "test_error_force": 8.696372452856794, "test_loss": 6.3827443871822656, "lr": 0.0001, "dataset_size": 2967, "max_uncertainty": 4, "_timestamp": 1732825759.0473077, "_runtime": 248.90512371063232, "_step": 19, "_wandb": {"runtime": 248}}