{"lr":0.001,"_wandb":{"runtime":4835},"valid_loss_energy":2.5223087072372437,"_step":14999,"train_loss_force":6.414394787379673,"_timestamp":1.7272576411081405e+09,"_runtime":4834.391908035,"train_loss_energy":2.3669466972351074,"valid_loss_total":1.7706165313720703,"train_loss_total":1.5894554512841361,"valid_loss_force":9.283638954162598}