{"train_error_energy": 3.6961616566691444, "train_error_force": 2.9526173262829785, "train_loss": 1.1279058417012868, "valid_error_energy": 5.439109167243373, "valid_error_force": 3.1036461125385166, "valid_loss": 1.846537858247757, "test_error_energy": 13.586608248077077, "test_error_force": 17.1119652588334, "test_loss": 16.146509989393945, "lr": 0.0001, "dataset_size": 7730, "max_uncertainty": 3, "_timestamp": 1732945375.5318224, "_runtime": 309.42981338500977, "_step": 19, "_wandb": {"runtime": 309}}