{"train_error_energy": 2.323116165781498, "train_error_force": 3.4341144059494946, "train_loss": 1.5523010242817015, "valid_error_energy": 2.3565782688076107, "valid_error_force": 3.215741267637613, "valid_loss": 1.5970990657806396, "test_error_energy": 5.766121465498283, "test_error_force": 5.860144612888144, "test_loss": 3.095344439851052, "lr": 0.0001, "dataset_size": 1355, "max_uncertainty": 8, "_timestamp": 1732710055.4526556, "_runtime": 373.622665643692, "_step": 19, "_wandb": {"runtime": 373}}