{"train_loss_energy": 2.001328662548244, "train_loss_force": 2.409223493556201, "train_loss_total": 0.3686801791191101, "valid_loss_energy": 2.2013616365745663, "valid_loss_force": 3.40308084302055, "valid_loss_total": 0.8903756993157523, "lr": 0.0001, "_timestamp": 1731513353.1154754, "_runtime": 2759.5529124736786, "_step": 5999, "_wandb": {"runtime": 2759}}