{"train_error_energy": 3.0873332595732736, "train_error_force": 4.325924309877113, "train_loss": 1.4388783872127533, "valid_error_energy": 3.4184327604619056, "valid_error_force": 4.446200947923002, "valid_loss": 1.6653424501419067, "test_error_energy": 8.332549565105394, "test_error_force": 9.72405374805547, "test_loss": 7.019904618487932, "lr": 0.0001, "dataset_size": 1129, "max_uncertainty": 8, "_timestamp": 1733268923.7818604, "_runtime": 203.68230032920837, "_step": 19, "_wandb": {"runtime": 203}}