{"train_error_energy": 9.418837331693272, "train_error_force": 3.5131655060318785, "train_loss": 1.805830975690211, "valid_error_energy": 2.594459836781466, "valid_error_force": 7.119557473162467, "valid_loss": 2.5558494925498962, "test_error_energy": 9.125464048382511, "test_error_force": 13.212966553324915, "test_loss": 5.031782592154298, "lr": 0.001, "dataset_size": 8011, "max_uncertainty": 4, "_timestamp": 1733612777.2967043, "_runtime": 306.8930811882019, "_step": 19, "_wandb": {"runtime": 306}}