{"train_error_energy": 2.2000657739529195, "train_error_force": 1.7812985511872061, "train_loss": -2.6700459732895805, "valid_error_energy": 2.4546032018004387, "valid_error_force": 1.8123802202195998, "valid_loss": -2.608786662419637, "test_error_energy": 7.791437673574117, "test_error_force": 5.167041609247366, "test_loss": 2.439113834765569, "lr": 0.0001, "dataset_size": 5357, "max_uncertainty": 4, "_timestamp": 1732968652.129808, "_runtime": 281.9415409564972, "_step": 19, "_wandb": {"runtime": 281}}