{"train_error_energy": 1.1585305320726165, "train_error_force": 2.1466366356038877, "train_loss": 0.966197074563415, "valid_error_energy": 1.2596587307291915, "valid_error_force": 2.3376376972512745, "valid_loss": 1.1409873962402344, "test_error_energy": 11.852152499689495, "test_error_force": 10.355616164287024, "test_loss": 5.773081532323547, "lr": 0.0001, "dataset_size": 1700, "max_uncertainty": 4, "_timestamp": 1732375121.7226686, "_runtime": 417.79287362098694, "_step": 19, "_wandb": {"runtime": 417}}