{"train_error_energy": 3.1589236212768985, "train_error_force": 4.4583593615122785, "train_loss": 1.5041356535132873, "valid_error_energy": 3.47826626088721, "valid_error_force": 4.35343831774436, "valid_loss": 1.5840504964192708, "test_error_energy": 6.887331605899001, "test_error_force": 8.104668713749357, "test_loss": 4.947309309275362, "lr": 0.0001, "dataset_size": 3482, "max_uncertainty": 6, "_timestamp": 1733362117.1650493, "_runtime": 232.49357342720032, "_step": 19, "_wandb": {"runtime": 232}}