{"train_error_energy": 2.307087366149528, "train_error_force": 3.483027629756933, "train_loss": 1.5760153005289477, "valid_error_energy": 3.315629310485943, "valid_error_force": 3.237883710177818, "valid_loss": 1.6859729886054993, "test_error_energy": 6.881369554412869, "test_error_force": 5.89714489900986, "test_loss": 3.1642943502096608, "lr": 0.0001, "dataset_size": 1348, "max_uncertainty": 8, "_timestamp": 1732698476.6687489, "_runtime": 377.10477781295776, "_step": 19, "_wandb": {"runtime": 376}}