{"dataset_size": 800, "_timestamp": 1729514281.237891, "_runtime": 48.74728202819824, "_step": 0, "_wandb": {"runtime": 48}}