{"_runtime":1351.832138167,"_wandb":{"runtime":1351},"_step":7423,"_timestamp":1.726580043146812e+09,"valid_loss_energy":8.814574241638184,"valid_loss_total":14.708312034606934,"train_loss_energy":10.191886084420341,"train_loss_force":23.89839690072196,"train_loss_total":34.09028271266392,"lr":0.001,"valid_loss_force":20.602049827575684}