{"train_error_energy": 1.9437210456948533, "train_error_force": 2.3741592116970027, "train_loss": -1.9686818064712897, "valid_error_energy": 2.270380815727505, "valid_error_force": 2.2652927144084822, "valid_loss": -2.063582718372345, "test_error_energy": 12.276029836669528, "test_error_force": 8.694099884558614, "test_loss": 5.316857123250112, "lr": 0.0001, "dataset_size": 1304, "max_uncertainty": 6, "_timestamp": 1733090455.5108774, "_runtime": 185.4321732521057, "_step": 19, "_wandb": {"runtime": 185}}