{"train_error_energy": 1.3229100672669956, "train_error_force": 2.2161279236604914, "train_loss": -2.1830257100443684, "valid_error_energy": 0.766059935360881, "valid_error_force": 2.240049938014951, "valid_loss": -2.192490577697754, "test_error_energy": 12.35414867826432, "test_error_force": 9.28073384125606, "test_loss": 6.244923229616974, "lr": 0.0001, "dataset_size": 1972, "max_uncertainty": 4, "_timestamp": 1732809035.3529794, "_runtime": 204.29948043823242, "_step": 19, "_wandb": {"runtime": 204}}