{"train_loss_energy": 3.832427511363268, "train_loss_force": 3.1535602631397843, "train_loss_total": 1.1649500823020935, "valid_loss_energy": 3.1469356394141914, "valid_loss_force": 3.868312682790841, "valid_loss_total": 1.2644627434866769, "lr": 0.001, "_timestamp": 1732106086.4573393, "_runtime": 2761.053026199341, "_step": 5999, "_wandb": {"runtime": 2760}}