{"train_error_energy": 2.190097817647897, "train_error_force": 1.966979281367633, "train_loss": -2.422861374625864, "valid_error_energy": 6.927129654839045, "valid_error_force": 2.018295999388451, "valid_loss": -2.0391517082850137, "test_error_energy": 16.049694244722925, "test_error_force": 7.2682870074802, "test_loss": 5.210117584747794, "lr": 0.0001, "dataset_size": 4111, "max_uncertainty": 4, "_timestamp": 1732874665.8600562, "_runtime": 217.60492610931396, "_step": 19, "_wandb": {"runtime": 217}}