{"train_loss_energy": 3.4480771787682176, "train_loss_force": 3.4904836132648587, "train_loss_total": 1.203270514011383, "valid_loss_energy": 3.4661651600584387, "valid_loss_force": 4.332036127274803, "valid_loss_total": 1.5318506785801478, "lr": 0.001, "_timestamp": 1731942313.0141482, "_runtime": 2847.0894932746887, "_step": 5999, "_wandb": {"runtime": 2846}}