Method,Energy R2 Score In Distribution,Forces R2 Score In Distribution,Energy Errors In Distribution,Force Errors In Distribution,Energy R2 Score Out Distribution,Force R2 Score Out Distribution,Energy Errors Out Distribution,Force Errors Out Distribution,Energy Correlation In Distribution Energies,Energy Correlation In Distribution Forces,Energy Correlation Out Distribution Energy,Energy Correlation Out Distribution Forces,Force Correlation In Distribution Energy,Force Correlation In Distribution Forces,Force Correlation Out Distribution Energy,Force Correlation Out Distribution Forces
SWAG,0.9761086382225512,0.996018915938587,1.9048039,3.7113261,0.7049234693958976,0.9743245863644755,7.5675063,8.116137,-0.01619377721191148,0.03725728890571568,-0.017181282432414603,-0.0280544673541739,-0.012732546888193592,0.21690465712594592,0.14799066683800632,0.28682717616741954
SWAG,0.9466387754504074,0.9953723331251191,3.0621777,4.152139,0.6545874671154841,0.9565184092417858,8.206059,9.941311,0.01736223244183877,-0.02515788317384617,-0.0036465947905406286,-0.006972906033449244,-0.035822280875405184,0.15100738511505904,0.36802097252895205,0.7073736387866544
SWAG,0.9294094102030634,0.9946039664319682,3.5981257,4.467753,-0.1698143156136258,0.924055395847804,12.875664,13.223758,0.01805893719184021,-0.044339564222517856,-0.060353651915846365,-0.11052795983615138,0.00010810084008754437,0.1627271277773538,0.6066544213971359,0.6805050477757559
SWAG,0.7529933957772835,0.9945081103738317,7.0873313,4.4283032,-0.013127519088153017,0.9612439998548107,15.328419,9.859283,0.03269387115836536,-0.01260807707008603,0.0020495668073992543,0.027182757584559483,0.02004485315884763,0.19226303832605862,0.2706131711880958,0.5654556190623851
SWAG,0.8677085801063655,0.9961705400623937,5.106792,3.6357894,-0.09376392633993502,0.9570286461840616,14.229081,10.220273,0.027116093731443424,0.012451373601787746,0.06843860087042082,0.08718910027575306,0.0012018551188963376,0.24821189578252656,0.5004789571896281,0.6567981108287257
