{"train_loss_energy": 3.751195854424893, "train_loss_force": 3.3234086528546207, "train_loss_total": 1.212828640937805, "valid_loss_energy": 3.7691069762962206, "valid_loss_force": 4.281069900232766, "valid_loss_total": 1.541654416493007, "lr": 0.001, "_timestamp": 1731939387.6967971, "_runtime": 2859.8627631664276, "_step": 5999, "_wandb": {"runtime": 2859}}