{"train_error_energy": 2.657166463533888, "train_error_force": 3.5275672509294598, "train_loss": 1.0279049008123335, "valid_error_energy": 2.4897755005298516, "valid_error_force": 3.8627414301867113, "valid_loss": 1.0554702281951904, "test_error_energy": 9.641362923659646, "test_error_force": 11.694547711882025, "test_loss": 10.494702643748978, "lr": 0.0001, "dataset_size": 1960, "max_uncertainty": 4, "_timestamp": 1732920615.4421268, "_runtime": 225.13297367095947, "_step": 19, "_wandb": {"runtime": 224}}