{"train_error_energy": 2.028954227524581, "train_error_force": 1.9446330068479971, "train_loss": -2.4623422594740987, "valid_error_energy": 0.9576146401294765, "valid_error_force": 2.131928443715271, "valid_loss": -2.290104786554972, "test_error_energy": 10.442083811803123, "test_error_force": 7.243016565902545, "test_loss": 4.863830342966849, "lr": 0.0001, "dataset_size": 4069, "max_uncertainty": 4, "_timestamp": 1732872722.5133655, "_runtime": 216.02190256118774, "_step": 19, "_wandb": {"runtime": 215}}