{"train_error_energy": 2.7018552487774627, "train_error_force": 3.474117353202771, "train_loss": 1.012643083041867, "valid_error_energy": 2.0344278594495786, "valid_error_force": 3.6222782732464935, "valid_loss": 0.8525580565134684, "test_error_energy": 10.54542322874495, "test_error_force": 12.306167226552343, "test_loss": 11.82494020711689, "lr": 0.0001, "dataset_size": 4823, "max_uncertainty": 4, "_timestamp": 1732942473.8683949, "_runtime": 277.8917598724365, "_step": 19, "_wandb": {"runtime": 277}}