{"train_error_energy": 1.3962550385088157, "train_error_force": 2.5082262964551103, "train_error_total": 1.1230541964371998, "valid_error_energy": 1.2704852386079195, "valid_error_force": 2.590753063509206, "valid_error_total": 1.2648125886917114, "test_error_energy": 11.35867018666089, "test_error_force": 9.588402132848362, "test_error_total": 5.3673775682898714, "lr": 0.0001, "dataset_size": 953, "_timestamp": 1732137857.1377318, "_runtime": 320.99964690208435, "_step": 19, "_wandb": {"runtime": 320}}