{"train_error_energy": 2.6449597978915556, "train_error_force": 3.5895884883857336, "train_loss": 1.0424003150404952, "valid_error_energy": 2.9214534856210492, "valid_error_force": 3.7829040759217407, "valid_loss": 1.1972143650054932, "test_error_energy": 10.369667221594101, "test_error_force": 13.020711471271504, "test_loss": 13.019059460824696, "lr": 0.0001, "dataset_size": 2597, "max_uncertainty": 4, "_timestamp": 1733225941.842433, "_runtime": 232.8186318874359, "_step": 19, "_wandb": {"runtime": 232}}