{"train_error_energy": 2.4373223577265604, "train_error_force": 3.418466575101973, "train_loss": 1.5579221054565076, "valid_error_energy": 1.553626425848484, "valid_error_force": 3.058602983348935, "valid_loss": 1.47792249917984, "test_error_energy": 5.2489961425550655, "test_error_force": 5.785544193281723, "test_loss": 3.0666167037025174, "lr": 0.0001, "dataset_size": 1363, "max_uncertainty": 8, "_timestamp": 1732733377.8398921, "_runtime": 395.4856951236725, "_step": 19, "_wandb": {"runtime": 395}}