Method,Energy R2 Score In Distribution,Forces R2 Score In Distribution,Energy Errors In Distribution,Force Errors In Distribution,Energy R2 Score Out Distribution,Force R2 Score Out Distribution,Energy Errors Out Distribution,Force Errors Out Distribution,Energy Correlation In Distribution Energies,Energy Correlation In Distribution Forces,Energy Correlation Out Distribution Energy,Energy Correlation Out Distribution Forces,Force Correlation In Distribution Energy,Force Correlation In Distribution Forces,Force Correlation Out Distribution Energy,Force Correlation Out Distribution Forces
SWAG,0.9932565283853511,0.9984454984471375,0.7574555,2.216406,-0.6583274622220681,0.9492945470822712,16.188032,10.811206,0.03115880297728231,0.06854638856510319,0.23673296851552766,0.3851094997769173,0.13074955607011496,0.3284380882387285,0.5114632258684451,0.7343957808507997
SWAG,0.9954831339986571,0.998529935339428,0.6880187,2.041454,-1.723989805659047,0.7507683855178963,17.574387,18.446016,0.09226432780215246,0.1624817980026894,0.7239961179000598,0.7496316139925409,0.35391166260986046,0.8302748132874018,0.43547350305424487,0.7557746114844806
SWAG,0.9934614937583107,0.9971893978673648,0.8716487,2.9523883,0.2806933233482284,0.7555890991928024,8.97195,15.800088,0.07341638469344888,0.1709950609006678,0.43702337919518763,0.838548613524152,0.276542883622087,0.6590110966088756,0.5199803456109875,0.8172430457853943
SWAG,0.9941296583421163,0.9980772940437092,0.8171485,2.4653342,0.18357379211345226,0.9610994153681176,11.486406,9.704648,-0.002132352404446676,0.013515173207142671,-0.04493169565946036,-0.06721919261929743,0.1875795679606851,0.3993101374678315,0.51313661710362,0.7337799550335905
SWAG,0.9957067860129908,0.998145781846769,0.6983114,2.3380082,-0.3262932715118698,0.9066367103557559,13.830847,12.709701,0.05400272556836149,0.07132492633537701,0.36776515482100786,0.7673899400377893,0.2364671712856908,0.5781605832571832,0.41321998082155903,0.771871670167094
