Method,Energy R2 Score In Distribution,Forces R2 Score In Distribution,Energy Losses In Distribution,Forces Losses In Distribution,Energy R2 Score Out Distribution,Forces R2 Score Out Distribution,Energy Losses Out Distribution,Forces Losses Out Distribution,Energy Correlation In Distribution Energies,Energy Correlation In Distribution Forces,Energy Correlation Out Distribution Energy,Energy Correlation Out Distribution Forces
MVE,0.9633660692448204,0.989748274622675,2.125346,5.7831883,0.8383173324134032,0.9643515927606267,5.078361,10.441066,0.11948556029768051,0.33211389992804513,0.2525142726773623,0.4655434715371369
MVE,0.9599715707980045,0.9889640924998732,2.2638328,5.912548,0.7592193071770167,0.9620942794458672,6.1884828,10.217786,0.06854880253894592,0.320431625411695,0.46669207760992126,0.6656024455208288
MVE,0.9495308622931299,0.9763621418288144,2.5272386,8.146824,-0.6791997914823904,0.6859558360520518,15.584599,28.140005,0.06470729556330282,0.1402402621377592,0.22498989423157215,0.5388968566919683
MVE,0.9596066766589806,0.9866316831840396,2.2449882,6.4483695,0.23222436121640377,0.9137633833605792,11.004124,15.289329,0.03699920194172719,0.13512156245485685,0.4616276969145989,0.6067618797477464
MVE,0.9525812997457966,0.9873860343794068,2.4344234,6.4490666,0.7761883538340848,0.9487742072485682,5.709596,12.042566,0.03058669739103694,0.17619526404487942,0.1927124530385525,0.40298024846750863
