{"train_error_energy": 6.452203046387286, "train_error_force": 3.301362936542466, "train_loss": 1.536432106085498, "valid_error_energy": 6.008111222672865, "valid_error_force": 3.5379208095422374, "valid_loss": 1.5858662128448486, "test_error_energy": 9.436581370796148, "test_error_force": 10.858574250256115, "test_loss": 4.264815580158333, "lr": 0.001, "dataset_size": 3151, "max_uncertainty": 4, "_timestamp": 1733582628.1253457, "_runtime": 225.61732077598572, "_step": 19, "_wandb": {"runtime": 225}}