{"train_error_energy": 1.6793250301752298, "train_error_force": 3.45529319721938, "train_loss": 0.5735246766509349, "valid_error_energy": 2.0324408342143676, "valid_error_force": 3.521166811887387, "valid_loss": 0.8227587143580118, "test_error_energy": 9.661259346825545, "test_error_force": 11.715400549159389, "test_loss": 13.901572152582139, "lr": 0.0001, "dataset_size": 5522, "max_uncertainty": 4, "_timestamp": 1732950029.6902099, "_runtime": 288.9021258354187, "_step": 19, "_wandb": {"runtime": 288}}