{"train_error_energy": 2.8609875199949686, "train_error_force": 3.2059958566342184, "train_loss": -1.1545023117746627, "valid_error_energy": 2.750973979454108, "valid_error_force": 3.164980273117039, "valid_loss": -1.1908974647521973, "test_error_energy": 12.159587942308741, "test_error_force": 10.026153669543255, "test_loss": 4.8715615472244345, "lr": 0.0001, "dataset_size": 1095, "max_uncertainty": 4, "_timestamp": 1732804292.7366161, "_runtime": 187.11574411392212, "_step": 19, "_wandb": {"runtime": 186}}