{"train_error_energy": 4.159969922149222, "train_error_force": 3.5180552852888423, "train_loss": 1.4547753406734, "valid_error_energy": 2.247132709543195, "valid_error_force": 3.553435727623048, "valid_loss": 1.0141661167144775, "test_error_energy": 10.422500179331097, "test_error_force": 12.073683183740629, "test_loss": 9.477616587234417, "lr": 0.0001, "dataset_size": 5242, "max_uncertainty": 4, "_timestamp": 1733248211.0270324, "_runtime": 271.2851712703705, "_step": 19, "_wandb": {"runtime": 271}}