{"train_error_energy": 3.892855745613714, "train_error_force": 3.0818749450331455, "train_loss": 1.2267433377674648, "valid_error_energy": 4.646187381739516, "valid_error_force": 3.2560707322328106, "valid_loss": 1.4851504564285278, "test_error_energy": 14.310315908723073, "test_error_force": 19.107238693926334, "test_loss": 17.405093692360126, "lr": 0.0001, "dataset_size": 5570, "max_uncertainty": 3, "_timestamp": 1732933741.9596348, "_runtime": 296.8484597206116, "_step": 19, "_wandb": {"runtime": 296}}