{"train_error_energy": 2.1850619145369707, "train_error_force": 2.267160987554448, "train_loss": -2.067887423499938, "valid_error_energy": 1.9299026574142537, "valid_error_force": 2.3974003146651253, "valid_loss": -1.9382306337356567, "test_error_energy": 13.100198844432004, "test_error_force": 9.208985057966007, "test_loss": 6.4541514057139455, "lr": 0.0001, "dataset_size": 967, "max_uncertainty": 6, "_timestamp": 1733023223.5674012, "_runtime": 171.64169216156006, "_step": 19, "_wandb": {"runtime": 171}}