{"train_loss_energy": 6.004228804326714, "train_loss_force": 2.9326479937010403, "train_loss_total": 0.8936914217472076, "valid_loss_energy": 4.767026866659096, "valid_loss_force": 3.6108111990051603, "valid_loss_total": 1.0338653326034546, "lr": 0.0006, "_timestamp": 1731686062.1952791, "_runtime": 1740.175290107727, "_step": 3999, "_wandb": {"runtime": 1739}}