Method,Energy R2 Score
ModelEnsemble,0.9668844134559144
ModelEnsemble,0.8160167122210904
ModelEnsemble,0.9773784887527727
