Method,Correlation Coefficient
ModelEnsemble,0.11042707171056207
ModelEnsemble,0.34483334691293616
ModelEnsemble,0.17603917867494023
