Method,Energy R2 Score
ModelEnsemble,0.9698298360285473
ModelEnsemble,0.9602366662646823
ModelEnsemble,0.965853921217897
ModelEnsemble,0.9656007960499734
ModelEnsemble,0.9539090028581817
