Method,Correlation Coefficient
ModelEnsemble,0.3563822057045667
ModelEnsemble,0.053141803336977746
ModelEnsemble,0.1166514528448555
ModelEnsemble,-0.022505607073625714
ModelEnsemble,0.31871240773357595
