Method,Correlation Coefficient
MVE,0.04596554482715694
MVE,-0.1565272915739759
MVE,0.05961897680168088
MVE,-0.17452335193336294

