Method,Correlation Coefficient
SWAG,0.020051851863556985
SWAG,-0.031168757157822434
SWAG,0.004649422942687618
SWAG,-0.0444348745726105
SWAG,-0.0035501067976582102
