Method,Energy R2 Score
SWAG,0.8736701851884977
SWAG,0.9712873243317929
SWAG,0.95259311037603
SWAG,0.9762216064060045
SWAG,0.9363977405076992
