Method,Correlation Coefficient
SWAG,-0.0019321381650165672
SWAG,0.05760391377096969
SWAG,0.02240375204704944
SWAG,0.02517383402838101
SWAG,0.0514299795265949
