Method,Energy R2 Score
SWAG,0.9436972023122157
SWAG,0.8584546943376234
SWAG,0.9420180478517963
SWAG,0.9352962589485153
SWAG,0.9699270278900892
