Method,Energy R2 Score
SWAG,0.953838576359364
SWAG,0.8773746601271935
SWAG,0.9693772942055652
SWAG,0.9677540441978442
SWAG,0.8797445223480317
