{"train_error_energy": 2.423789764255819, "train_error_force": 2.9840292123399332, "train_loss": 0.7085622577800363, "valid_error_energy": 3.365849998323923, "valid_error_force": 3.121577881529227, "valid_loss": 1.1730921566486359, "test_error_energy": 10.557596842404584, "test_error_force": 16.006208466745935, "test_loss": 16.592882131406775, "lr": 0.0001, "dataset_size": 6290, "max_uncertainty": 3, "_timestamp": 1732937526.5184412, "_runtime": 314.2793381214142, "_step": 19, "_wandb": {"runtime": 313}}