{"train_error_energy": 1.078145744368337, "train_error_force": 1.4288676220570506, "train_loss": -3.295544261932373, "valid_error_energy": 0.738260380855043, "valid_error_force": 1.9834240928872355, "valid_loss": -2.3256198848996843, "test_error_energy": 0.0, "test_error_force": 0.0, "test_loss": 0.0, "lr": 0.0001, "_timestamp": 1732737121.1960003, "_runtime": 2205.8111593723297, "_step": 4999, "_wandb": {"runtime": 2205}}