{"_timestamp":1.7264977284410248e+09,"valid_loss_force":63.47977256774902,"valid_loss_total":34.00991439819336,"_runtime":47.112618848,"_wandb":{"runtime":48},"train_loss_energy":4.413430350167411,"_step":32,"lr":0.001,"valid_loss_energy":4.540053129196167,"train_loss_force":62.84170641217913,"train_loss_total":33.627568926130024}