{"train_error_energy": 14.406554792951301, "train_error_force": 6.982490531913878, "train_loss": 3.3004594214108525, "valid_error_energy": 16.483322822413317, "valid_error_force": 6.047444762401376, "valid_loss": 3.1265687942504883, "test_error_energy": 20.65727034733425, "test_error_force": 12.67714312162623, "test_loss": 5.62421019039853, "lr": 0.001, "dataset_size": 4681, "max_uncertainty": 4, "_timestamp": 1733591735.5530272, "_runtime": 247.55540823936462, "_step": 19, "_wandb": {"runtime": 247}}