{"train_error_energy": 0.0, "train_error_force": 0.0, "train_error_total": 0.0, "valid_error_energy": 0.0, "valid_error_force": 0.0, "valid_error_total": 0.0, "test_error_energy": 10.148393500068982, "test_error_force": 11.22041804298044, "test_error_total": 2.590234833862145, "lr": null, "dataset_size": 800, "_timestamp": 1732120311.2532916, "_runtime": 16.96496272087097, "_step": 0, "_wandb": {"runtime": 16}}