{"train_error_energy": 7.811352544470723, "train_error_force": 5.893826013141464, "train_loss": 2.49483369077955, "valid_error_energy": 6.974031941506788, "valid_error_force": 6.707342441443952, "valid_loss": 2.7110049724578857, "test_error_energy": 10.935490515249906, "test_error_force": 11.790283987079322, "test_loss": 4.676876612358693, "lr": 0.001, "dataset_size": 869, "max_uncertainty": 8, "_timestamp": 1733566857.684361, "_runtime": 159.39223194122314, "_step": 19, "_wandb": {"runtime": 159}}