{"train_error_energy": 2.328631033644868, "train_error_force": 1.9199502380746374, "train_loss": -2.474036749722301, "valid_error_energy": 3.724480961866743, "valid_error_force": 2.0842477057133646, "valid_loss": -2.165519873301188, "test_error_energy": 12.786891716694052, "test_error_force": 6.9447471133121015, "test_loss": 4.646208421098, "lr": 0.0001, "dataset_size": 4389, "max_uncertainty": 4, "_timestamp": 1732892290.2603912, "_runtime": 248.96249914169312, "_step": 19, "_wandb": {"runtime": 248}}