{"train_error_energy": 0.8898518195197807, "train_error_force": 1.3065106331106424, "train_loss": -3.5289422130584716, "valid_error_energy": 0.847700909933022, "valid_error_force": 1.890742524443567, "valid_loss": -2.468362978526524, "test_error_energy": 0.0, "test_error_force": 0.0, "test_loss": 0.0, "lr": 0.0001, "_timestamp": 1732728094.389285, "_runtime": 2211.6076850891113, "_step": 4999, "_wandb": {"runtime": 2211}}