{"train_error_energy": 12.812821745253332, "train_error_force": 6.147605409378975, "train_loss": 2.9144505720872145, "valid_error_energy": 3.085073557413112, "valid_error_force": 5.455878157954049, "valid_loss": 2.032009243965149, "test_error_energy": 8.776304460161697, "test_error_force": 10.413363539660507, "test_loss": 4.0716605236392995, "lr": 0.001, "dataset_size": 1651, "max_uncertainty": 8, "_timestamp": 1733600737.7746873, "_runtime": 183.11611032485962, "_step": 19, "_wandb": {"runtime": 182}}