{"train_loss": 0.5947357565164566, "train_uncertainty": 1.0230303257703781, "valid_loss": 0.567368745803833, "valid_uncertainty": 0.6674721240997314, "in_interval": 37.0, "_timestamp": 1723709007.289109, "_runtime": 5.878995895385742, "_step": 2, "_wandb": {"runtime": 5}}