{"train_error_energy": 3.9840781777055185, "train_error_force": 3.3448857609870366, "train_loss": 0.8235956126993352, "valid_error_energy": 5.037236115342047, "valid_error_force": 4.111451732730754, "valid_loss": 1.1977855563163757, "test_error_energy": 13.71981544103763, "test_error_force": 14.071131152085572, "test_loss": 3.3445105465294804, "lr": 0.001, "dataset_size": 1760, "_timestamp": 1732209872.1613166, "_runtime": 195.13431072235107, "_step": 19, "_wandb": {"runtime": 194}}