{"train_error_energy": 13.327005635997613, "train_error_force": 6.027456339655201, "train_loss": 2.9086578016072675, "valid_error_energy": 6.129558760237361, "valid_error_force": 8.248214415725217, "valid_loss": 3.170072873433431, "test_error_energy": 12.733339292796233, "test_error_force": 14.323214230012017, "test_loss": 5.644716327727153, "lr": 0.001, "dataset_size": 5851, "max_uncertainty": 4, "_timestamp": 1733598863.737566, "_runtime": 259.22581601142883, "_step": 19, "_wandb": {"runtime": 258}}