{"train_error_energy": 11.750861560482573, "train_error_force": 5.682764261046011, "train_loss": 0.9000991321191555, "valid_error_energy": 16.82496617125569, "valid_error_force": 5.1537116735471225, "valid_loss": 1.0112190246582031, "test_error_energy": 24.14500989838153, "test_error_force": 11.608813464252576, "test_loss": 4.123253245628317, "lr": 0.001, "dataset_size": 1311, "max_uncertainty": 4, "_timestamp": 1732788488.567442, "_runtime": 168.08026790618896, "_step": 19, "_wandb": {"runtime": 167}}