{"train_error_energy": 4.092223076339816, "train_error_force": 3.5404159922766874, "train_loss": 1.4542083491881688, "valid_error_energy": 2.4665132548547755, "valid_error_force": 3.727605084207158, "valid_loss": 1.1049889922142029, "test_error_energy": 10.239829612036258, "test_error_force": 13.105754745064349, "test_loss": 8.507178526274197, "lr": 0.0001, "dataset_size": 2680, "max_uncertainty": 4, "_timestamp": 1732924814.0112078, "_runtime": 242.71847486495972, "_step": 19, "_wandb": {"runtime": 242}}