{"train_error_energy": 8.435151715602524, "train_error_force": 3.954473233796929, "train_loss": 1.8876650658520786, "valid_error_energy": 8.736794461935581, "valid_error_force": 4.27528679158321, "valid_loss": 2.015196442604065, "test_error_energy": 19.37151710682931, "test_error_force": 10.473241516013246, "test_loss": 4.80073429527083, "lr": 0.001, "dataset_size": 1385, "max_uncertainty": 4, "_timestamp": 1733525424.7494311, "_runtime": 202.47871112823486, "_step": 19, "_wandb": {"runtime": 202}}