{"train_error_energy": 3.005174659870309, "train_error_force": 4.395151225743207, "train_loss": 1.4171107331911723, "valid_error_energy": 4.344485014055751, "valid_error_force": 4.723146588847272, "valid_loss": 2.064491868019104, "test_error_energy": 8.468166712061358, "test_error_force": 8.189686768804169, "test_loss": 5.983079106395781, "lr": 0.0001, "dataset_size": 1416, "max_uncertainty": 8, "_timestamp": 1733440370.3306732, "_runtime": 183.77763533592224, "_step": 19, "_wandb": {"runtime": 183}}