Method,Energy R2 Score In Distribution,Forces R2 Score In Distribution,Energy Errors In Distribution,Force LosErrorsses In Distribution,Energy R2 Score Out Distribution,Force R2 Score Out Distribution,Energy Errors Out Distribution,Force Errors Out Distribution,Energy Correlation In Distribution Energies,Energy Correlation In Distribution Forces,Energy Correlation Out Distribution Energy,Energy Correlation Out Distribution Forces
EvidentialRegression,0.9542962826122312,0.995289689462965,0.19245261,0.25493884,0.006849710289298039,0.9128597905668953,0.7452221,0.8952925,0.03711680558115,0.11604944823328821,-0.002407876923089518,0.07901005342506005
EvidentialRegression,0.8937462445309453,0.9928861024116821,0.29935238,0.32629725,0.5308837833766775,0.9175610129113361,0.4928495,0.86742073,0.10413442788853511,0.19534823814441232,0.22586065850408094,0.07047926525965909
EvidentialRegression,0.7907434743084237,0.9915042787008024,0.43250084,0.38977194,0.7746722221090077,0.9688991769550442,0.43769962,0.6498351,0.015316210467077224,0.2875462231981765,0.004130198859332992,0.06350241926444404
EvidentialRegression,0.84208792818882,0.9957242197822064,0.3817874,0.25413084,0.6057329374746726,0.9658004477957505,0.5630126,0.6507159,0.01851671741249123,0.03756836848784438,0.15292637773449896,0.16109732475673036
EvidentialRegression,0.9443511494974413,0.9962690220804733,0.21504234,0.23552637,0.3933663135465679,0.9432184064439643,0.63469326,0.7728,0.02438782779911983,0.18235790126904403,0.013976231920032839,0.028901067801306763
