{"train_error_energy": 3.0625760382067386, "train_error_force": 4.007795575099585, "train_loss": 1.3380781001058117, "valid_error_energy": 1.978958228946167, "valid_error_force": 4.208530136295767, "valid_loss": 1.0182490348815918, "test_error_energy": 9.074665092852884, "test_error_force": 10.323800525212004, "test_loss": 7.3285426868818195, "lr": 0.0001, "dataset_size": 920, "max_uncertainty": 8, "_timestamp": 1733233005.910962, "_runtime": 196.57129907608032, "_step": 19, "_wandb": {"runtime": 196}}