{"train_error_energy": 1.7071358908926813, "train_error_force": 1.8477431232295498, "train_loss": -2.6113058475598896, "valid_error_energy": 2.290253702997841, "valid_error_force": 2.0713605804466964, "valid_loss": -2.270885705947876, "test_error_energy": 14.027566836019453, "test_error_force": 10.224651657658432, "test_loss": 8.878253819430686, "lr": 0.0001, "dataset_size": 2319, "max_uncertainty": 3, "_timestamp": 1732816318.0975957, "_runtime": 255.5942497253418, "_step": 19, "_wandb": {"runtime": 255}}