{"train_error_energy": 4.431794665059066, "train_error_force": 4.509259598861218, "train_loss": 1.872577658721379, "valid_error_energy": 2.2358788995734318, "valid_error_force": 4.536274180157127, "valid_loss": 1.3999046683311462, "test_error_energy": 6.538800562547435, "test_error_force": 8.54518724683741, "test_loss": 4.38729267594702, "lr": 0.0001, "dataset_size": 1334, "max_uncertainty": 8, "_timestamp": 1733367632.6515489, "_runtime": 197.94967889785767, "_step": 19, "_wandb": {"runtime": 197}}