{"_timestamp":1.7265886240690053e+09,"_runtime":165.404103104,"train_loss_force":61.93732125418527,"valid_loss_force":62.18795204162598,"_step":255,"train_loss_energy":11.219383375985283,"lr":0.001,"train_loss_total":322.41243634905135,"valid_loss_total":325.9801330566406,"valid_loss_energy":12.136716365814209,"_wandb":{"runtime":165}}