{"train_error_energy": 7.661174995101499, "train_error_force": 4.080553069571317, "train_error_total": 2.4361923448741436, "valid_error_energy": 3.7626765880365145, "valid_error_force": 4.855118583594045, "valid_error_total": 2.769620656967163, "test_error_energy": 13.847260296917229, "test_error_force": 10.578957407303713, "test_error_total": 5.805208757909805, "lr": 0.001, "dataset_size": 996, "_timestamp": 1732187486.3790004, "_runtime": 364.6076283454895, "_step": 19, "_wandb": {"runtime": 364}}