{"train_error_energy": 10.929780993599945, "train_error_force": 4.806144095441128, "train_error_total": 2.896846149648939, "valid_error_energy": 8.145627474382145, "valid_error_force": 3.9526850689779063, "valid_error_total": 2.4178953170776367, "test_error_energy": 11.899590983764295, "test_error_force": 10.294662595700046, "test_error_total": 5.600617466172623, "lr": 0.001, "dataset_size": 870, "_timestamp": 1732187075.6622233, "_runtime": 345.9446053504944, "_step": 19, "_wandb": {"runtime": 345}}