{"train_error_energy": 1.682081154927652, "train_error_force": 3.4187875969145467, "train_loss": 0.5593810059050078, "valid_error_energy": 1.9201527270224437, "valid_error_force": 3.4747467894782, "valid_loss": 0.7114105373620987, "test_error_energy": 10.08587699925963, "test_error_force": 11.80176861343756, "test_loss": 14.386270797689548, "lr": 0.0001, "dataset_size": 5948, "max_uncertainty": 4, "_timestamp": 1732955482.7253811, "_runtime": 301.3032760620117, "_step": 19, "_wandb": {"runtime": 301}}