{"train_error_energy": 1.7172427943971278, "train_error_force": 3.0758306469480248, "train_loss": 1.3946026387761852, "valid_error_energy": 1.6117404009058856, "valid_error_force": 2.8251013174754798, "valid_loss": 1.481730580329895, "test_error_energy": 10.726703552483631, "test_error_force": 8.374153863410946, "test_loss": 4.661981477787357, "lr": 0.0001, "dataset_size": 1928, "_timestamp": 1732292796.894561, "_runtime": 417.88279700279236, "_step": 19, "_wandb": {"runtime": 417}}