{"train_error_energy": 2.082539342452855, "train_error_force": 1.9770956273701017, "train_loss": -2.41723619556427, "valid_error_energy": 0.8899686442731983, "valid_error_force": 2.116670188936667, "valid_loss": -2.3188819885253906, "test_error_energy": 10.092046832535702, "test_error_force": 7.329261283131941, "test_loss": 4.813094097906382, "lr": 0.0001, "dataset_size": 3984, "max_uncertainty": 4, "_timestamp": 1732868689.1244824, "_runtime": 218.3724443912506, "_step": 19, "_wandb": {"runtime": 218}}