{"train_error_energy": 0.0, "train_error_force": 0.0, "train_loss": 0.0, "valid_error_energy": 0.0, "valid_error_force": 0.0, "valid_loss": 0.0, "test_error_energy": 10.996635182927987, "test_error_force": 13.386480545648661, "test_loss": 16.63180777664584, "lr": null, "dataset_size": 800, "max_uncertainty": 6, "_timestamp": 1733007134.8827417, "_runtime": 159.2936327457428, "_step": 0, "_wandb": {"runtime": 158}}