{"train_error_energy": 8.751256077582124, "train_error_force": 4.2213949155232715, "train_loss": 1.9981318251141962, "valid_error_energy": 6.049119798473923, "valid_error_force": 2.586154411239847, "valid_loss": 1.2701464891433716, "test_error_energy": 11.577954789549944, "test_error_force": 10.88331411206227, "test_loss": 4.416395709152621, "lr": 0.001, "dataset_size": 10170, "max_uncertainty": 4, "_timestamp": 1733628939.2287328, "_runtime": 308.6316969394684, "_step": 19, "_wandb": {"runtime": 308}}