{"train_error_energy": 1.680029969369507, "train_error_force": 3.387116886002087, "train_loss": 0.5448189051018149, "valid_error_energy": 1.4493325677778972, "valid_error_force": 3.508967697170112, "valid_loss": 0.4873419404029846, "test_error_energy": 9.396295877722535, "test_error_force": 11.67441604284378, "test_loss": 13.18824848953966, "lr": 0.0001, "dataset_size": 6279, "max_uncertainty": 4, "_timestamp": 1732960119.3133924, "_runtime": 266.1349563598633, "_step": 19, "_wandb": {"runtime": 265}}