{"train_error_energy": 1.8008181038467461, "train_error_force": 1.8721322189079128, "train_loss": -2.5724872220052433, "valid_error_energy": 1.1159498453005647, "valid_error_force": 1.9070540939007874, "valid_loss": -2.5707197189331055, "test_error_energy": 8.914522886370744, "test_error_force": 6.349096795588692, "test_loss": 3.8319439850552546, "lr": 0.0001, "dataset_size": 4642, "max_uncertainty": 4, "_timestamp": 1732910063.2057474, "_runtime": 225.4244544506073, "_step": 19, "_wandb": {"runtime": 225}}