Method,Energy R2 Score In Distribution,Forces R2 Score In Distribution,Correlation In Distribution,Energy Losses In Distribution,Forces Losses In Distribution,Energy R2 Score Out Distribution,Forces R2 Score Out Distribution,Correlation Out Distribution,Energy Losses Out Distribution,Forces Losses Out Distribution
SWAG,0.9653114509726878,0.9960809460866402,-0.008725723167187902,2.2766104,3.547511,0.6301189158330983,0.9738998216077236,0.013042339912146065,7.6521077,8.035903
SWAG,0.9484246553433997,0.9955049535079036,-0.004201980936878588,2.5496316,3.8669558,0.44324263714904477,0.9810017617128475,-0.005676245948517836,10.277171,7.2164507
SWAG,0.976219293681088,0.993106857531004,0.002324201470588949,1.5953115,4.6474533,-0.9825680322701307,0.8743716890400602,-0.1972574786002164,14.730808,16.23109
