{"train_error_energy": 1.3135497583956763, "train_error_force": 2.6549808144105427, "train_error_total": 1.1957156436783927, "valid_error_energy": 1.2948812042394868, "valid_error_force": 2.617707163623765, "valid_error_total": 1.281623363494873, "test_error_energy": 10.409357239081148, "test_error_force": 8.892028842254273, "test_error_total": 4.905456717725824, "lr": 0.0001, "dataset_size": 1094, "_timestamp": 1732153930.967308, "_runtime": 323.90447902679443, "_step": 19, "_wandb": {"runtime": 323}}