{"train_error_energy": 1.6874687342099803, "train_error_force": 2.101594301563078, "train_loss": -2.290997651624091, "valid_error_energy": 2.861526427042931, "valid_error_force": 2.341813745748577, "valid_loss": -1.9259612560272217, "test_error_energy": 11.43133216526357, "test_error_force": 8.884893907272627, "test_loss": 6.245221619830706, "lr": 0.0001, "dataset_size": 2563, "max_uncertainty": 4, "_timestamp": 1732816204.593259, "_runtime": 258.64841413497925, "_step": 19, "_wandb": {"runtime": 258}}