{"train_error_energy": 2.5612658099157275, "train_error_force": 3.426376581206943, "train_loss": 0.9644691361321344, "valid_error_energy": 2.6550038002283776, "valid_error_force": 3.8474460638837855, "valid_loss": 1.1089445352554321, "test_error_energy": 10.073576699679842, "test_error_force": 12.299966191616472, "test_loss": 12.745854347788226, "lr": 0.0001, "dataset_size": 1427, "max_uncertainty": 4, "_timestamp": 1733220149.998937, "_runtime": 202.9627959728241, "_step": 19, "_wandb": {"runtime": 202}}