{"train_error_energy": 5.638768644407112, "train_error_force": 3.18706548968674, "train_loss": 1.821358570346126, "valid_error_energy": 2.123021603655111, "valid_error_force": 3.453500701584927, "valid_loss": 1.9359405040740967, "test_error_energy": 10.849615102376777, "test_error_force": 9.389984925835071, "test_loss": 5.229728364195499, "lr": 0.0006, "dataset_size": 861, "_timestamp": 1732284536.7330258, "_runtime": 354.745267868042, "_step": 19, "_wandb": {"runtime": 354}}