{"train_error_energy": 1.664806219014942, "train_error_force": 2.7506060186904624, "train_loss": 1.245918916331397, "valid_error_energy": 1.4617640470268294, "valid_error_force": 2.7111157569947424, "valid_loss": 1.3772944211959839, "test_error_energy": 11.37105376216964, "test_error_force": 9.846954022262858, "test_loss": 5.476165684105839, "lr": 0.0001, "dataset_size": 1134, "_timestamp": 1732220606.6236405, "_runtime": 334.1954896450043, "_step": 19, "_wandb": {"runtime": 333}}