{"train_error_energy": 1.3011605163850057, "train_error_force": 2.2685819676756345, "train_loss": 1.0179727262464062, "valid_error_energy": 1.1161135071228216, "valid_error_force": 2.5304725176619276, "valid_loss": 1.2428333759307861, "test_error_energy": 12.540529869492088, "test_error_force": 10.543300760435649, "test_loss": 5.924329904985678, "lr": 0.0001, "dataset_size": 904, "max_uncertainty": 8, "_timestamp": 1732372637.4394376, "_runtime": 361.3456907272339, "_step": 19, "_wandb": {"runtime": 361}}