{"train_error_energy": 2.6817714193280073, "train_error_force": 3.5280712185934098, "train_loss": 1.0413984664176639, "valid_error_energy": 2.4414886942242537, "valid_error_force": 3.74643276250651, "valid_loss": 1.0466657280921936, "test_error_energy": 11.270789912093338, "test_error_force": 13.359106542820394, "test_loss": 12.574206257365761, "lr": 0.0001, "dataset_size": 2410, "max_uncertainty": 4, "_timestamp": 1732923097.759779, "_runtime": 229.54107999801636, "_step": 19, "_wandb": {"runtime": 229}}