{"train_error_energy": 1.9884340213909106, "train_error_force": 2.740658526563857, "train_error_total": 1.2748893718970449, "valid_error_energy": 2.3626942109042366, "valid_error_force": 2.6507828838981706, "valid_error_total": 1.402608036994934, "test_error_energy": 10.511318606808528, "test_error_force": 8.432898253292102, "test_error_total": 4.630362805271648, "lr": 0.0001, "dataset_size": 1190, "_timestamp": 1732167640.3909154, "_runtime": 327.36962032318115, "_step": 19, "_wandb": {"runtime": 326}}