{"train_error_energy": 7.015865531122064, "train_error_force": 3.87199663949945, "train_loss": 1.7650886159954648, "valid_error_energy": 9.31057187986864, "valid_error_force": 3.817170964792287, "valid_loss": 1.9003069400787354, "test_error_energy": 10.149929889196512, "test_error_force": 9.288442950197913, "test_loss": 3.787182393498446, "lr": 0.001, "dataset_size": 2107, "max_uncertainty": 8, "_timestamp": 1733627109.6192365, "_runtime": 220.52881050109863, "_step": 19, "_wandb": {"runtime": 220}}