{"train_error_energy": 3.1373676836585522, "train_error_force": 4.679530326581193, "train_loss": 1.6414539640600032, "valid_error_energy": 4.689397739744727, "valid_error_force": 4.4945963054372395, "valid_loss": 2.20905339717865, "test_error_energy": 9.925771895752561, "test_error_force": 10.039534163963504, "test_loss": 8.430418473887817, "lr": 0.0001, "dataset_size": 1734, "max_uncertainty": 6, "_timestamp": 1733257072.1846125, "_runtime": 224.29923057556152, "_step": 19, "_wandb": {"runtime": 224}}