{"train_error_energy": 2.0104094798266052, "train_error_force": 1.8869944510488392, "train_loss": -2.5382528909047446, "valid_error_energy": 2.577510595397162, "valid_error_force": 2.047337696969131, "valid_loss": -2.2866026163101196, "test_error_energy": 11.70181617840281, "test_error_force": 9.959453460301402, "test_loss": 8.28116784420313, "lr": 0.0001, "dataset_size": 2388, "max_uncertainty": 3, "_timestamp": 1732817883.3946376, "_runtime": 209.7477355003357, "_step": 19, "_wandb": {"runtime": 209}}