{"train_error_energy": 3.9930809080358602, "train_error_force": 3.265880437504886, "train_loss": 1.3273699412474762, "valid_error_energy": 3.391860983270905, "valid_error_force": 3.779021394024198, "valid_loss": 1.318333387374878, "test_error_energy": 12.120851946697096, "test_error_force": 11.747567776986797, "test_loss": 12.702917877916267, "lr": 0.0001, "dataset_size": 1160, "max_uncertainty": 3, "_timestamp": 1732912808.14209, "_runtime": 209.11342215538025, "_step": 19, "_wandb": {"runtime": 208}}