{"train_error_energy": 1.9163565542291434, "train_error_force": 2.8140230393062913, "train_loss": 1.331795340929276, "valid_error_energy": 1.5728491192127112, "valid_error_force": 2.62675755106, "valid_loss": 1.350895881652832, "test_error_energy": 11.102350649864688, "test_error_force": 16.270418078380242, "test_loss": 7.927862000090913, "lr": 0.0001, "dataset_size": 1226, "max_uncertainty": 4, "_timestamp": 1733724574.3731492, "_runtime": 404.92499923706055, "_step": 19, "_wandb": {"runtime": 404}}