{"train_error_energy": 4.274957782456968, "train_error_force": 4.047872510488413, "train_loss": 1.691773106654485, "valid_error_energy": 5.612052507510005, "valid_error_force": 4.257345893157516, "valid_loss": 2.1033005714416504, "test_error_energy": 10.789808636628283, "test_error_force": 11.140346539867553, "test_loss": 7.5346150248462616, "lr": 0.0001, "dataset_size": 1131, "max_uncertainty": 6, "_timestamp": 1733226840.1336665, "_runtime": 218.12859058380127, "_step": 19, "_wandb": {"runtime": 217}}