{"train_error_energy": 0.0, "train_error_force": 0.0, "train_loss": 0.0, "valid_error_energy": 0.0, "valid_error_force": 0.0, "valid_loss": 0.0, "test_error_energy": 12.433410267242468, "test_error_force": 10.722673054413212, "test_loss": 6.044467119646322, "lr": null, "dataset_size": 800, "_timestamp": 1732296234.3481362, "_runtime": 246.75523018836975, "_step": 0, "_wandb": {"runtime": 246}}