{"train_error_energy": 2.0588483148214145, "train_error_force": 1.8354078916810082, "train_loss": -2.6046684657533965, "valid_error_energy": 2.3054519855531423, "valid_error_force": 2.122232983763283, "valid_loss": -2.1940754652023315, "test_error_energy": 8.287738863741076, "test_error_force": 6.608606628653497, "test_loss": 4.275600952627771, "lr": 0.0001, "dataset_size": 4586, "max_uncertainty": 5, "_timestamp": 1733154593.3617747, "_runtime": 222.95624566078186, "_step": 19, "_wandb": {"runtime": 222}}