{"train_loss_energy": 0.7462714743614197, "train_loss_force": 0.7228035116195679, "train_loss_total": 1.469074993133545, "valid_loss_energy": 0.801590553351811, "valid_loss_force": 0.7308814099856785, "valid_loss_total": 1.5324719633374895, "lr": 0.001, "_timestamp": 1728899587.013354, "_runtime": 1150.065798997879, "_step": 99, "_wandb": {"runtime": 1149}}