{"train_error_energy": 1.6478178860478148, "train_error_force": 3.411807276164842, "train_loss": 0.5384110171757444, "valid_error_energy": 1.5730463762423599, "valid_error_force": 3.48654513684433, "valid_loss": 0.5779533237218857, "test_error_energy": 9.356640274859508, "test_error_force": 11.564580464580589, "test_loss": 13.208162652260347, "lr": 0.0001, "dataset_size": 6112, "max_uncertainty": 4, "_timestamp": 1732957776.7489386, "_runtime": 293.52202248573303, "_step": 19, "_wandb": {"runtime": 293}}