{"train_error_energy": 2.596767563904923, "train_error_force": 3.2306995420843028, "train_loss": 0.8864527356210362, "valid_error_energy": 3.757715653066731, "valid_error_force": 3.2093992050232982, "valid_loss": 1.3638727188110351, "test_error_energy": 9.589431731662991, "test_error_force": 10.444544816489115, "test_loss": 9.571013358250962, "lr": 0.0001, "dataset_size": 8259, "max_uncertainty": 4, "_timestamp": 1732999916.6499515, "_runtime": 260.7887773513794, "_step": 19, "_wandb": {"runtime": 260}}