{"train_error_energy": 3.0608007930843373, "train_error_force": 4.065293163569826, "train_loss": 1.3664539682454075, "valid_error_energy": 2.10396179277113, "valid_error_force": 4.2440921802536025, "valid_loss": 1.070263147354126, "test_error_energy": 9.276859407443371, "test_error_force": 10.321689188028385, "test_loss": 7.566792181025001, "lr": 0.0001, "dataset_size": 919, "max_uncertainty": 8, "_timestamp": 1733230447.480286, "_runtime": 179.64429998397827, "_step": 19, "_wandb": {"runtime": 179}}