{"train_error_energy": 1.812596885862785, "train_error_force": 2.360228915181434, "train_loss": -4.572634666393965, "valid_error_energy": 1.6371003012701744, "valid_error_force": 2.9946383764822815, "valid_loss": 22.902257919311523, "test_error_energy": 14.558651084870458, "test_error_force": 9.580011637667058, "test_loss": 58.18795932150636, "lr": 0.0001, "dataset_size": 1227, "max_uncertainty": 4, "_timestamp": 1733729076.5982075, "_runtime": 217.84188151359558, "_step": 19, "_wandb": {"runtime": 217}}