{"train_loss_energy": 3.85051746995902, "train_loss_force": 2.9609058719077104, "train_loss_total": 1.1049013710021973, "valid_loss_energy": 3.911595442812357, "valid_loss_force": 3.652797831433585, "valid_loss_total": 1.3889735426221574, "lr": 0.0006, "_timestamp": 1732097609.4176676, "_runtime": 2941.232280731201, "_step": 5999, "_wandb": {"runtime": 2940}}