{"train_error_energy": 9.245788884366004, "train_error_force": 14.477699608031992, "train_loss": 3.1883928584200993, "valid_error_energy": 4.47634678757529, "valid_error_force": 7.920368240948925, "valid_loss": 1.6072275638580322, "test_error_energy": 15.069390643756407, "test_error_force": 13.907854745638298, "test_loss": 3.6584992845645123, "lr": 0.0001, "dataset_size": 873, "max_uncertainty": 8, "_timestamp": 1733006219.6868718, "_runtime": 158.90097379684448, "_step": 19, "_wandb": {"runtime": 158}}