{"train_error_energy": 1.5501292636778836, "train_error_force": 2.084173980125941, "train_loss": -2.3212361362542997, "valid_error_energy": 1.3503758664660532, "valid_error_force": 2.3750660426557033, "valid_loss": -1.9815002083778381, "test_error_energy": 13.532056214585099, "test_error_force": 8.9261657756988, "test_loss": 6.601403188955097, "lr": 0.0001, "dataset_size": 2836, "max_uncertainty": 4, "_timestamp": 1732822454.657308, "_runtime": 248.64768815040588, "_step": 19, "_wandb": {"runtime": 248}}