{"train_error_energy": 1.1602268712425432, "train_error_force": 1.7318354708190329, "train_loss": -2.8093751735157437, "valid_error_energy": 2.6135336758216403, "valid_error_force": 2.130661382051893, "valid_loss": -2.1293301582336426, "test_error_energy": 11.304246769665538, "test_error_force": 12.180369833232465, "test_loss": 12.16214331282371, "lr": 0.0001, "dataset_size": 1135, "max_uncertainty": 3, "_timestamp": 1732803258.1902304, "_runtime": 177.0578453540802, "_step": 19, "_wandb": {"runtime": 176}}