{"train_error_energy": 2.2032126381691683, "train_error_force": 2.1870674031146753, "train_loss": -2.155267930030823, "valid_error_energy": 0.8660409704112793, "valid_error_force": 2.539255479453903, "valid_loss": -1.8400191068649292, "test_error_energy": 13.591839602017295, "test_error_force": 9.32248929577168, "test_loss": 6.863298920436679, "lr": 0.0001, "dataset_size": 949, "max_uncertainty": 6, "_timestamp": 1733020763.2419665, "_runtime": 173.9865584373474, "_step": 19, "_wandb": {"runtime": 173}}