{"train_error_energy": 1.063585711940943, "train_error_force": 2.228721738593259, "train_loss": 1.0109616710293678, "valid_error_energy": 1.0945255107559766, "valid_error_force": 2.500733049200958, "valid_loss": 1.2619264125823975, "test_error_energy": 12.0820137191339, "test_error_force": 10.582913806678246, "test_loss": 5.935331851400006, "lr": 0.0001, "dataset_size": 980, "max_uncertainty": 4, "_timestamp": 1732372550.205827, "_runtime": 371.94777607917786, "_step": 19, "_wandb": {"runtime": 371}}