{"train_error_energy": 7.93300282641609, "train_error_force": 5.0602943136094005, "train_loss": 0.45799941210835066, "valid_error_energy": 6.044855862464722, "valid_error_force": 4.507083591140869, "valid_loss": -0.019535183906555176, "test_error_energy": 15.065940218629848, "test_error_force": 11.536257256991632, "test_loss": 4.747553219969984, "lr": 0.0001, "dataset_size": 857, "max_uncertainty": 6, "_timestamp": 1733006493.3091755, "_runtime": 149.43706560134888, "_step": 19, "_wandb": {"runtime": 149}}