{"train_error_energy": 1.6896335572332848, "train_error_force": 2.1912293506693112, "train_loss": -2.185486005198571, "valid_error_energy": 1.5726314601225666, "valid_error_force": 2.3683070320656383, "valid_loss": -1.9920663833618164, "test_error_energy": 14.626986287199857, "test_error_force": 9.060586662396348, "test_loss": 6.531262397766113, "lr": 0.0001, "dataset_size": 975, "max_uncertainty": 6, "_timestamp": 1733025794.3831472, "_runtime": 170.67705035209656, "_step": 19, "_wandb": {"runtime": 170}}