{"train_error_energy": 4.096046755903473, "train_error_force": 3.547637066137546, "train_loss": 1.4556774409378277, "valid_error_energy": 5.466449375656971, "valid_error_force": 3.7437619574356784, "valid_loss": 1.8963521718978882, "test_error_energy": 10.328134543478656, "test_error_force": 11.722667155052127, "test_loss": 9.24400672862667, "lr": 0.0001, "dataset_size": 2147, "max_uncertainty": 4, "_timestamp": 1733223515.4586165, "_runtime": 218.97112250328064, "_step": 19, "_wandb": {"runtime": 218}}