{"train_error_energy": 2.52523255867896, "train_error_force": 3.1319709315924653, "train_loss": 0.809296666614471, "valid_error_energy": 1.6245370482762584, "valid_error_force": 3.291735500889967, "valid_loss": 0.5634509325027466, "test_error_energy": 11.973081921125631, "test_error_force": 16.274416255616096, "test_loss": 19.018820128515753, "lr": 0.0001, "dataset_size": 3950, "max_uncertainty": 3, "_timestamp": 1732925577.1407712, "_runtime": 260.6856732368469, "_step": 19, "_wandb": {"runtime": 260}}