{"train_error_energy": 13.082883173064735, "train_error_force": 6.0004823163391645, "train_loss": 2.8832953935084134, "valid_error_energy": 14.399124771919496, "valid_error_force": 7.489609211422971, "valid_loss": 3.4696457386016846, "test_error_energy": 19.884560417020325, "test_error_force": 12.729320224298098, "test_loss": 5.589958560404353, "lr": 0.001, "dataset_size": 1441, "max_uncertainty": 4, "_timestamp": 1733573106.3098955, "_runtime": 214.0699954032898, "_step": 19, "_wandb": {"runtime": 213}}