{"train_error_energy": 2.498243173487112, "train_error_force": 3.1970764474164097, "train_loss": 0.8459975850092222, "valid_error_energy": 2.5414236089278024, "valid_error_force": 3.528165674259141, "valid_loss": 0.9544679522514343, "test_error_energy": 10.600326855652543, "test_error_force": 13.937688214287256, "test_loss": 13.910298826806832, "lr": 0.0001, "dataset_size": 2330, "max_uncertainty": 3, "_timestamp": 1732917894.2900035, "_runtime": 245.68346762657166, "_step": 19, "_wandb": {"runtime": 245}}