{"train_error_energy": 1.3878692452464705, "train_error_force": 2.9834577440399412, "train_loss": 0.17319207678874726, "valid_error_energy": 1.0185896539313797, "valid_error_force": 3.251209233881294, "valid_loss": 0.1287006288766861, "test_error_energy": 11.154142775070353, "test_error_force": 17.030389794681792, "test_loss": 26.202274072856802, "lr": 0.0001, "dataset_size": 6470, "max_uncertainty": 3, "_timestamp": 1732938486.2831032, "_runtime": 301.5955901145935, "_step": 19, "_wandb": {"runtime": 301}}