{"train_error_energy": 1.7708483927080647, "train_error_force": 1.8777956449778472, "train_loss": -2.5662750156720477, "valid_error_energy": 0.776781686684331, "valid_error_force": 1.9593799700674177, "valid_loss": -2.5244155724843345, "test_error_energy": 7.355779203534803, "test_error_force": 6.1901984026344055, "test_loss": 3.452037125981915, "lr": 0.0001, "dataset_size": 4790, "max_uncertainty": 4, "_timestamp": 1732918976.4791071, "_runtime": 287.17304515838623, "_step": 19, "_wandb": {"runtime": 286}}