{"train_error_energy": 1.4744695688334393, "train_error_force": 1.8948749273415177, "train_loss": -2.5633701315292945, "valid_error_energy": 1.4088885862965248, "valid_error_force": 2.778647189575441, "valid_loss": -1.3826656639575958, "test_error_energy": 14.047934072692792, "test_error_force": 9.82127552257109, "test_loss": 8.383660873193392, "lr": 0.0001, "dataset_size": 1645, "max_uncertainty": 5, "_timestamp": 1733068845.5743287, "_runtime": 200.10783863067627, "_step": 19, "_wandb": {"runtime": 199}}