{"valid_loss_total":122.31647491455078,"_step":1344,"train_loss_total":90.78914315359933,"_timestamp":1.7271025998155048e+09,"train_loss_energy":5.367570774895804,"valid_loss_energy":11.930931091308594,"lr":0.001,"valid_loss_force":63.292057037353516,"_runtime":243.919026659,"train_loss_force":61.64962659563337,"_wandb":{"runtime":244}}