{"train_error_energy": 4.2981353940185185, "train_error_force": 4.545161057837838, "train_loss": 1.851646248887225, "valid_error_energy": 3.706952632256929, "valid_error_force": 4.4991127037240926, "valid_loss": 1.6292718648910522, "test_error_energy": 6.902783030630624, "test_error_force": 8.773666770422931, "test_loss": 4.602768397456065, "lr": 0.0001, "dataset_size": 1291, "max_uncertainty": 8, "_timestamp": 1733334171.2624133, "_runtime": 207.74075436592102, "_step": 19, "_wandb": {"runtime": 207}}