{"train_error_energy": 6.145578797257624, "train_error_force": 5.342169519655741, "train_loss": 1.18852092285414, "valid_error_energy": 2.2093528808919194, "valid_error_force": 4.519770833737543, "valid_loss": 1.819443702697754, "test_error_energy": 10.855130311679961, "test_error_force": 13.488685012124657, "test_loss": 3.5720779845851878, "lr": 0.001, "dataset_size": 2359, "_timestamp": 1732211375.2543073, "_runtime": 202.48060822486877, "_step": 19, "_wandb": {"runtime": 202}}