{"train_error_energy": 1.8508847456117286, "train_error_force": 1.8359824068775912, "train_loss": -2.617438749410212, "valid_error_energy": 2.9622643609097428, "valid_error_force": 2.530641820435881, "valid_loss": -1.5848261813322704, "test_error_energy": 13.63993541473733, "test_error_force": 7.9178912367270256, "test_loss": 6.357231075226949, "lr": 0.0001, "dataset_size": 4070, "max_uncertainty": 5, "_timestamp": 1733114875.2592573, "_runtime": 242.63577938079834, "_step": 19, "_wandb": {"runtime": 242}}