Method,Energy R2 Score In Distribution,Forces R2 Score In Distribution,Energy Errors In Distribution,Force LosErrorsses In Distribution,Energy R2 Score Out Distribution,Force R2 Score Out Distribution,Energy Errors Out Distribution,Force Errors Out Distribution,Energy Correlation In Distribution Energies,Energy Correlation In Distribution Forces,Energy Correlation Out Distribution Energy,Energy Correlation Out Distribution Forces
MVE,0.9821358812477654,0.9964304577952833,0.09624729,0.2278983,0.5072545951675167,0.9422473748702517,0.5880728,0.6854347,0.14195872318816102,0.27448186735907676,0.23069413026801328,0.017211563204761866
MVE,0.9941651168776774,0.9980332418404747,0.05685182,0.16589834,-0.28191734015217396,0.08173605486476254,0.8835602,1.5325447,0.1878451943148193,0.3718257000937017,-0.014896779671288395,-0.1087055696812211
MVE,0.9924420565049996,0.997314626943313,0.06327495,0.19764842,0.6296672313952503,0.9723344083321157,0.46444795,0.5410263,0.056631871375505426,0.1953916602552818,-0.1999415240258707,-0.18515201800671582
MVE,0.9821358711632407,0.9964304579062396,0.09624732,0.2278983,0.5072545572514144,0.9422473501919962,0.5880728,0.6854347,0.14195939737963556,0.27448217047036616,0.23069422472796622,0.017211510179044157
MVE,0.9818344380097552,0.9973988311672682,0.10873195,0.19159462,0.6241928203964375,0.9715122834186692,0.5318732,0.56105864,0.11807079246553562,0.2792894588715692,0.29396673908754367,0.458313612476679
MVE,0.9941651137294344,0.9980332429398437,0.056851868,0.16589828,-0.2819173674567539,0.08173570445486673,0.8835602,1.5325449,0.18784452980713248,0.37182625892567084,-0.014896890910375146,-0.10870565331169785
MVE,0.9924420529978528,0.9973146275650767,0.06327494,0.19764842,0.6296672272776738,0.9723344080806801,0.4644479,0.5410263,0.05663171673617495,0.19539189868051068,-0.1999415734880886,-0.18515208913670217
MVE,0.98155098675163,0.997725877124484,0.11354271,0.18069623,0.5708220653387078,0.7992935067441035,0.5357886,1.0069122,0.2043522645134013,0.321129336253105,0.0012679942469428652,-0.3026074469160542
