{"train_error_energy": 1.6414561327342239, "train_error_force": 3.357956156973523, "train_loss": 0.5100176786178867, "valid_error_energy": 1.4473667888903603, "valid_error_force": 3.4173230887731747, "valid_loss": 0.4469333440065384, "test_error_energy": 10.1924967174373, "test_error_force": 13.216976290703448, "test_loss": 17.08628817253712, "lr": 0.0001, "dataset_size": 6993, "max_uncertainty": 4, "_timestamp": 1733280010.2644994, "_runtime": 291.9392423629761, "_step": 19, "_wandb": {"runtime": 291}}