{"train_error_energy": 4.751654906163474, "train_error_force": 4.370847209671831, "train_loss": 1.8720152871362095, "valid_error_energy": 3.4461296106242307, "valid_error_force": 4.367065966367337, "valid_loss": 1.5568262736002605, "test_error_energy": 6.398048163789348, "test_error_force": 7.75782895797601, "test_loss": 3.930875454897656, "lr": 0.0001, "dataset_size": 3695, "max_uncertainty": 6, "_timestamp": 1733390542.5020003, "_runtime": 265.93943428993225, "_step": 19, "_wandb": {"runtime": 265}}