{"lr":0.001,"train_loss_total":0.22068258273330602,"valid_loss_total":0.12145686914159365,"valid_loss_energy":0.023085153520263302,"_runtime":903.885896651,"train_loss_force":0.027493977009064773,"valid_loss_force":0.012666153272916198,"dataset_size":1399,"_wandb":{"runtime":904},"_step":49,"train_loss_energy":0.05257381539029831,"_timestamp":1.7308993816436398e+09}