{"train_loss_energy": 2.1207826285167037, "train_loss_force": 1.9966567037426528, "train_loss_total": 0.810010380744934, "valid_loss_energy": 1.9605698159771305, "valid_loss_force": 2.6076309633859567, "valid_loss_total": 1.0037224207605635, "lr": 0.0001, "_timestamp": 1731504625.5269604, "_runtime": 2611.2005364894867, "_step": 5999, "_wandb": {"runtime": 2610}}