{"train_error_energy": 2.665053669935987, "train_error_force": 3.545864503489568, "train_loss": 1.036462037158864, "valid_error_energy": 2.89474164953726, "valid_error_force": 3.6723072058383055, "valid_loss": 1.1335075497627258, "test_error_energy": 10.42260914498414, "test_error_force": 12.936205266132175, "test_loss": 9.725522231057052, "lr": 0.0001, "dataset_size": 3576, "max_uncertainty": 4, "_timestamp": 1732931434.3394425, "_runtime": 271.60396242141724, "_step": 19, "_wandb": {"runtime": 271}}