{"train_error_energy": 2.691704212827611, "train_error_force": 3.4230282150032956, "train_loss": 0.9914925128388006, "valid_error_energy": 3.2782709203048594, "valid_error_force": 3.5093903603206074, "valid_loss": 1.251260240872701, "test_error_energy": 10.213453227603711, "test_error_force": 11.62239268214201, "test_loss": 10.96414838661074, "lr": 0.0001, "dataset_size": 5697, "max_uncertainty": 4, "_timestamp": 1732952048.7698925, "_runtime": 292.92242550849915, "_step": 19, "_wandb": {"runtime": 292}}