{"train_error_energy": 3.069819186672334, "train_error_force": 4.507507162165972, "train_loss": 1.4924745036334526, "valid_error_energy": 2.652524490623045, "valid_error_force": 4.635872530446605, "valid_loss": 1.4247987866401672, "test_error_energy": 8.189120335802754, "test_error_force": 8.758268553124923, "test_loss": 5.920181037243748, "lr": 0.0001, "dataset_size": 1303, "max_uncertainty": 8, "_timestamp": 1733347053.4238412, "_runtime": 218.77439713478088, "_step": 19, "_wandb": {"runtime": 218}}