{"train_error_energy": 3.804930834913152, "train_error_force": 2.966409382688252, "train_loss": 1.1622175102763705, "valid_error_energy": 2.9964694962038183, "valid_error_force": 3.2145901794877396, "valid_loss": 0.9660671055316925, "test_error_energy": 11.415039601421265, "test_error_force": 15.472793629711648, "test_loss": 14.023599110348686, "lr": 0.0001, "dataset_size": 7190, "max_uncertainty": 3, "_timestamp": 1732942394.7674005, "_runtime": 323.02391839027405, "_step": 19, "_wandb": {"runtime": 322}}