{"train_error_energy": 8.188251467751662, "train_error_force": 3.6710431891754984, "train_loss": 1.7763057579596837, "valid_error_energy": 8.148225355307684, "valid_error_force": 3.7812258742361697, "valid_loss": 1.8104946911334991, "test_error_energy": 9.702772224874108, "test_error_force": 11.402796636232036, "test_loss": 4.464727796185079, "lr": 0.001, "dataset_size": 7651, "max_uncertainty": 4, "_timestamp": 1733610315.195587, "_runtime": 281.14191794395447, "_step": 19, "_wandb": {"runtime": 280}}