Method,Energy R2 Score In Distribution,Forces R2 Score In Distribution,Energy Losses In Distribution,Forces Losses In Distribution,Energy R2 Score Out Distribution,Forces R2 Score Out Distribution,Energy Losses Out Distribution,Forces Losses Out Distribution,Energy Correlation In Distribution Energies,Energy Correlation In Distribution Forces,Energy Correlation Out Distribution Energy,Energy Correlation Out Distribution Forces,Force Correlation In Distribution Energy,Force Correlation In Distribution Forces,Force Correlation Out Distribution Energy,Force Correlation Out Distribution Forces
ModelEnsemble,0.9779235222734401,0.9953278347895829,0.1027855,0.2769384,0.7436748822164638,0.93046014125729,0.3465142,0.69546515,-0.05347626468046987,0.257377744459587,0.5296856930890672,0.7541320159831174,0.2532977999064548,0.8092568637338173,0.5953112117882974,0.9826717471282834
ModelEnsemble,0.9578071904989617,0.9938223086885092,0.1633615,0.31419674,0.8094316493754485,0.9586615486106838,0.36418387,0.6894372,-0.1527387310689207,0.07843269599106963,0.17955128887680033,0.594735748720027,0.07233617808391,0.7290705735830136,0.3943988398838692,0.9201659253230982
ModelEnsemble,0.9748278364344649,0.994704900081406,0.12295227,0.2967053,0.7038213525058588,0.9722591857148583,0.40136722,0.56083477,0.299862794098813,0.1708888891596548,0.4865334410371514,0.7286791580063854,0.053321591404671284,0.6522039784205753,0.6628985638511918,0.9394398586640733
ModelEnsemble,0.9738159605627938,0.9944890534598413,0.11035053,0.2958,0.7783647009989075,0.9504743410924478,0.34509757,0.7146452,-0.0431168352705679,0.18092766489270834,0.4370642104558664,0.6295191137492798,0.3627987386752016,0.8322699753273188,0.5195076021114842,0.9625158132384225
ModelEnsemble,0.9864272067144455,0.9960778543286893,0.08165726,0.25844672,0.6647218778280489,0.9657571984873886,0.37824962,0.59516233,0.3576284771244272,0.4327603972253097,0.6722908821204979,0.7161582241040338,0.30533647099992456,0.8030799922960418,0.7983563036548924,0.9561632374631386
