{"train_error_energy": 13.496996343795981, "train_error_force": 5.419582791745388, "train_loss": 2.7166372608430316, "valid_error_energy": 9.212134303836882, "valid_error_force": 4.519653264428493, "valid_loss": 2.128772258758545, "test_error_energy": 9.561400540086332, "test_error_force": 10.38471296412637, "test_loss": 4.114613061175921, "lr": 0.001, "dataset_size": 3201, "max_uncertainty": 4, "_timestamp": 1733541447.4173398, "_runtime": 240.025554895401, "_step": 19, "_wandb": {"runtime": 239}}