{"train_error_energy": 1.723743353143418, "train_error_force": 1.8118609763087419, "train_loss": -2.6593983659466494, "valid_error_energy": 3.783684531278218, "valid_error_force": 2.080298631298811, "valid_loss": -2.148305892944336, "test_error_energy": 12.546396905372298, "test_error_force": 8.900688051296624, "test_loss": 7.5272132439139, "lr": 0.0001, "dataset_size": 3267, "max_uncertainty": 5, "_timestamp": 1733086856.8474605, "_runtime": 230.0800166130066, "_step": 19, "_wandb": {"runtime": 229}}