{"train_loss_energy": 0.8735878312587738, "train_loss_force": 0.22141532719135285, "train_loss_total": 1.9806644678115846, "valid_loss_energy": 0.2168614970786231, "valid_loss_force": 0.28750781076295034, "valid_loss_total": 1.6544005530221122, "lr": 0.001, "_timestamp": 1731492710.112526, "_runtime": 2508.0185618400574, "_step": 5999, "_wandb": {"runtime": 2507}}