{"train_loss_energy": 2.2633568317132293, "train_loss_force": 2.3020356311176418, "train_loss_total": 0.5209557771682739, "valid_loss_energy": 2.738688116393132, "valid_loss_force": 2.9900158326519386, "valid_loss_total": 0.16754444262811116, "lr": 0.00012959999999999998, "_timestamp": 1731672014.6120076, "_runtime": 1731.6928975582123, "_step": 3999, "_wandb": {"runtime": 1731}}