{"train_error_energy": 1.8706591903505094, "train_error_force": 1.8670356357235056, "train_loss": -2.574455694949373, "valid_error_energy": 1.1196552268906625, "valid_error_force": 2.18521866284139, "valid_loss": -2.1989111502965293, "test_error_energy": 9.282531646292526, "test_error_force": 7.00392094920345, "test_loss": 4.616499366560531, "lr": 0.0001, "dataset_size": 4492, "max_uncertainty": 5, "_timestamp": 1733144978.9156458, "_runtime": 259.9287989139557, "_step": 19, "_wandb": {"runtime": 259}}