{"train_error_energy": 2.356673198659458, "train_error_force": 2.320686123550403, "train_loss": -1.9974481264750164, "valid_error_energy": 4.15718530327457, "valid_error_force": 2.6485406055986775, "valid_loss": -1.5224360227584839, "test_error_energy": 16.759007350010364, "test_error_force": 9.418989673550005, "test_loss": 6.507906554257058, "lr": 0.0001, "dataset_size": 1239, "max_uncertainty": 6, "_timestamp": 1733083511.0644214, "_runtime": 184.63389444351196, "_step": 19, "_wandb": {"runtime": 184}}