Method,Energy R2 Score In Distribution,Forces R2 Score In Distribution,Energy Errors In Distribution,Force Errors In Distribution,Energy R2 Score Out Distribution,Force R2 Score Out Distribution,Energy Errors Out Distribution,Force Errors Out Distribution,Energy Correlation In Distribution Energies,Energy Correlation In Distribution Forces,Energy Correlation Out Distribution Energy,Energy Correlation Out Distribution Forces
MVE,0.9938720667520288,0.9978484527918834,0.8359147,2.6089218,0.4913614726883626,0.9229551849287893,8.40648,12.5986395,0.0027452077345593803,0.027087698370247153,0.2645256039273772,0.5199687691885102
MVE,0.9952168158976361,0.9985956229494889,0.7143723,2.0925496,0.3238466597291966,0.9639773449923176,10.159772,8.987817,0.44980913746445694,0.5338359660595705,0.23128920979694761,0.6458234730242197
MVE,0.9951410041966238,0.9981960327083214,0.75574034,2.1719892,0.38915045027541384,0.8861829463283625,8.582562,13.338621,0.2804872084842768,0.5275510593806505,0.45185394260602874,0.4928645590264622
MVE,0.9937475526152723,0.9988128221045977,0.9035872,1.9906399,0.2077708184084921,0.9436991139156277,11.014908,10.348875,0.01817645778060146,0.34536987028402466,0.13384547592584684,0.5474669388171717
MVE,0.9964365568666529,0.9990741139041096,0.6012429,1.7536421,0.2701695034179842,0.9504914913047494,10.963364,9.649086,0.22977139106052508,0.37017751183264125,0.2371691869752568,0.646133722476249
