{"train_error_energy": 0.0, "train_error_force": 0.0, "train_loss": 0.0, "valid_error_energy": 0.0, "valid_error_force": 0.0, "valid_loss": 0.0, "test_error_energy": 15.941480406652774, "test_error_force": 16.43347742088186, "test_loss": 4.446944059501768, "lr": null, "dataset_size": 800, "max_uncertainty": 4, "_timestamp": 1732714876.1348968, "_runtime": 136.80784273147583, "_step": 0, "_wandb": {"runtime": 136}}