{"train_error_energy": 3.148654649570211, "train_error_force": 4.603770107130374, "train_loss": 1.5550466301766308, "valid_error_energy": 3.295277573217289, "valid_error_force": 4.505618650829811, "valid_loss": 1.5668768882751465, "test_error_energy": 7.896968042994394, "test_error_force": 8.91914068772033, "test_loss": 6.001565441411203, "lr": 0.0001, "dataset_size": 2810, "max_uncertainty": 6, "_timestamp": 1733310007.8922186, "_runtime": 258.1618375778198, "_step": 19, "_wandb": {"runtime": 257}}