{"train_error_energy": 1.7136796415732505, "train_error_force": 2.4564030278177262, "train_loss": -0.7063459181785583, "valid_error_energy": 1.5688837218493226, "valid_error_force": 3.189016206579336, "valid_loss": -0.5008507030350822, "test_error_energy": 0.0, "test_error_force": 0.0, "test_loss": 0.0, "lr": 0.0001, "_timestamp": 1733419580.684451, "_runtime": 1697.0077941417694, "_step": 3999, "_wandb": {"runtime": 1696}}