{"train_error_energy": 0.0, "train_error_force": 0.0, "train_error_total": 0.0, "valid_error_energy": 0.0, "valid_error_force": 0.0, "valid_error_total": 0.0, "test_error_energy": 11.494643615908409, "test_error_force": 12.758869879553137, "test_error_total": 5.038387408431288, "lr": null, "dataset_size": 800, "_timestamp": 1732185118.639058, "_runtime": 18.882355213165283, "_step": 0, "_wandb": {"runtime": 18}}