{"train_error_energy": 14.45201747607168, "train_error_force": 6.964098114234085, "train_loss": 3.2973476504457406, "valid_error_energy": 11.583395042123252, "valid_error_force": 4.542253440509676, "valid_loss": 2.295020580291748, "test_error_energy": 11.382849435174405, "test_error_force": 11.292436146351204, "test_loss": 4.54023266088276, "lr": 0.001, "dataset_size": 3691, "max_uncertainty": 4, "_timestamp": 1733585785.9185505, "_runtime": 254.50244140625, "_step": 19, "_wandb": {"runtime": 254}}