Method,Energy R2 Score In Distribution,Forces R2 Score In Distribution,Energy Errors In Distribution,Force LosErrorsses In Distribution,Energy R2 Score Out Distribution,Force R2 Score Out Distribution,Energy Errors Out Distribution,Force Errors Out Distribution,Energy Correlation In Distribution Energies,Energy Correlation In Distribution Forces,Energy Correlation Out Distribution Energy,Energy Correlation Out Distribution Forces
EvidentialRegression,0.9265571434317703,0.9907269431864645,0.23646729,0.4107361,0.7602988834039248,0.9731642199270479,0.42355508,0.6379582,0.07717759183567584,0.15685478038101147,-0.08753751464459057,-0.04633018753444824
EvidentialRegression,0.905525673859775,0.9953050879376751,0.286117,0.26443988,0.6796905621233524,0.9601928011476363,0.49789545,0.65107137,-0.05373957560646874,0.3129614952244448,0.0025117602452808772,-0.021916392241535694
EvidentialRegression,0.9258959689878308,0.9942458972933216,0.24338672,0.29107535,0.8483164543402711,0.964690827148179,0.33574608,0.6421562,-0.10543234249682278,0.5286733549178507,0.1726319872475021,0.3088394484595436
