{"train_error_energy": 11.624827777476007, "train_error_force": 7.855083070509178, "train_loss": 3.40627674434496, "valid_error_energy": 8.277154576175354, "valid_error_force": 6.427442871629804, "valid_loss": 2.7045552730560303, "test_error_energy": 21.001402159504575, "test_error_force": 11.51035477312359, "test_loss": 5.256828600199435, "lr": 0.001, "dataset_size": 1448, "max_uncertainty": 6, "_timestamp": 1733555602.1643481, "_runtime": 219.07351422309875, "_step": 19, "_wandb": {"runtime": 218}}