{"train_error_energy": 4.67268398688718, "train_error_force": 4.5518827189501785, "train_loss": 1.9210623661677042, "valid_error_energy": 4.896651278030788, "valid_error_force": 4.626819470980618, "valid_loss": 1.9613869587580364, "test_error_energy": 7.684685988370373, "test_error_force": 8.27034232259456, "test_loss": 4.518222401903562, "lr": 0.0001, "dataset_size": 3355, "max_uncertainty": 6, "_timestamp": 1733350542.3013613, "_runtime": 266.3504502773285, "_step": 19, "_wandb": {"runtime": 266}}