{"train_error_energy": 4.5322325761091475, "train_error_force": 4.4323089300548775, "train_loss": 1.8683831968477793, "valid_error_energy": 6.095851327595959, "valid_error_force": 4.468955953283654, "valid_loss": 2.2884587049484253, "test_error_energy": 10.616560051936798, "test_error_force": 9.898297008645695, "test_loss": 6.9776637541686055, "lr": 0.0001, "dataset_size": 1779, "max_uncertainty": 6, "_timestamp": 1733259092.1763647, "_runtime": 236.63441467285156, "_step": 19, "_wandb": {"runtime": 236}}