{"train_error_energy": 2.631131169378246, "train_error_force": 3.3310699375075643, "train_loss": 0.9308972337697571, "valid_error_energy": 2.2136255677985543, "valid_error_force": 3.386660935038767, "valid_loss": 0.7894290685653687, "test_error_energy": 10.322354402192484, "test_error_force": 12.788921195570074, "test_loss": 13.1738048823092, "lr": 0.0001, "dataset_size": 7262, "max_uncertainty": 4, "_timestamp": 1733286549.5796525, "_runtime": 310.473557472229, "_step": 19, "_wandb": {"runtime": 310}}