{"train_error_energy": 10.907914004539563, "train_error_force": 4.718413557995465, "train_loss": 2.308760769870303, "valid_error_energy": 7.523222900353938, "valid_error_force": 8.348418054976374, "valid_loss": 3.2968661785125732, "test_error_energy": 10.699670529563623, "test_error_force": 13.36772937401966, "test_loss": 5.188913632437821, "lr": 0.001, "dataset_size": 3477, "max_uncertainty": 4, "_timestamp": 1733550974.6662579, "_runtime": 244.5590238571167, "_step": 19, "_wandb": {"runtime": 244}}