{"train_error_energy": 1.7428298743264172, "train_error_force": 1.8653775215948003, "train_loss": -2.585000103389895, "valid_error_energy": 2.4669582591429124, "valid_error_force": 2.428639571158491, "valid_loss": -1.7753277122974396, "test_error_energy": 15.455485461402503, "test_error_force": 9.395954072422887, "test_loss": 8.004490265671496, "lr": 0.0001, "dataset_size": 2351, "max_uncertainty": 5, "_timestamp": 1733074811.7936974, "_runtime": 211.95832324028015, "_step": 19, "_wandb": {"runtime": 211}}