{"train_error_energy": 4.660253168378775, "train_error_force": 4.354598719607131, "train_loss": 1.8428694790807263, "valid_error_energy": 2.0133017531144364, "valid_error_force": 4.363728749654268, "valid_loss": 1.322327454884847, "test_error_energy": 5.5227032950790305, "test_error_force": 7.700732436355426, "test_loss": 3.6844840623945467, "lr": 0.0001, "dataset_size": 3712, "max_uncertainty": 6, "_timestamp": 1733392954.7273252, "_runtime": 269.0543031692505, "_step": 19, "_wandb": {"runtime": 268}}