{"train_error_energy": 16.172107304398565, "train_error_force": 6.869848996793364, "train_loss": 3.3809210936228435, "valid_error_energy": 25.748668223606465, "valid_error_force": 6.528914537443972, "valid_loss": 3.9077130556106567, "test_error_energy": 24.58129764774854, "test_error_force": 10.434565867237568, "test_loss": 5.136435116772876, "lr": 0.001, "dataset_size": 2376, "max_uncertainty": 8, "_timestamp": 1733650739.236329, "_runtime": 232.07992815971375, "_step": 19, "_wandb": {"runtime": 231}}