{"_runtime":903.694658904,"dataset_size":1299,"_step":49,"_wandb":{"runtime":904},"valid_loss_energy":0.03192066351507659,"lr":0.001,"_timestamp":1.730897863685937e+09,"train_loss_energy":0.060930832221013746,"train_loss_total":0.3090153296546238,"valid_loss_total":0.23164916420794282,"train_loss_force":0.037360586044265,"valid_loss_force":0.027808682700492325}