{"train_error_energy": 4.071809561968635, "train_error_force": 3.585661366682409, "train_loss": 1.4789200375477474, "valid_error_energy": 5.188662936037678, "valid_error_force": 3.879780963909689, "valid_loss": 1.9034141302108765, "test_error_energy": 12.13675105998758, "test_error_force": 11.120714074069948, "test_loss": 11.163022191112578, "lr": 0.0001, "dataset_size": 1510, "max_uncertainty": 4, "_timestamp": 1732918391.553395, "_runtime": 226.60033202171326, "_step": 19, "_wandb": {"runtime": 226}}