{"train_error_energy": 2.6144318154213426, "train_error_force": 2.3659244303070306, "train_loss": 0.5748961818218231, "valid_error_energy": 2.1583484975582787, "valid_error_force": 2.887807331955859, "valid_loss": 0.5569597482681274, "test_error_energy": 0.0, "test_error_force": 0.0, "test_loss": 0.0, "lr": 0.0001, "_timestamp": 1732894105.0825589, "_runtime": 2789.612916946411, "_step": 5999, "_wandb": {"runtime": 2789}}