{"train_error_energy": 9.287657962218612, "train_error_force": 4.145113509290475, "train_loss": 2.008504180908203, "valid_error_energy": 4.20966541493628, "valid_error_force": 4.500160696059401, "valid_loss": 1.7874815762043, "test_error_energy": 11.081137158519349, "test_error_force": 11.705711783271466, "test_loss": 4.658325237753504, "lr": 0.001, "dataset_size": 6391, "max_uncertainty": 4, "_timestamp": 1733602196.466544, "_runtime": 264.6787049770355, "_step": 19, "_wandb": {"runtime": 264}}