{"train_error_energy": 4.607255252628572, "train_error_force": 4.635805556515713, "train_loss": 1.947986274295383, "valid_error_energy": 3.253634880222458, "valid_error_force": 4.49464818734824, "valid_loss": 1.579513967037201, "test_error_energy": 7.885902913649015, "test_error_force": 8.669364891162687, "test_loss": 4.977564874119784, "lr": 0.0001, "dataset_size": 2870, "max_uncertainty": 6, "_timestamp": 1733314461.8989742, "_runtime": 241.7235541343689, "_step": 19, "_wandb": {"runtime": 241}}