{"train_error_energy": 11.573158098523184, "train_error_force": 5.111392702546231, "train_loss": 2.4847714049475536, "valid_error_energy": 2.43646516695755, "valid_error_force": 5.696476178173651, "valid_loss": 2.069108724594116, "test_error_energy": 10.024040728209142, "test_error_force": 11.860884301205036, "test_loss": 4.639504884550084, "lr": 0.001, "dataset_size": 890, "max_uncertainty": 4, "_timestamp": 1733562022.7583103, "_runtime": 79.13661026954651, "_step": 8}