{"train_error_energy": 2.1603722004160866, "train_error_force": 3.48962407733125, "train_loss": 1.584077245149857, "valid_error_energy": 1.8904040456255613, "valid_error_force": 3.1718760025627035, "valid_loss": 1.6912712454795837, "test_error_energy": 7.030360219599711, "test_error_force": 6.602514508075162, "test_loss": 3.537303858402512, "lr": 0.0001, "dataset_size": 1238, "max_uncertainty": 8, "_timestamp": 1732561094.124424, "_runtime": 385.6025629043579, "_step": 19, "_wandb": {"runtime": 385}}