{"train_error_energy": 2.1493773433234047, "train_error_force": 1.8503680727097052, "train_loss": -2.5771320638833224, "valid_error_energy": 1.0491980887343324, "valid_error_force": 1.8979530492338539, "valid_loss": -2.5854808489481607, "test_error_energy": 6.789025190154845, "test_error_force": 5.427984062954473, "test_loss": 2.5929263767771698, "lr": 0.0001, "dataset_size": 5174, "max_uncertainty": 4, "_timestamp": 1732949329.6531312, "_runtime": 290.11717224121094, "_step": 19, "_wandb": {"runtime": 289}}