{"train_error_energy": 2.667329620608784, "train_error_force": 3.5368377203980716, "train_loss": 1.0366840807058044, "valid_error_energy": 2.2741817780484923, "valid_error_force": 3.8418107531386454, "valid_loss": 1.004279762506485, "test_error_energy": 10.453697245850343, "test_error_force": 11.62817338767879, "test_loss": 11.83109759285812, "lr": 0.0001, "dataset_size": 1870, "max_uncertainty": 4, "_timestamp": 1732920113.124792, "_runtime": 220.41245317459106, "_step": 19, "_wandb": {"runtime": 220}}