{"train_error_energy": 2.0494856536787385, "train_error_force": 3.351293262689565, "train_loss": 1.5278002733276004, "valid_error_energy": 1.4377226820101519, "valid_error_force": 2.9827147777215672, "valid_loss": 1.4718357920646667, "test_error_energy": 7.92379537325069, "test_error_force": 7.2396000284552215, "test_loss": 3.8570192309574307, "lr": 0.0001, "dataset_size": 1322, "max_uncertainty": 6, "_timestamp": 1732512444.2790167, "_runtime": 389.9784858226776, "_step": 19, "_wandb": {"runtime": 389}}