{"lr":0.001,"_step":4999,"valid_loss_force":8.607972145080566,"_timestamp":1.726497016130693e+09,"_wandb":{"runtime":934},"_runtime":933.844041128,"train_loss_total":6.774419239589146,"train_loss_energy":5.817596571786063,"train_loss_force":7.73124190739223,"valid_loss_total":6.196404218673706,"valid_loss_energy":3.7848360538482666}