{"train_error_energy": 2.65522663035808, "train_error_force": 3.4981229198897688, "train_loss": 1.0113622175680625, "valid_error_energy": 1.7198928091053256, "valid_error_force": 3.6686160936293093, "valid_loss": 0.7858902017275492, "test_error_energy": 10.674553841614136, "test_error_force": 13.081845119741375, "test_loss": 12.297340442997, "lr": 0.0001, "dataset_size": 4725, "max_uncertainty": 4, "_timestamp": 1733242755.300059, "_runtime": 288.07610511779785, "_step": 19, "_wandb": {"runtime": 287}}