{"train_error_energy": 3.1542164419639493, "train_error_force": 4.572646152207004, "train_loss": 1.5613074501355488, "valid_error_energy": 4.273511227813581, "valid_error_force": 4.5156095927384445, "valid_loss": 1.9495143294334412, "test_error_energy": 9.078576067721643, "test_error_force": 9.385655640745025, "test_loss": 6.9162110658216225, "lr": 0.0001, "dataset_size": 2287, "max_uncertainty": 6, "_timestamp": 1733283145.8451552, "_runtime": 239.53850030899048, "_step": 19, "_wandb": {"runtime": 239}}