{"train_error_energy": 4.094585974360266, "train_error_force": 3.59958949276114, "train_loss": 1.475258103732405, "valid_error_energy": 3.648018900738794, "valid_error_force": 3.747657999481977, "valid_loss": 1.3610230088233948, "test_error_energy": 10.474267780619723, "test_error_force": 13.269825938134124, "test_loss": 8.497432945910548, "lr": 0.0001, "dataset_size": 2770, "max_uncertainty": 4, "_timestamp": 1732925387.789207, "_runtime": 236.7420289516449, "_step": 19, "_wandb": {"runtime": 236}}