{"train_error_energy": 3.19221204165657, "train_error_force": 4.565419149832112, "train_loss": 1.552018788953622, "valid_error_energy": 2.151626906821297, "valid_error_force": 4.459533485704574, "valid_loss": 1.2386263012886047, "test_error_energy": 7.126404025369479, "test_error_force": 8.537873085343627, "test_loss": 5.443734069145163, "lr": 0.0001, "dataset_size": 3053, "max_uncertainty": 6, "_timestamp": 1733327927.3884966, "_runtime": 240.83809661865234, "_step": 19, "_wandb": {"runtime": 240}}