{"train_error_energy": 0.0, "train_error_force": 0.0, "train_loss": 0.0, "valid_error_energy": 0.0, "valid_error_force": 0.0, "valid_loss": 0.0, "test_error_energy": 12.426627848995611, "test_error_force": 10.718952357907394, "test_loss": 6.042872790890838, "lr": null, "dataset_size": 800, "max_uncertainty": 8, "_timestamp": 1732712272.6261387, "_runtime": 247.8536856174469, "_step": 0, "_wandb": {"runtime": 247}}