{"train_error_energy": 2.6339344613773643, "train_error_force": 3.437238354435364, "train_loss": 0.9787770850317818, "valid_error_energy": 2.573416043807269, "valid_error_force": 3.5103698076704952, "valid_loss": 0.9524145325024923, "test_error_energy": 10.307059862446755, "test_error_force": 12.471717996640653, "test_loss": 12.239363989904913, "lr": 0.0001, "dataset_size": 5573, "max_uncertainty": 4, "_timestamp": 1733252947.5032556, "_runtime": 296.590482711792, "_step": 19, "_wandb": {"runtime": 296}}