{"train_error_energy": 6.9790438348805885, "train_error_force": 4.22006943660922, "train_loss": 1.8790907395984533, "valid_error_energy": 2.588526015779295, "valid_error_force": 3.138013658996479, "valid_loss": 1.22321515083313, "test_error_energy": 10.349005735222162, "test_error_force": 12.003197878811694, "test_loss": 4.708870323540653, "lr": 0.001, "dataset_size": 9360, "max_uncertainty": 4, "_timestamp": 1733623284.8754563, "_runtime": 298.34049940109253, "_step": 19, "_wandb": {"runtime": 298}}