{"train_error_energy": 1.568797866462944, "train_error_force": 2.0215545726579798, "train_loss": -4.757744855350918, "valid_error_energy": 1.2971384013717568, "valid_error_force": 2.3172340780716194, "valid_loss": -4.454341888427734, "test_error_energy": 11.799989922973433, "test_error_force": 12.171336969041947, "test_loss": 95.59286367206673, "lr": 0.0001, "dataset_size": 836, "max_uncertainty": 4, "_timestamp": 1733695006.22192, "_runtime": 174.27371501922607, "_step": 19, "_wandb": {"runtime": 173}}