{"_runtime":456.305235914,"lr":0.001,"train_loss_total":22.624943052019393,"_step":1511,"_wandb":{"runtime":456},"train_loss_energy":8.040157318115234,"_timestamp":1.7265786629142952e+09,"valid_loss_force":24.99198341369629,"valid_loss_energy":8.949326038360596,"valid_loss_total":22.31820774078369,"train_loss_force":25.54189954485212}