{"train_error_energy": 2.333170467774075, "train_error_force": 1.8114362469611673, "train_loss": -2.6191664643403962, "valid_error_energy": 2.641984112596834, "valid_error_force": 1.8513390077755145, "valid_loss": -2.543522834777832, "test_error_energy": 6.175462424360911, "test_error_force": 5.364378616756973, "test_loss": 2.452899668229188, "lr": 0.0001, "dataset_size": 5222, "max_uncertainty": 4, "_timestamp": 1732954087.1160693, "_runtime": 281.37991642951965, "_step": 19, "_wandb": {"runtime": 281}}