{"train_error_energy": 2.2624235601688576, "train_error_force": 2.365881780697126, "train_loss": -1.9560734714780534, "valid_error_energy": 1.3913701469079427, "valid_error_force": 2.5404253831466077, "valid_loss": -1.8281736373901367, "test_error_energy": 13.066122220517615, "test_error_force": 8.589712770813565, "test_loss": 5.348744684488985, "lr": 0.0001, "dataset_size": 1332, "max_uncertainty": 6, "_timestamp": 1733097918.7044454, "_runtime": 215.9703984260559, "_step": 19, "_wandb": {"runtime": 215}}