{"train_loss_energy": 0.7629502209321483, "train_loss_force": 2.339390361718655, "train_loss_total": 0.8338230991363526, "valid_loss_energy": 0.8750953233713548, "valid_loss_force": 2.814718758692699, "valid_loss_total": 1.0003740106310164, "lr": 1e-05, "_timestamp": 1731501955.7973864, "_runtime": 2518.200080394745, "_step": 5999, "_wandb": {"runtime": 2517}}