{"train_error_energy": 1.545806636575615, "train_error_force": 2.7791904708894455, "train_error_total": 1.2638600422785833, "valid_error_energy": 1.6806738697639183, "valid_error_force": 2.4852147910829583, "valid_error_total": 1.2413504123687744, "test_error_energy": 10.088447393952428, "test_error_force": 8.3130744669378, "test_error_total": 4.559508980256725, "lr": 0.0001, "dataset_size": 1217, "_timestamp": 1732172584.3019788, "_runtime": 333.04328083992004, "_step": 19, "_wandb": {"runtime": 332}}