{"train_error_energy": 0.0, "train_error_force": 0.0, "train_error_total": 0.0, "valid_error_energy": 0.0, "valid_error_force": 0.0, "valid_error_total": 0.0, "test_error_energy": 11.497023942083533, "test_error_force": 12.7598216117835, "test_error_total": 5.038865144340155, "lr": null, "dataset_size": 800, "_timestamp": 1732181290.8946831, "_runtime": 16.915897130966187, "_step": 0, "_wandb": {"runtime": 16}}