{"train_error_energy": 2.199283830991658, "train_error_force": 3.4978432851289063, "train_loss": 1.5834611915960544, "valid_error_energy": 2.2193737718006803, "valid_error_force": 3.1405609272251493, "valid_loss": 1.5828494429588318, "test_error_energy": 6.367418089858896, "test_error_force": 6.271679245222872, "test_loss": 3.3169274504896236, "lr": 0.0001, "dataset_size": 1292, "max_uncertainty": 8, "_timestamp": 1732617484.867421, "_runtime": 386.92158484458923, "_step": 19, "_wandb": {"runtime": 386}}