{"train_error_energy": 3.102830954195647, "train_error_force": 4.648594386962013, "train_loss": 1.5586780667304994, "valid_error_energy": 2.6268692196366827, "valid_error_force": 4.92088703321186, "valid_loss": 1.4817060232162476, "test_error_energy": 8.017136155123179, "test_error_force": 8.994668593102155, "test_loss": 5.704143371881615, "lr": 0.0001, "dataset_size": 1252, "max_uncertainty": 8, "_timestamp": 1733313803.208311, "_runtime": 221.9288101196289, "_step": 19, "_wandb": {"runtime": 221}}