{"train_error_energy": 1.1994064070364239, "train_error_force": 2.1743928322479813, "train_loss": 0.9715393260121346, "valid_error_energy": 0.9940509017099863, "valid_error_force": 2.3536019616685673, "valid_loss": 1.1541271805763245, "test_error_energy": 12.302003420777742, "test_error_force": 10.365591480883808, "test_loss": 5.845829474364276, "lr": 0.0001, "dataset_size": 1520, "max_uncertainty": 4, "_timestamp": 1732374447.717913, "_runtime": 404.7476978302002, "_step": 19, "_wandb": {"runtime": 404}}