{"train_loss_energy": 9.486304602734267, "train_loss_force": 5.579465535295606, "train_loss_total": 2.501732063293457, "valid_loss_energy": 11.77183478662627, "valid_loss_force": 4.486952798838701, "valid_loss_total": 2.289123296737671, "lr": 0.001, "_timestamp": 1731528365.4154694, "_runtime": 2697.2772154808044, "_step": 5999, "_wandb": {"runtime": 2696}}