{"train_error_energy": 1.4518883441687414, "train_error_force": 2.2480786676261464, "train_loss": -2.138692201570023, "valid_error_energy": 1.6379734426586436, "valid_error_force": 2.4766926861954373, "valid_loss": -1.871176302433014, "test_error_energy": 11.365493552714451, "test_error_force": 8.05658516998268, "test_loss": 4.8779521724940595, "lr": 0.0001, "dataset_size": 1346, "max_uncertainty": 6, "_timestamp": 1733110606.5580878, "_runtime": 191.20017671585083, "_step": 19, "_wandb": {"runtime": 190}}