{"train_error_energy": 12.139624115615458, "train_error_force": 6.017770567251974, "train_loss": 2.825956612302546, "valid_error_energy": 3.696159970088382, "valid_error_force": 6.493176584860855, "valid_loss": 2.4199869632720947, "test_error_energy": 9.54216908393344, "test_error_force": 11.59461662044269, "test_loss": 4.518163725967806, "lr": 0.001, "dataset_size": 1801, "max_uncertainty": 4, "_timestamp": 1733575047.4856992, "_runtime": 212.85879611968994, "_step": 19, "_wandb": {"runtime": 212}}