{"train_loss_energy": 4.313918104046196, "train_loss_force": 3.89228509226048, "train_loss_total": 1.5910583209991456, "valid_loss_energy": 4.125409416969333, "valid_loss_force": 3.9057476953046657, "valid_loss_total": 1.5829478672572546, "lr": 0.001, "_timestamp": 1731508716.5991695, "_runtime": 2612.116240501404, "_step": 5999, "_wandb": {"runtime": 2611}}