{"train_error_energy": 3.1285128536628597, "train_error_force": 4.672681953214918, "train_loss": 1.6000973516040378, "valid_error_energy": 5.66877146036817, "valid_error_force": 4.98853080237668, "valid_loss": 3.252334713935852, "test_error_energy": 9.479497218350584, "test_error_force": 9.27091653348316, "test_loss": 8.066441026657664, "lr": 0.0001, "dataset_size": 2592, "max_uncertainty": 6, "_timestamp": 1733297167.8468318, "_runtime": 247.92990589141846, "_step": 19, "_wandb": {"runtime": 247}}