{"train_loss": 0.5406249538064003, "train_uncertainty": 0.07079012633766979, "valid_loss": 0.5497267693281174, "valid_uncertainty": 0.1158398725092411, "in_interval": 6.150000095367432, "_timestamp": 1723644586.0981061, "_runtime": 865.26895403862, "_step": 149, "_wandb": {"runtime": 863}}