{"train_error_energy": 9.146298790320841, "train_error_force": 3.7977414154719744, "train_loss": -0.3083157264127219, "valid_error_energy": 6.044166330342833, "valid_error_force": 3.241046205834382, "valid_loss": -0.8905385732650757, "test_error_energy": 8.666399945396217, "test_error_force": 9.932331337080424, "test_loss": 3.675886855699629, "lr": 0.001, "dataset_size": 3846, "max_uncertainty": 4, "_timestamp": 1732795950.382281, "_runtime": 208.41918396949768, "_step": 19, "_wandb": {"runtime": 208}}