{"train_error_energy": 12.292206397876013, "train_error_force": 5.206865752320816, "train_loss": 2.564836183015038, "valid_error_energy": 2.079223361993126, "valid_error_force": 5.781187760042981, "valid_loss": 2.0735467672348022, "test_error_energy": 9.52858167275208, "test_error_force": 10.461048466018529, "test_loss": 4.137958911076891, "lr": 0.001, "dataset_size": 2152, "max_uncertainty": 8, "_timestamp": 1733633231.9346685, "_runtime": 185.13701057434082, "_step": 19, "_wandb": {"runtime": 184}}