{"train_error_energy": 2.309113476311552, "train_error_force": 2.8403155200679424, "train_loss": 0.6137993431825569, "valid_error_energy": 1.9892975144666902, "valid_error_force": 2.9898106421955917, "valid_loss": 0.5111576080322265, "test_error_energy": 9.435476134420325, "test_error_force": 14.874379523896069, "test_loss": 14.412024048610508, "lr": 0.0001, "dataset_size": 8810, "max_uncertainty": 3, "_timestamp": 1732951573.962553, "_runtime": 326.2702000141144, "_step": 19, "_wandb": {"runtime": 326}}