{"train_error_energy": 3.6674005114230686, "train_error_force": 2.9063735599638143, "train_loss": 1.1042117143118824, "valid_error_energy": 2.7015934891044573, "valid_error_force": 3.1991493879656083, "valid_loss": 0.8777511596679688, "test_error_energy": 10.968963143859835, "test_error_force": 15.142054879361526, "test_loss": 12.759710202042346, "lr": 0.0001, "dataset_size": 8630, "max_uncertainty": 3, "_timestamp": 1732950479.0098095, "_runtime": 311.4457654953003, "_step": 19, "_wandb": {"runtime": 311}}