{"train_error_energy": 4.226106628272097, "train_error_force": 3.4215486783580955, "train_loss": 1.4348200430822133, "valid_error_energy": 5.09916318818889, "valid_error_force": 3.4549179906987577, "valid_loss": 1.6884413361549377, "test_error_energy": 10.820281154067981, "test_error_force": 11.547028428090178, "test_loss": 9.804276181765252, "lr": 0.0001, "dataset_size": 6363, "max_uncertainty": 4, "_timestamp": 1732961186.3749084, "_runtime": 272.76123452186584, "_step": 19, "_wandb": {"runtime": 272}}