{"train_error_energy": 1.9036997968628384, "train_error_force": 1.8015737426506528, "train_loss": -2.6614889380050033, "valid_error_energy": 1.1539002385176211, "valid_error_force": 2.0352569309029165, "valid_loss": -2.3863260746002197, "test_error_energy": 7.85866175919695, "test_error_force": 6.410677913445702, "test_loss": 4.040611248365871, "lr": 0.0001, "dataset_size": 4658, "max_uncertainty": 5, "_timestamp": 1733161509.1435761, "_runtime": 224.07772421836853, "_step": 19, "_wandb": {"runtime": 223}}