{"train_loss_energy": 0.6149699455499649, "train_loss_force": 5.6287133934905516, "train_loss_total": 46.75458465371418, "valid_loss_energy": 2.5812192542556143, "valid_loss_force": 4.976763570645452, "valid_loss_total": 2.9476204259055003, "lr": 0.001, "_timestamp": 1731623830.1603827, "_runtime": 2178.3153116703033, "_step": 2030}