{"lr":0.001,"_step":49,"train_loss_force":0.27897413028404117,"_wandb":{"runtime":886},"valid_loss_energy":0.9971076505970581,"valid_loss_force":0.5532785579172105,"train_loss_energy":0.569795865798369,"dataset_size":997,"valid_loss_total":4.805676902151856,"_timestamp":1.7309038355065546e+09,"train_loss_total":2.4947455786168575,"_runtime":886.37324151}