{"train_error_energy": 1.6708628775481602, "train_error_force": 3.530473885270148, "train_loss": 0.6164642218816079, "valid_error_energy": 1.4270476448179412, "valid_error_force": 3.7842861833105146, "valid_loss": 0.6535798013210297, "test_error_energy": 10.482040155578387, "test_error_force": 12.659689824329453, "test_loss": 18.858680255750087, "lr": 0.0001, "dataset_size": 1877, "max_uncertainty": 4, "_timestamp": 1733222199.947093, "_runtime": 218.42633390426636, "_step": 19, "_wandb": {"runtime": 218}}