{"train_error_energy": 1.9762585655564002, "train_error_force": 1.923052264997194, "train_loss": -2.493119670663561, "valid_error_energy": 3.5781966850963145, "valid_error_force": 1.9731501269437866, "valid_loss": -2.3195877075195312, "test_error_energy": 8.057275304438212, "test_error_force": 6.726136918141516, "test_loss": 4.131790493171253, "lr": 0.0001, "dataset_size": 4454, "max_uncertainty": 4, "_timestamp": 1732896814.053671, "_runtime": 245.49308896064758, "_step": 19, "_wandb": {"runtime": 245}}