{"train_error_energy": 1.4295206534724159, "train_error_force": 1.8983641511679037, "train_loss": -2.562005373051292, "valid_error_energy": 1.0591379837412624, "valid_error_force": 2.0309883262639565, "valid_loss": -2.4100311994552612, "test_error_energy": 11.881296001759136, "test_error_force": 9.27647540925509, "test_loss": 7.537149574120007, "lr": 0.0001, "dataset_size": 3019, "max_uncertainty": 3, "_timestamp": 1732836494.744927, "_runtime": 219.62755703926086, "_step": 19, "_wandb": {"runtime": 219}}