{"train_error_energy": 4.068239123130296, "train_error_force": 3.3873155598655567, "train_loss": 1.391995847486613, "valid_error_energy": 3.3407102064103844, "valid_error_force": 3.451251576209197, "valid_loss": 1.1744372248649597, "test_error_energy": 9.693870980299168, "test_error_force": 11.096665479883777, "test_loss": 8.067601421116533, "lr": 0.0001, "dataset_size": 7289, "max_uncertainty": 4, "_timestamp": 1732976399.9266386, "_runtime": 244.7991485595703, "_step": 19, "_wandb": {"runtime": 244}}