{"train_loss_force":9.309373514992851,"_runtime":4400.104067947,"_timestamp":1.7272528011119292e+09,"train_loss_energy":2.802894711494446,"_step":14999,"_wandb":{"runtime":4400},"valid_loss_force":15.011558055877686,"lr":0.001,"valid_loss_energy":4.218916177749634,"train_loss_total":1.7497149194989885,"valid_loss_total":2.0456719398498535}