{"train_error_energy": 1.8396981446427494, "train_error_force": 1.843494225318381, "train_loss": -2.608146657241634, "valid_error_energy": 1.2032144402625295, "valid_error_force": 1.7830597037566933, "valid_loss": -2.7332727909088135, "test_error_energy": 7.0772375168048045, "test_error_force": 5.363093594281631, "test_loss": 2.487719852886899, "lr": 0.0001, "dataset_size": 5200, "max_uncertainty": 4, "_timestamp": 1732951677.84952, "_runtime": 284.03071308135986, "_step": 19, "_wandb": {"runtime": 283}}