{"train_error_energy": 7.414379849779506, "train_error_force": 3.6505874573748653, "train_loss": 1.7176732271909714, "valid_error_energy": 8.458752843475054, "valid_error_force": 4.24524003970086, "valid_loss": 1.9865360260009766, "test_error_energy": 9.899958237055019, "test_error_force": 10.365946688301268, "test_loss": 4.130990322971844, "lr": 0.001, "dataset_size": 2301, "max_uncertainty": 4, "_timestamp": 1733536649.2696593, "_runtime": 224.83530926704407, "_step": 19, "_wandb": {"runtime": 224}}