{"train_error_energy": 4.167637748074233, "train_error_force": 3.5602100686464326, "train_loss": 1.4711165775855382, "valid_error_energy": 3.0641385383167, "valid_error_force": 3.6370544493241646, "valid_loss": 1.189081867535909, "test_error_energy": 11.112968573295325, "test_error_force": 12.337123507284154, "test_loss": 9.479417289114748, "lr": 0.0001, "dataset_size": 4205, "max_uncertainty": 4, "_timestamp": 1733237619.1099813, "_runtime": 260.6386182308197, "_step": 19, "_wandb": {"runtime": 260}}