{"train_error_energy": 1.5659135651447063, "train_error_force": 1.8242237579614409, "train_loss": -2.6528705568874584, "valid_error_energy": 2.7613603075428608, "valid_error_force": 2.065844100802433, "valid_loss": -2.24013880888621, "test_error_energy": 12.869313244325307, "test_error_force": 7.356107462156569, "test_loss": 5.573845413966953, "lr": 0.0001, "dataset_size": 4325, "max_uncertainty": 5, "_timestamp": 1733130632.9746747, "_runtime": 252.67816281318665, "_step": 19, "_wandb": {"runtime": 252}}