{"train_loss_energy": 5.031346110096575, "train_loss_force": 3.313388051412582, "train_loss_total": 1.5292609214782715, "valid_loss_energy": 5.599052222566093, "valid_loss_force": 3.808592870720156, "valid_loss_total": 1.8152775764465332, "lr": 0.001, "_timestamp": 1731959196.1138616, "_runtime": 2746.1533646583557, "_step": 5999, "_wandb": {"runtime": 2745}}