{"train_error_energy": 7.090237581338299, "train_error_force": 3.552403478773109, "train_loss": 1.6631287454172623, "valid_error_energy": 9.115435031604335, "valid_error_force": 3.12148215235224, "valid_loss": 1.654468576113383, "test_error_energy": 14.87877819315831, "test_error_force": 11.522904569401067, "test_loss": 4.851297897818201, "lr": 0.001, "dataset_size": 5491, "max_uncertainty": 4, "_timestamp": 1733596640.2291825, "_runtime": 260.35235953330994, "_step": 19, "_wandb": {"runtime": 260}}