{"train_error_energy": 2.092903874624758, "train_error_force": 4.488509562868981, "train_loss": 1.0927948442901052, "valid_error_energy": 1.9711035748235641, "valid_error_force": 4.871530858332944, "valid_loss": 1.5427983403205872, "test_error_energy": 6.85775603475331, "test_error_force": 8.758127597726515, "test_loss": 6.5006827434320105, "lr": 0.0001, "dataset_size": 1299, "max_uncertainty": 8, "_timestamp": 1733344506.029917, "_runtime": 215.43517589569092, "_step": 19, "_wandb": {"runtime": 215}}