{"train_error_energy": 1.971459706730636, "train_error_force": 1.8701050977330393, "train_loss": -2.5627507311957225, "valid_error_energy": 1.1578908407278905, "valid_error_force": 2.2385111086589684, "valid_loss": -2.11832602818807, "test_error_energy": 12.570219356307545, "test_error_force": 8.218125664089598, "test_loss": 6.509886252318378, "lr": 0.0001, "dataset_size": 4003, "max_uncertainty": 5, "_timestamp": 1733110274.9219737, "_runtime": 240.98698568344116, "_step": 19, "_wandb": {"runtime": 240}}