{"train_error_energy": 1.8641687875067277, "train_error_force": 1.9791010981390633, "train_loss": -2.4292070058084305, "valid_error_energy": 0.7536786123370692, "valid_error_force": 2.0858680690882814, "valid_loss": -2.3683018684387207, "test_error_energy": 10.450038584269096, "test_error_force": 7.401423687767336, "test_loss": 4.894041083870134, "lr": 0.0001, "dataset_size": 3950, "max_uncertainty": 4, "_timestamp": 1732866647.8040566, "_runtime": 216.70526361465454, "_step": 19, "_wandb": {"runtime": 216}}