{"train_loss": 0.5520485897064209, "train_uncertainty": NaN, "valid_loss": 0.5638341531157494, "valid_uncertainty": 0.027116488956380635, "in_interval": 1.899999976158142, "learning_rate": 1.0000000000000002e-07, "_timestamp": 1723642645.510429, "_runtime": 170.5700888633728, "_step": 35, "_wandb": {"runtime": 174}}