{"train_error_energy": 6.243481980934859, "train_error_force": 2.7891148418556444, "train_loss": 1.3510621213912963, "valid_error_energy": 7.2889044812509, "valid_error_force": 3.3645539545033656, "valid_loss": 1.6135657685143607, "test_error_energy": 0.0, "test_error_force": 0.0, "test_loss": 0.0, "lr": 0.001, "_timestamp": 1733148174.4248054, "_runtime": 2735.1085023880005, "_step": 5999, "_wandb": {"runtime": 2734}}