Method,Energy R2 Score
ModelEnsemble,0.8752640455524215
ModelEnsemble,0.7557332493997158
ModelEnsemble,0.7694971929592528
ModelEnsemble,0.8844052701712265
ModelEnsemble,0.7491581710007817
