Method,Correlation Coefficient
ModelEnsemble,0.3631850878081552
ModelEnsemble,0.551323531760294
ModelEnsemble,0.6022077861139818
ModelEnsemble,0.3898336723404554
ModelEnsemble,0.5683479674032228
