Method,Correlation Coefficient
MVE,0.060694876560164486
MVE,-0.029530614223732658
MVE,-0.025068772260106623
MVE,0.024241275493005237
MVE,0.019679518881424198
