Method,Energy R2 Score
MVE,0.7812514175622758
MVE,0.8690371334206712
MVE,0.7233573742654255
MVE,0.8611452097453488
MVE,0.8311588565367498
