Method,Correlation Coefficient
SWAG,0.017882895945077085
SWAG,-0.01812388936928384
SWAG,0.031732606624275086
SWAG,0.0034289840313962406
SWAG,-0.05809990436911303
