Method,Energy R2 Score
SWAG,0.9231665624164975
SWAG,0.8025136122344816
SWAG,0.9454242214894577
SWAG,0.9046715108614962
SWAG,0.9218924773910595
