{"train_error_energy": 1.38128291864795, "train_error_force": 2.7149419832366655, "train_error_total": 1.2195896941262323, "valid_error_energy": 1.469628053253561, "valid_error_force": 2.6138271537559734, "valid_error_total": 1.296080470085144, "test_error_energy": 10.138992017016742, "test_error_force": 8.507773024602448, "test_error_total": 4.658271130466961, "lr": 0.0001, "dataset_size": 1180, "_timestamp": 1732164928.9040396, "_runtime": 328.1792845726013, "_step": 19, "_wandb": {"runtime": 327}}