Method,Energy R2 Score In Distribution,Forces R2 Score In Distribution,Energy Errors In Distribution,Force Errors In Distribution,Energy R2 Score Out Distribution,Force R2 Score Out Distribution,Energy Errors Out Distribution,Force Errors Out Distribution,Energy Correlation In Distribution Energies,Energy Correlation In Distribution Forces,Energy Correlation Out Distribution Energy,Energy Correlation Out Distribution Forces,Force Correlation In Distribution Energy,Force Correlation In Distribution Forces,Force Correlation Out Distribution Energy,Force Correlation Out Distribution Forces
SWAG,0.9932565165391214,0.9984454985320053,0.7574564,2.216406,-0.6583271300321341,0.9492945463785621,16.188034,10.811206,0.028095821334871745,0.018424134596633935,0.1512806385196819,0.2096600793937642,0.08407919401337281,0.17566768448642175,0.424717491927851,0.6088257315873669
SWAG,0.9954831259793369,0.9985299345824604,0.688019,2.0414543,-1.7239894543057646,0.7507683881545129,17.574385,18.446014,0.0076049538002744685,0.062013238463626,0.5230512817378549,0.5130182330732006,0.2558909495233101,0.6012192693882981,0.3648120561366113,0.6620981364435322
SWAG,0.9934614804414894,0.9971893982815949,0.8716498,2.9523885,0.2806933722285997,0.7555891173352238,8.971949,15.800088,-0.0016683719335972493,0.048912725203828965,0.2501082783524237,0.5170808542450472,0.14191696756044517,0.2937613397180341,0.47351520528721686,0.7308506193001824
SWAG,0.9941296622005419,0.9980772936190476,0.8171482,2.4653344,0.18357382285851143,0.9610994163730329,11.486406,9.704647,0.01315270899796489,0.014026584648833431,-0.015027925035037217,-0.004809933679268392,0.07436481458777826,0.16481100073542168,0.388205194584957,0.5542573763399282
SWAG,0.9957067881726388,0.9981457818925055,0.69831103,2.3380084,-0.32629323833879,0.9066367139476229,13.830847,12.7097,0.008226464868859756,0.028203580462579363,0.18179047511150734,0.3921718635802261,0.14788864148710903,0.3249658795655796,0.3387158433734068,0.656841272112889
