Method ,Energy R2 Score In Distribution ,Forces R2 Score In Distribution ,Energy Losses In Distribution ,Forces Losses In Distribution ,Energy R2 Score Out Distribution ,Forces R2 Score Out Distribution ,Energy Losses Out Distribution ,Forces Losses Out Distribution ,Energy Correlation In Distribution Energies ,Energy Correlation In Distribution Forces ,Energy Correlation Out Distribution Energy ,Energy Correlation Out Distribution Forces
MVE    ,             0.9866800121060348 ,             0.9955983264385901 ,                  0.08366345  ,                   0.27042106 ,              0.5900428412550629 ,              0.967423206025916  ,                    0.5112366  ,                    0.5931661  ,0.09602580599695178                         ,0.15542168076741453                       ,0.45533674865844265                        ,0.5824453141624305
MVE    ,             0.9914727454163869 ,             0.9951766246468216 ,                  0.063545324 ,                   0.27946687 ,              0.7151640707659586 ,              0.9334416353012313 ,                    0.42261192 ,                    0.79932654 ,0.07105168836777799                         ,0.19592309904849128                       ,0.00654209945376988                        ,-0.1605844413318895
MVE    ,             0.9882455700495805 ,             0.9952695954707106 ,                  0.077199526 ,                   0.27782783 ,              0.7835031484873286 ,              0.9680754153871716 ,                    0.35518146 ,                    0.57549316 ,-0.012818798597502883                       ,-0.11070850920396977                      ,-0.1700548051247037                        ,-0.22242076843005537
MVE    ,             0.9873136658437647 ,             0.9956442424148738 ,                  0.075586304 ,                   0.26803997 ,              0.3754832696486291 ,              0.9543071182518882 ,                    0.58192664 ,                    0.69557756 ,0.13466442483849494                         ,0.2941525190745964                        ,0.1726830543767921                         ,0.1387829756447348
MVE,0.9821092569963351,0.993503454814774,0.09527289,0.31993607,0.8333377108155678,0.9652878601735843,0.35395455,0.6496075,0.04377275952877731,0.11424130329802139,0.26854956438978894,0.7056804414846494
