{"train_error_energy": 4.109608779734605, "train_error_force": 3.553045697166053, "train_loss": 1.4573366173676081, "valid_error_energy": 3.2390479358073017, "valid_error_force": 3.7372808379397315, "valid_loss": 1.2660171389579773, "test_error_energy": 11.66351891328868, "test_error_force": 12.175419667288695, "test_loss": 11.293777440855017, "lr": 0.0001, "dataset_size": 2237, "max_uncertainty": 4, "_timestamp": 1733224001.0333695, "_runtime": 224.99402356147766, "_step": 19, "_wandb": {"runtime": 224}}