{"train_error_energy": 2.265530531241587, "train_error_force": 3.377763007929698, "train_loss": 1.5391224986977048, "valid_error_energy": 1.817716486301759, "valid_error_force": 3.1175666638671973, "valid_loss": 1.5362212657928467, "test_error_energy": 7.615291848526204, "test_error_force": 7.21372889080705, "test_loss": 3.8718535925081263, "lr": 0.0001, "dataset_size": 1136, "max_uncertainty": 8, "_timestamp": 1732496512.6918178, "_runtime": 377.6862528324127, "_step": 19, "_wandb": {"runtime": 377}}