{"train_error_energy": 8.469962082504106, "train_error_force": 4.015458232945849, "train_loss": 1.9104003804749337, "valid_error_energy": 1.9804762313147002, "valid_error_force": 3.1431562029216815, "valid_loss": 1.1842447996139527, "test_error_energy": 9.724395427447956, "test_error_force": 11.975009433854115, "test_loss": 4.657639076572438, "lr": 0.001, "dataset_size": 8821, "max_uncertainty": 4, "_timestamp": 1733618210.272234, "_runtime": 293.7808029651642, "_step": 19, "_wandb": {"runtime": 293}}