{"train_error_energy": 2.874881736720909, "train_error_force": 2.182816587619816, "train_loss": -2.1164169864995137, "valid_error_energy": 2.1841917127403714, "valid_error_force": 2.3391908145441205, "valid_loss": -1.9796383380889893, "test_error_energy": 13.216489477660097, "test_error_force": 9.636576339097447, "test_loss": 7.15454439842264, "lr": 0.0001, "dataset_size": 887, "max_uncertainty": 6, "_timestamp": 1733013623.7228377, "_runtime": 168.69172763824463, "_step": 19, "_wandb": {"runtime": 168}}