{"train_error_energy": 3.096519964121679, "train_error_force": 4.6117321661910955, "train_loss": 1.5551710157509309, "valid_error_energy": 2.8518172729384688, "valid_error_force": 4.561349175349201, "valid_loss": 1.4530015587806702, "test_error_energy": 8.139853612132727, "test_error_force": 9.147573462443276, "test_loss": 6.306965066500359, "lr": 0.0001, "dataset_size": 2651, "max_uncertainty": 6, "_timestamp": 1733298948.5168417, "_runtime": 261.09095668792725, "_step": 19, "_wandb": {"runtime": 260}}