{"train_error_energy": 8.147027361237535, "train_error_force": 3.9356325805634236, "train_loss": 1.8620794691256624, "valid_error_energy": 3.13083957085149, "valid_error_force": 3.7800099114306294, "valid_loss": 1.4743211030960084, "test_error_energy": 9.821884838618912, "test_error_force": 12.070871401703963, "test_loss": 4.696238857289259, "lr": 0.001, "dataset_size": 8551, "max_uncertainty": 4, "_timestamp": 1733616377.5061884, "_runtime": 289.99333333969116, "_step": 19, "_wandb": {"runtime": 289}}