{"train_error_energy": 3.9451165831330277, "train_error_force": 3.196378439515446, "train_loss": 1.2830914496320538, "valid_error_energy": 5.46092673549967, "valid_error_force": 3.4591451417650507, "valid_loss": 1.8671775460243225, "test_error_energy": 13.463025710943336, "test_error_force": 13.706068267658585, "test_loss": 15.497104225358413, "lr": 0.0001, "dataset_size": 3590, "max_uncertainty": 3, "_timestamp": 1732923820.2342243, "_runtime": 248.60442733764648, "_step": 19, "_wandb": {"runtime": 248}}