{"train_error_energy": 1.6086400711760627, "train_error_force": 2.544078728194353, "train_loss": 1.1544682295234114, "valid_error_energy": 1.3778298031459333, "valid_error_force": 2.6570968902000986, "valid_loss": 1.3172918558120728, "test_error_energy": 10.55992101864911, "test_error_force": 9.85095371038465, "test_loss": 5.477515278062271, "lr": 0.0001, "dataset_size": 847, "max_uncertainty": 8, "_timestamp": 1732384836.5923078, "_runtime": 361.1491367816925, "_step": 19, "_wandb": {"runtime": 360}}