{"train_error_energy": 6.141698774790094, "train_error_force": 2.70251178917344, "train_loss": 1.3152754565943843, "valid_error_energy": 38.443354204490035, "valid_error_force": 4.454578919072364, "valid_loss": 4.063170051574707, "test_error_energy": 40.10635553586687, "test_error_force": 12.053614132530477, "test_loss": 6.717120599996357, "lr": 0.001, "dataset_size": 9540, "max_uncertainty": 4, "_timestamp": 1733624579.0865917, "_runtime": 296.8059697151184, "_step": 19, "_wandb": {"runtime": 296}}