{"train_error_energy": 1.6674187203724653, "train_error_force": 1.8930252009078048, "train_loss": -2.5536142398671404, "valid_error_energy": 3.148939633182693, "valid_error_force": 2.4967350246858246, "valid_loss": -1.6465939283370972, "test_error_energy": 15.202971631761969, "test_error_force": 9.895387737160549, "test_loss": 8.377491261946593, "lr": 0.0001, "dataset_size": 1287, "max_uncertainty": 5, "_timestamp": 1733066307.9455695, "_runtime": 189.05630254745483, "_step": 19, "_wandb": {"runtime": 188}}