{"train_error_energy": 2.1615137663673445, "train_error_force": 3.389917415630675, "train_loss": 1.5327518648571439, "valid_error_energy": 1.8178627799306335, "valid_error_force": 3.1153517738726535, "valid_loss": 1.5894290208816528, "test_error_energy": 7.5275047709055825, "test_error_force": 7.088580495275249, "test_loss": 3.8697427517456533, "lr": 0.0001, "dataset_size": 1152, "max_uncertainty": 8, "_timestamp": 1732507348.9199016, "_runtime": 375.8810477256775, "_step": 19, "_wandb": {"runtime": 375}}