{"train_loss_energy": 1.6977972855234265, "train_loss_force": 2.376199754047996, "train_loss_total": 1.0976023811560411, "valid_loss_energy": 1.0253128147889505, "valid_loss_force": 2.554673759125381, "valid_loss_total": 1.2596590518951416, "test_loss_energy": 11.498618029333423, "test_loss_force": 9.905319956202431, "test_loss_total": 5.539629209728141, "lr": 0.0001, "dataset_size": 818, "_timestamp": 1732119172.8407166, "_runtime": 379.1067566871643, "_step": 23}