{"train_error_energy": 1.677761807047333, "train_error_force": 3.5077073023269967, "train_loss": 0.5982413598469325, "valid_error_energy": 2.1317716846365378, "valid_error_force": 3.63981383960355, "valid_loss": 0.8499340216318766, "test_error_energy": 9.412171451037132, "test_error_force": 11.66032392114929, "test_loss": 12.556016762219175, "lr": 0.0001, "dataset_size": 4468, "max_uncertainty": 4, "_timestamp": 1732939170.5720491, "_runtime": 268.41719603538513, "_step": 19, "_wandb": {"runtime": 268}}