{"train_error_energy": 8.270170528322904, "train_error_force": 4.139704421250107, "train_loss": 1.9386033689653552, "valid_error_energy": 7.938321608846791, "valid_error_force": 4.68475575605957, "valid_loss": 2.098771810531616, "test_error_energy": 21.063352297260938, "test_error_force": 10.949016217932666, "test_loss": 5.0731486774864, "lr": 0.001, "dataset_size": 1182, "max_uncertainty": 6, "_timestamp": 1733550136.7138255, "_runtime": 192.26429152488708, "_step": 19, "_wandb": {"runtime": 191}}