{"train_error_energy": 6.785020150805149, "train_error_force": 3.6892876246558903, "train_loss": 1.6885052708427557, "valid_error_energy": 4.619961855070432, "valid_error_force": 5.243508053809811, "valid_loss": 2.0636653105417886, "test_error_energy": 11.519781041233642, "test_error_force": 12.478542225391426, "test_loss": 4.946271102465884, "lr": 0.001, "dataset_size": 5671, "max_uncertainty": 4, "_timestamp": 1733597777.854647, "_runtime": 260.115336894989, "_step": 19, "_wandb": {"runtime": 259}}