{"train_error_energy": 9.063527910069933, "train_error_force": 3.990656952177384, "train_loss": 1.9418236012066596, "valid_error_energy": 18.505590497134634, "valid_error_force": 6.063723287206622, "valid_loss": 3.2673470973968506, "test_error_energy": 23.094280140872407, "test_error_force": 12.574540732562584, "test_loss": 5.752965362908329, "lr": 0.001, "dataset_size": 7381, "max_uncertainty": 4, "_timestamp": 1733608585.046962, "_runtime": 276.3876271247864, "_step": 19, "_wandb": {"runtime": 276}}