{"train_error_energy": 4.510761443932391, "train_error_force": 4.519781458236792, "train_loss": 1.8836166716757274, "valid_error_energy": 5.229187161912513, "valid_error_force": 4.772630353146804, "valid_loss": 2.2114959955215454, "test_error_energy": 7.3047477044735585, "test_error_force": 8.69105585510532, "test_loss": 4.598680655993716, "lr": 0.0001, "dataset_size": 1321, "max_uncertainty": 8, "_timestamp": 1733359886.919635, "_runtime": 206.35814809799194, "_step": 19, "_wandb": {"runtime": 206}}