{"train_error_energy": 1.4714737709618788, "train_error_force": 3.180333909911189, "train_loss": 0.3185925001447851, "valid_error_energy": 1.2131506612285516, "valid_error_force": 3.4510333047789015, "valid_loss": 0.33398905396461487, "test_error_energy": 11.792178288296663, "test_error_force": 16.23873651177882, "test_loss": 25.6580916899037, "lr": 0.0001, "dataset_size": 3500, "max_uncertainty": 3, "_timestamp": 1732923391.1065571, "_runtime": 246.07754015922546, "_step": 19, "_wandb": {"runtime": 245}}