Method,Energy R2 Score In Distribution,Forces R2 Score In Distribution,Energy Errors In Distribution,Force Errors In Distribution,Energy R2 Score Out Distribution,Force R2 Score Out Distribution,Energy Errors Out Distribution,Force Errors Out Distribution,Force Correlation In Distribution Energy,Force Correlation In Distribution Forces,Force Correlation Out Distribution Energy,Force Correlation Out Distribution Forces
MVE,0.9878058021250739,0.9979804871364291,1.3722018,2.448584,0.46802649739220614,0.9071552949425189,8.480281,13.414247,-0.018395962528969956,-0.07190973169123833,0.24111003532439648,0.3997580442598133
MVE,0.9814007423220867,0.9981090125881201,1.82903,2.1577864,0.23106330768389793,0.8722562983249752,9.457781,13.815921,0.2475487699873278,0.5816900447481762,0.4131409883059749,0.39886967238232496
MVE,0.9924299006364921,0.9990187745355629,1.0468347,1.7683339,0.2350823836890975,0.941699982436894,10.803579,10.355442,-0.005176394364645796,0.3284931941743482,0.11949157127899215,0.5532470848840277
MVE,0.9959962605606764,0.9990313097043121,0.65330887,1.7892832,0.2712720824165018,0.9495292096655717,10.959272,9.692803,0.2184704324501339,0.35389869198601587,0.2380004215370509,0.6527876619817805
MVE,0.9930335820914684,0.9987400927989974,0.991763,1.9287341,0.292607782904839,0.9565078446672065,10.104077,9.620902,0.3890323388342052,0.5207231795393907,0.2937724847394279,0.685438374942712
