{"train_error_energy": 1.7136362180426743, "train_error_force": 2.7781163741651924, "train_error_total": 1.2661026239395141, "valid_error_energy": 1.2229614081308435, "valid_error_force": 2.5564810532483038, "valid_error_total": 1.3087822198867798, "test_error_energy": 8.788886511988544, "test_error_force": 8.063462522228965, "test_error_total": 4.373765433645997, "lr": 0.0001, "dataset_size": 1274, "_timestamp": 1732182095.7693706, "_runtime": 372.65639066696167, "_step": 19, "_wandb": {"runtime": 372}}