{"train_error_energy": 8.276715437275275, "train_error_force": 4.35405468785376, "train_loss": 2.010763647253551, "valid_error_energy": 7.930890159702938, "valid_error_force": 3.1203615624530543, "valid_loss": 1.5748231649398803, "test_error_energy": 14.276953164422146, "test_error_force": 13.183333416958876, "test_loss": 5.366608202769494, "lr": 0.001, "dataset_size": 10080, "max_uncertainty": 4, "_timestamp": 1733628311.3881698, "_runtime": 310.4001977443695, "_step": 19, "_wandb": {"runtime": 310}}