{"train_error_energy": 1.353687565029916, "train_error_force": 2.353772102102641, "train_loss": -4.649802236329942, "valid_error_energy": 1.3084875137359773, "valid_error_force": 2.859187844337824, "valid_loss": 10.247964859008789, "test_error_energy": 14.72173216734189, "test_error_force": 9.543619100748494, "test_loss": 60.53030209766008, "lr": 0.0001, "dataset_size": 1316, "max_uncertainty": 4, "_timestamp": 1733729885.2840674, "_runtime": 221.2935492992401, "_step": 19, "_wandb": {"runtime": 221}}