{"train_error_energy": 1.595300535713381, "train_error_force": 3.263975649330742, "train_loss": 0.44780642156507455, "valid_error_energy": 1.3521183082002246, "valid_error_force": 3.3417334379366666, "valid_loss": 0.43820991516113283, "test_error_energy": 8.958684172588057, "test_error_force": 11.189208180563046, "test_loss": 12.718781036856287, "lr": 0.0001, "dataset_size": 8137, "max_uncertainty": 4, "_timestamp": 1732996725.160038, "_runtime": 259.2965340614319, "_step": 19, "_wandb": {"runtime": 259}}