{"train_error_energy": 0.0, "train_error_force": 0.0, "train_loss": 0.0, "valid_error_energy": 0.0, "valid_error_force": 0.0, "valid_loss": 0.0, "test_error_energy": 14.475567085053278, "test_error_force": 12.033022860385348, "test_loss": 13.7376070022583, "lr": null, "dataset_size": 800, "max_uncertainty": 3, "_timestamp": 1732912642.3283412, "_runtime": 166.629554271698, "_step": 0, "_wandb": {"runtime": 166}}