{"train_error_energy": 1.523402610244657, "train_error_force": 2.8784379093068146, "train_loss": 1.3018539428710938, "valid_error_energy": 1.1725000149461153, "valid_error_force": 2.676918006894007, "valid_loss": 1.3236424922943115, "test_error_energy": 11.622315594316854, "test_error_force": 9.525875074490397, "test_loss": 5.356339142584676, "lr": 0.0001, "dataset_size": 1264, "max_uncertainty": 4, "_timestamp": 1732406431.112701, "_runtime": 378.23134303092957, "_step": 19, "_wandb": {"runtime": 377}}