{"train_error_energy": 1.568739000535511, "train_error_force": 2.2194446129120258, "train_loss": -4.808623083176151, "valid_error_energy": 1.7627016204173804, "valid_error_force": 2.3613797949358246, "valid_loss": -4.3661699295043945, "test_error_energy": 13.458922191382735, "test_error_force": 10.8185882343599, "test_loss": 87.52566506350851, "lr": 0.0001, "dataset_size": 985, "max_uncertainty": 4, "_timestamp": 1733705994.97598, "_runtime": 202.59582614898682, "_step": 19, "_wandb": {"runtime": 202}}