{"train_error_energy": 7.765702055070533, "train_error_force": 3.786499682535475, "train_loss": 1.786660598926857, "valid_error_energy": 7.792210568671894, "valid_error_force": 3.7278031484124607, "valid_loss": 1.7687945365905762, "test_error_energy": 19.799447026928455, "test_error_force": 10.107457043656611, "test_loss": 4.7069789601870236, "lr": 0.001, "dataset_size": 1925, "max_uncertainty": 4, "_timestamp": 1733527714.4391062, "_runtime": 217.8856122493744, "_step": 19, "_wandb": {"runtime": 217}}