{"train_error_energy": 2.0675354287016154, "train_error_force": 2.2754909076128054, "train_loss": -2.067292296992881, "valid_error_energy": 3.706622079909799, "valid_error_force": 2.9244959254964336, "valid_loss": -1.2493287920951843, "test_error_energy": 15.48743683772359, "test_error_force": 9.467863517913665, "test_loss": 6.44366289058905, "lr": 0.0001, "dataset_size": 1788, "max_uncertainty": 4, "_timestamp": 1732807780.8961668, "_runtime": 226.74392771720886, "_step": 19, "_wandb": {"runtime": 226}}