{"train_error_energy": 1.2670881801328295, "train_error_force": 2.1219362936837842, "train_loss": 0.9627191552749047, "valid_error_energy": 1.1518447239642753, "valid_error_force": 2.272958545095338, "valid_loss": 1.1968522667884827, "test_error_energy": 11.939307908077982, "test_error_force": 10.28579846109502, "test_loss": 5.785462029941419, "lr": 0.0001, "dataset_size": 2060, "max_uncertainty": 4, "_timestamp": 1732376416.0508833, "_runtime": 384.22983026504517, "_step": 17}