{"train_error_energy": 1.330083312220943, "train_error_force": 1.9198426567575335, "train_loss": -2.5398310609161854, "valid_error_energy": 1.420630153030443, "valid_error_force": 2.231303159959189, "valid_loss": -2.1273701190948486, "test_error_energy": 13.400017514690724, "test_error_force": 10.516061081895307, "test_loss": 9.170790070638606, "lr": 0.0001, "dataset_size": 1024, "max_uncertainty": 6, "_timestamp": 1733068195.5558684, "_runtime": 189.37047243118286, "_step": 19, "_wandb": {"runtime": 189}}