{"train_error_energy": 1.8335695250247515, "train_error_force": 3.127546688438588, "train_loss": 1.4304920890752006, "valid_error_energy": 1.5085374824821285, "valid_error_force": 2.7745911597477932, "valid_loss": 1.3611424565315247, "test_error_energy": 8.774894234672763, "test_error_force": 7.718987393873056, "test_loss": 4.181159154282814, "lr": 0.0001, "dataset_size": 2167, "max_uncertainty": 4, "_timestamp": 1732521556.5487943, "_runtime": 420.56536626815796, "_step": 19, "_wandb": {"runtime": 420}}