{"train_error_energy": 1.666203536385237, "train_error_force": 1.8408479002207976, "train_loss": -2.6233841983639463, "valid_error_energy": 1.1705769885345965, "valid_error_force": 2.1059859109749, "valid_loss": -2.2928200364112854, "test_error_energy": 14.113148754636951, "test_error_force": 9.006627082719067, "test_loss": 7.6696666397973505, "lr": 0.0001, "dataset_size": 3109, "max_uncertainty": 5, "_timestamp": 1733084394.7232893, "_runtime": 228.29610633850098, "_step": 19, "_wandb": {"runtime": 228}}