{"train_error_energy": 1.5573205217148842, "train_error_force": 2.64643868745023, "train_error_total": 1.214127193478977, "valid_error_energy": 1.9771147510870308, "valid_error_force": 2.6223522646769646, "valid_error_total": 1.331443428993225, "test_error_energy": 11.136513044535121, "test_error_force": 9.030211321968839, "test_error_total": 5.010282681250447, "lr": 0.0001, "dataset_size": 1081, "_timestamp": 1732151225.122471, "_runtime": 322.2077250480652, "_step": 19, "_wandb": {"runtime": 321}}