{"train_error_energy": 1.9322607932537372, "train_error_force": 2.0412858279192467, "train_loss": -2.3467008769512177, "valid_error_energy": 2.1829169318799346, "valid_error_force": 2.181756157622213, "valid_loss": -2.1535685062408447, "test_error_energy": 14.26270854583948, "test_error_force": 10.796089072350496, "test_loss": 8.950405964676623, "lr": 0.0001, "dataset_size": 895, "max_uncertainty": 4, "_timestamp": 1732800338.6671524, "_runtime": 159.27687335014343, "_step": 19, "_wandb": {"runtime": 158}}