{"train_error_energy": 6.156676245757305, "train_error_force": 3.1447394097265646, "train_loss": 1.9134366019018765, "valid_error_energy": 1.969109795290927, "valid_error_force": 2.985638757611318, "valid_loss": 2.0289134979248047, "test_error_energy": 8.621483125279662, "test_error_force": 8.117806244654606, "test_loss": 4.617497269395758, "lr": 0.0006, "dataset_size": 908, "_timestamp": 1732315368.9763746, "_runtime": 340.68832564353943, "_step": 19, "_wandb": {"runtime": 340}}