{"train_error_energy": 6.508971878554673, "train_error_force": 3.309074743376889, "train_loss": 1.5428114993530406, "valid_error_energy": 3.8058006246361544, "valid_error_force": 3.2467655370705857, "valid_loss": 1.3410646518071492, "test_error_energy": 9.560349429800079, "test_error_force": 10.417111366827918, "test_loss": 4.125383329641132, "lr": 0.001, "dataset_size": 3636, "max_uncertainty": 4, "_timestamp": 1733556200.6951659, "_runtime": 248.79132294654846, "_step": 19, "_wandb": {"runtime": 248}}