{"train_error_energy": 1.3734023486861402, "train_error_force": 1.882047432764348, "train_loss": -2.5877295270258065, "valid_error_energy": 1.5776260960675863, "valid_error_force": 1.967447236112857, "valid_loss": -2.4605406522750854, "test_error_energy": 11.118553185423615, "test_error_force": 8.971373548611625, "test_loss": 7.093014092969645, "lr": 0.0001, "dataset_size": 3119, "max_uncertainty": 3, "_timestamp": 1732840043.8042042, "_runtime": 225.34887623786926, "_step": 19, "_wandb": {"runtime": 225}}