{"train_error_energy": 1.5285342084755824, "train_error_force": 1.7941649231375811, "train_loss": -2.6968589659597053, "valid_error_energy": 4.2632862606325785, "valid_error_force": 2.341621322494971, "valid_loss": -1.7415228287378948, "test_error_energy": 11.667573786052834, "test_error_force": 8.366483944238778, "test_loss": 6.9816217472415945, "lr": 0.0001, "dataset_size": 3873, "max_uncertainty": 5, "_timestamp": 1733103967.0672119, "_runtime": 239.38944292068481, "_step": 19, "_wandb": {"runtime": 238}}