{"train_error_energy": 12.035597574296105, "train_error_force": 5.0583117376336055, "train_loss": 0.5999634808136357, "valid_error_energy": 6.794849634440405, "valid_error_force": 4.3087584175990745, "valid_loss": -0.14148437976837158, "test_error_energy": 14.797582632880639, "test_error_force": 10.713459350233606, "test_loss": 3.7199445819355432, "lr": 0.001, "dataset_size": 1131, "max_uncertainty": 4, "_timestamp": 1732788176.6751885, "_runtime": 158.97674560546875, "_step": 19, "_wandb": {"runtime": 158}}