{"train_error_energy": 2.3336308726834414, "train_error_force": 2.861298074792216, "train_loss": 0.6199777874181855, "valid_error_energy": 2.393136467723583, "valid_error_force": 3.282053252640638, "valid_loss": 0.7941993474960327, "test_error_energy": 9.858927574106815, "test_error_force": 15.566139604088724, "test_loss": 16.34362813440293, "lr": 0.0001, "dataset_size": 8450, "max_uncertainty": 3, "_timestamp": 1732949449.710482, "_runtime": 321.99029994010925, "_step": 19, "_wandb": {"runtime": 321}}