{"train_loss_energy": 2.6855330057657363, "train_loss_force": 2.9930289281826017, "train_loss_total": 0.6808407235145569, "valid_loss_energy": 2.8650127463879325, "valid_loss_force": 3.7393596615242104, "valid_loss_total": 0.7688344546726772, "lr": 0.0001, "_timestamp": 1731507089.0253968, "_runtime": 2770.8939118385315, "_step": 5999, "_wandb": {"runtime": 2770}}