{"train_error_energy": 0.0, "train_error_force": 0.0, "train_error_total": 0.0, "valid_error_energy": 0.0, "valid_error_force": 0.0, "valid_error_total": 0.0, "test_error_energy": 10.157685723684798, "test_error_force": 11.220072982747515, "test_error_total": 2.590830633153466, "lr": null, "dataset_size": 800, "_timestamp": 1732122104.0376735, "_runtime": 16.793415546417236, "_step": 0, "_wandb": {"runtime": 16}}