{"train_error_energy": 3.0351550895001327, "train_error_force": 5.174160622227045, "train_loss": 1.8478564325968425, "valid_error_energy": 3.4411606001867554, "valid_error_force": 5.0797069148905845, "valid_loss": 1.9117152094841003, "test_error_energy": 8.781818279822884, "test_error_force": 9.601767560378336, "test_loss": 7.947773531469375, "lr": 0.0001, "dataset_size": 2371, "max_uncertainty": 6, "_timestamp": 1733287239.9593937, "_runtime": 234.5969476699829, "_step": 19, "_wandb": {"runtime": 234}}