{"train_error_energy": 1.4368828296589988, "train_error_force": 3.125083233616778, "train_loss": 0.2674283536447995, "valid_error_energy": 1.2009024665203614, "valid_error_force": 3.325095569663722, "valid_loss": 0.2682072122891744, "test_error_energy": 12.463957088560093, "test_error_force": 19.242464952774366, "test_loss": 25.934220009449266, "lr": 0.0001, "dataset_size": 4400, "max_uncertainty": 3, "_timestamp": 1732927806.6018095, "_runtime": 257.5946354866028, "_step": 19, "_wandb": {"runtime": 257}}