{"train_error_energy": 3.0348459921349193, "train_error_force": 4.440592357475373, "train_loss": 1.4642058868299832, "valid_error_energy": 2.9149130247977126, "valid_error_force": 4.891250437896309, "valid_loss": 1.5922709703445435, "test_error_energy": 7.615993060480293, "test_error_force": 8.38798813190284, "test_loss": 5.634068571460185, "lr": 0.0001, "dataset_size": 1389, "max_uncertainty": 8, "_timestamp": 1733411206.8098588, "_runtime": 222.86313390731812, "_step": 19, "_wandb": {"runtime": 222}}