{"train_error_energy": 1.1351084493817591, "train_error_force": 2.1598652894664414, "train_loss": 0.9675567957262198, "valid_error_energy": 1.6266752101942676, "valid_error_force": 2.401744255698457, "valid_loss": 1.20070219039917, "test_error_energy": 12.892132704825961, "test_error_force": 10.389428746895009, "test_loss": 5.8576397196784695, "lr": 0.0001, "dataset_size": 1520, "max_uncertainty": 4, "_timestamp": 1732374463.9351723, "_runtime": 406.87054920196533, "_step": 19, "_wandb": {"runtime": 406}}