{"train_error_energy": 2.4305977469808857, "train_error_force": 2.966892797259236, "train_loss": 0.7052706219801088, "valid_error_energy": 1.9297917125122952, "valid_error_force": 3.1501354221636113, "valid_loss": 0.5547456294298172, "test_error_energy": 10.354922084740448, "test_error_force": 16.41439067402607, "test_loss": 16.948167825868616, "lr": 0.0001, "dataset_size": 6560, "max_uncertainty": 3, "_timestamp": 1732938960.191482, "_runtime": 293.21599197387695, "_step": 19, "_wandb": {"runtime": 292}}