{"train_error_energy": 4.095777419355377, "train_error_force": 3.5888843987288137, "train_loss": 1.4695401950315996, "valid_error_energy": 2.0300667357804856, "valid_error_force": 3.6435337503554197, "valid_loss": 1.0193697611490886, "test_error_energy": 10.82233868226155, "test_error_force": 12.60380267130172, "test_loss": 9.379180626095277, "lr": 0.0001, "dataset_size": 4549, "max_uncertainty": 4, "_timestamp": 1733241146.8154507, "_runtime": 289.0240807533264, "_step": 19, "_wandb": {"runtime": 288}}