{"train_error_energy": 1.4552722293304006, "train_error_force": 1.8300631915057433, "train_loss": -2.652077280630277, "valid_error_energy": 1.8928891446286882, "valid_error_force": 2.056143148344846, "valid_loss": -2.311367313067118, "test_error_energy": 11.94985135509124, "test_error_force": 8.06538142663822, "test_loss": 6.398125583588765, "lr": 0.0001, "dataset_size": 4034, "max_uncertainty": 5, "_timestamp": 1733112597.1426969, "_runtime": 241.353444814682, "_step": 19, "_wandb": {"runtime": 241}}