{"train_error_energy": 7.063698478937102, "train_error_force": 3.7760185758966394, "train_loss": 1.7361750523249309, "valid_error_energy": 9.981506526244369, "valid_error_force": 3.6878149985064463, "valid_loss": 1.9019234776496887, "test_error_energy": 19.401028719468798, "test_error_force": 10.099752635248771, "test_loss": 4.677738636576068, "lr": 0.001, "dataset_size": 2391, "max_uncertainty": 4, "_timestamp": 1733537044.3801897, "_runtime": 223.4248697757721, "_step": 19, "_wandb": {"runtime": 223}}