{"train_error_energy": 3.173249358826829, "train_error_force": 4.619526561126241, "train_loss": 1.571969315105555, "valid_error_energy": 3.7692760561835223, "valid_error_force": 4.762091645139188, "valid_loss": 1.9803094863891602, "test_error_energy": 7.990342062025786, "test_error_force": 8.779703636410481, "test_loss": 6.728933494128482, "lr": 0.0001, "dataset_size": 3115, "max_uncertainty": 6, "_timestamp": 1733332423.839042, "_runtime": 246.52275395393372, "_step": 19, "_wandb": {"runtime": 246}}