{"train_error_energy": 0.0, "train_error_force": 0.0, "train_loss": 0.0, "valid_error_energy": 0.0, "valid_error_force": 0.0, "valid_loss": 0.0, "test_error_energy": 12.432972590634522, "test_error_force": 10.72034704552001, "test_loss": 6.043876485674793, "lr": null, "dataset_size": 800, "max_uncertainty": 4, "_timestamp": 1732372175.983589, "_runtime": 245.28425788879395, "_step": 0, "_wandb": {"runtime": 245}}