{"train_error_energy": 1.6139435451029818, "train_error_force": 1.8491070007662498, "train_loss": -2.615597905702149, "valid_error_energy": 0.9199974712893009, "valid_error_force": 1.9864651480858793, "valid_loss": -2.476276159286499, "test_error_energy": 7.235021899519436, "test_error_force": 6.1248664055271345, "test_loss": 3.4415891332776134, "lr": 0.0001, "dataset_size": 4820, "max_uncertainty": 4, "_timestamp": 1732921305.937995, "_runtime": 284.8954448699951, "_step": 19, "_wandb": {"runtime": 284}}