{"train_error_energy": 2.5568682267034815, "train_error_force": 3.192418349605402, "train_loss": 0.8520430193018558, "valid_error_energy": 2.039884960654928, "valid_error_force": 3.1763782168249612, "valid_loss": 0.6337425112724304, "test_error_energy": 9.299810881602387, "test_error_force": 11.206831615740228, "test_loss": 11.512162757793647, "lr": 0.0001, "dataset_size": 8570, "max_uncertainty": 4, "_timestamp": 1733329596.1073177, "_runtime": 315.1423616409302, "_step": 19, "_wandb": {"runtime": 314}}