{"train_error_energy": 2.4956720882144268, "train_error_force": 3.1289886953160466, "train_loss": 0.7952930277044122, "valid_error_energy": 2.0956574954198506, "valid_error_force": 3.321272711543386, "valid_loss": 0.7052653233210245, "test_error_energy": 11.310940152896611, "test_error_force": 16.87356303851795, "test_loss": 17.233721438502766, "lr": 0.0001, "dataset_size": 4220, "max_uncertainty": 3, "_timestamp": 1732926918.666619, "_runtime": 258.79628109931946, "_step": 19, "_wandb": {"runtime": 258}}