{"train_error_energy": 2.26464575126674, "train_error_force": 2.3545549959218945, "train_loss": -1.969896803299586, "valid_error_energy": 3.763033526677437, "valid_error_force": 2.4472485883565414, "valid_loss": -1.7668963074684143, "test_error_energy": 11.284081446109463, "test_error_force": 9.479810960343002, "test_loss": 5.909553373047195, "lr": 0.0001, "dataset_size": 1699, "max_uncertainty": 4, "_timestamp": 1732806929.0720458, "_runtime": 224.49983286857605, "_step": 19, "_wandb": {"runtime": 224}}