{"train_error_energy": 2.504269593468283, "train_error_force": 3.1252668525589824, "train_loss": 0.8105091719360619, "valid_error_energy": 2.1800316296208315, "valid_error_force": 3.1437853768604147, "valid_loss": 0.6739971041679382, "test_error_energy": 9.351845063325163, "test_error_force": 10.81686818865345, "test_loss": 11.522042244516742, "lr": 0.0001, "dataset_size": 9135, "max_uncertainty": 4, "_timestamp": 1733354819.4569337, "_runtime": 342.44392561912537, "_step": 19, "_wandb": {"runtime": 342}}