{"train_error_energy": 1.6230742495717003, "train_error_force": 2.7785531607398792, "train_error_total": 1.2481203747958671, "valid_error_energy": 1.679433435619241, "valid_error_force": 2.6614247990549242, "valid_error_total": 1.343951404094696, "test_error_energy": 8.736732406026482, "test_error_force": 8.039177917401021, "test_error_total": 4.341942334050283, "lr": 0.0001, "dataset_size": 1294, "_timestamp": 1732184056.8315315, "_runtime": 243.62498950958252, "_step": 12}