{"train_error_energy": 1.6679780734134684, "train_error_force": 2.7940297254180426, "train_error_total": 1.2571818130772288, "valid_error_energy": 1.6979625702611896, "valid_error_force": 2.6702551893749824, "valid_error_total": 1.3221055269241333, "test_error_energy": 9.35131226618866, "test_error_force": 7.972399582765736, "test_error_total": 4.370264296756365, "lr": 0.0001, "dataset_size": 1294, "_timestamp": 1732184186.3431115, "_runtime": 373.1365694999695, "_step": 19, "_wandb": {"runtime": 372}}