Method,Energy R2 Score In Distribution,Forces R2 Score In Distribution,Energy Errors In Distribution,Force LosErrorsses In Distribution,Energy R2 Score Out Distribution,Force R2 Score Out Distribution,Energy Errors Out Distribution,Force Errors Out Distribution,Energy Correlation In Distribution Energies,Energy Correlation In Distribution Forces,Energy Correlation Out Distribution Energy,Energy Correlation Out Distribution Forces
EvidentialRegression,0.986132794007315,0.9949575393565246,0.08724127,0.2664093,0.521204718932698,0.9403271614935803,0.51972455,0.78407377,0.24947945038336714,0.501673079941517,0.27642238651817536,0.35488939792808255
EvidentialRegression,0.9758185164568808,0.9944599622051039,0.113463014,0.29065728,0.8397386484013415,0.9725377047831146,0.34332857,0.5846924,0.15999510190574923,0.3111105088382389,0.15255110458093135,0.30033218664983935
EvidentialRegression,0.9732260985322904,0.9940014714055717,0.13879089,0.29010877,0.73456125884538,0.9534790562972507,0.42082593,0.7321422,0.0056340422766339585,0.19872611098464366,0.17457660324366506,0.28961840142779816
EvidentialRegression,0.9780459208011535,0.9924455806759992,0.11632685,0.33767793,-5.4893689169564,-2.9756195368823524,0.4384166,0.816459,0.012969974294665626,0.11105310362563081,-0.13459701259498938,-0.13761041102187724
EvidentialRegression,0.9825470420806802,0.9951769643301532,0.1007217,0.26221707,0.8547578403140675,0.9729787765749828,0.32081652,0.5967475,0.18856056571799257,0.5814721909669728,0.3024487789528668,0.49478463069297174
