{"train_error_energy": 2.022664804442861, "train_error_force": 3.5103585243666666, "train_loss": 1.5828160542362142, "valid_error_energy": 1.7614065766646645, "valid_error_force": 3.174481231570059, "valid_loss": 1.595367193222046, "test_error_energy": 6.1999667231952005, "test_error_force": 6.040687241907017, "test_loss": 3.253974518850836, "lr": 0.0001, "dataset_size": 1674, "max_uncertainty": 6, "_timestamp": 1732653450.5169132, "_runtime": 388.35191106796265, "_step": 19, "_wandb": {"runtime": 388}}