{"train_error_energy": 2.042887698035622, "train_error_force": 3.4338634920264126, "train_loss": 1.5537201385749013, "valid_error_energy": 2.98816048568895, "valid_error_force": 3.238337509897219, "valid_loss": 1.6532108783721924, "test_error_energy": 8.193914603033392, "test_error_force": 6.891756442866209, "test_loss": 3.6953802570622627, "lr": 0.0001, "dataset_size": 1186, "max_uncertainty": 8, "_timestamp": 1732529040.1515741, "_runtime": 380.0903961658478, "_step": 19, "_wandb": {"runtime": 379}}