Method,Energy R2 Score In Distribution,Forces R2 Score In Distribution,Energy Errors In Distribution,Force LosErrorsses In Distribution,Energy R2 Score Out Distribution,Force R2 Score Out Distribution,Energy Errors Out Distribution,Force Errors Out Distribution,Energy Correlation In Distribution Energies,Energy Correlation In Distribution Forces,Energy Correlation Out Distribution Energy,Energy Correlation Out Distribution Forces,Force Correlation In Distribution Energy,Force Correlation In Distribution Forces,Force Correlation Out Distribution Energy,Force Correlation Out Distribution Forces
SWAG,0.9675418315362904,0.9971735424446471,0.15628093,0.21242474,0.7547544979071257,0.9548727739710591,0.41971377,0.6715337,0.037934363480618544,-0.000928756097585757,0.027929860540165833,0.023814933152849625,-0.02041822822084234,0.21183129942002507,0.24432506749438138,0.4875752943992733
SWAG,0.7810074009059368,0.9961207342731084,0.45305106,0.25010768,0.6101540554080185,0.9642669381644332,0.58441126,0.6398877,0.05727598155851158,-0.019231392511933596,-0.024276723729313682,-0.02752705709429996,-0.09032345805429548,0.3008456701633982,0.35802055863252163,0.6796543201761266
SWAG,0.9675418195721274,0.997173542468602,0.15628093,0.21242474,0.7547544801598987,0.9548727688433399,0.41971382,0.67153376,0.004723808641877573,-0.0016661425271821022,0.040947136934704295,0.06606774318075873,-0.012023804440890469,0.2182268606731706,0.23385185246412662,0.49725554909147457
SWAG,0.7810074610766746,0.9961207363670005,0.45305097,0.25010768,0.6101540492406398,0.964266938523254,0.58441126,0.63988763,0.06364381542822967,-0.027826954700804075,-0.006587318178258327,-0.03258760943208155,-0.07812136858245955,0.2646359406265268,0.3461449742897116,0.6616752346882376
SWAG,0.9035818473597881,0.9944474854481381,0.28498903,0.31467408,0.7884784425097302,0.9631946822657529,0.4272874,0.67687845,0.02210309660118052,0.009372179610094598,-0.010529448248212756,-0.03835544819643685,-0.00916341930178807,0.19417200347695773,0.12999138241350897,0.37228620965048587
SWAG,0.9285189241800068,0.997746224374069,0.25220904,0.18386975,0.2140213223793893,0.9389043741180162,0.7755012,0.67876357,0.014348367836851837,0.024134485019967875,0.03038990349678577,0.20729509008121005,-0.01515398832997593,0.18446987690960573,0.44774547801049014,0.41581463438600963
