{"train_error_energy": 1.414309153407514, "train_error_force": 1.4382530185504852, "train_loss": -7.511280403137207, "valid_error_energy": 0.9550312077155071, "valid_error_force": 1.9067053539884944, "valid_loss": -4.570906911577497, "test_error_energy": 0.0, "test_error_force": 0.0, "test_loss": 0.0, "lr": 0.0001, "_timestamp": 1733400544.0288873, "_runtime": 1733.2209203243256, "_step": 3999, "_wandb": {"runtime": 1732}}