{"_runtime":4991.340803334,"train_loss_force":17.87258175441197,"_timestamp":1.726651970393481e+09,"train_loss_energy":1.548855951854161,"_wandb":{"runtime":4991},"valid_loss_force":25.478428840637207,"train_loss_total":23.32550811767578,"valid_loss_energy":7.191951751708984,"valid_loss_total":40.14818000793457,"lr":0.001,"_step":9999}