{"train_loss_energy": 5.125800151632607, "train_loss_force": 2.5567194596105214, "train_loss_total": 1.1985061693191528, "valid_loss_energy": 4.9682864775678945, "valid_loss_force": 3.10650855264685, "valid_loss_total": 1.3719260862895422, "lr": 0.001, "_timestamp": 1731525605.4945116, "_runtime": 2669.9831206798553, "_step": 5999, "_wandb": {"runtime": 2669}}