{"train_error_energy": 2.1805056629798987, "train_error_force": 3.4995364909185693, "train_loss": 1.5788237136953018, "valid_error_energy": 1.9724812288294193, "valid_error_force": 3.1065566766122252, "valid_loss": 1.5912192463874817, "test_error_energy": 6.083388655576506, "test_error_force": 6.220874318429549, "test_loss": 3.2577879578655304, "lr": 0.0001, "dataset_size": 1632, "max_uncertainty": 6, "_timestamp": 1732632056.0634296, "_runtime": 406.97574067115784, "_step": 19, "_wandb": {"runtime": 406}}