{"train_error_energy": 1.9813880050232355, "train_error_force": 3.3816467404573713, "train_loss": 1.5334797293640847, "valid_error_energy": 1.558583653376988, "valid_error_force": 3.015848057970195, "valid_loss": 1.4951176047325134, "test_error_energy": 7.76630849516793, "test_error_force": 7.070497247145918, "test_loss": 3.785359400105102, "lr": 0.0001, "dataset_size": 1376, "max_uncertainty": 6, "_timestamp": 1732532043.388064, "_runtime": 392.2857220172882, "_step": 19, "_wandb": {"runtime": 391}}