{"train_error_energy": 11.51710235032429, "train_error_force": 6.2580979437729995, "train_loss": 2.8647113423193655, "valid_error_energy": 4.704854763847596, "valid_error_force": 6.510477532161152, "valid_loss": 2.493278384208679, "test_error_energy": 11.088158240784807, "test_error_force": 12.346412289437573, "test_loss": 4.8731755511298855, "lr": 0.001, "dataset_size": 1981, "max_uncertainty": 4, "_timestamp": 1733576073.6522918, "_runtime": 234.24670672416687, "_step": 19, "_wandb": {"runtime": 233}}