{"train_error_energy": 1.9333072856964957, "train_error_force": 1.8583218250933344, "train_loss": -2.58198665842718, "valid_error_energy": 1.5634918936933877, "valid_error_force": 2.1999822952238404, "valid_loss": -2.1471385955810547, "test_error_energy": 13.28354879277817, "test_error_force": 9.749936217348136, "test_loss": 8.182461501416112, "lr": 0.0001, "dataset_size": 1555, "max_uncertainty": 5, "_timestamp": 1733068283.9362085, "_runtime": 205.27653241157532, "_step": 19, "_wandb": {"runtime": 205}}