{"train_error_energy": 2.4123602499399333, "train_error_force": 2.9801647617556366, "train_loss": 0.7021256165206432, "valid_error_energy": 1.4515387736757497, "valid_error_force": 3.204954339199574, "valid_loss": 0.4282718747854233, "test_error_energy": 11.130412716675172, "test_error_force": 16.673861657736847, "test_loss": 18.008030656744673, "lr": 0.0001, "dataset_size": 6380, "max_uncertainty": 3, "_timestamp": 1732937998.0715463, "_runtime": 287.7778842449188, "_step": 19, "_wandb": {"runtime": 287}}