{"train_error_energy": 2.118670576669464, "train_error_force": 3.1118246579594, "train_loss": 1.4324082241782659, "valid_error_energy": 1.4704130176602428, "valid_error_force": 2.745630476624706, "valid_loss": 1.3901836276054382, "test_error_energy": 7.584831800558679, "test_error_force": 6.983689172314098, "test_loss": 3.806573718006074, "lr": 0.0001, "dataset_size": 2520, "max_uncertainty": 4, "_timestamp": 1732589626.158292, "_runtime": 429.5888681411743, "_step": 19, "_wandb": {"runtime": 429}}