{"train_error_energy": 4.422432637334568, "train_error_force": 4.44867605784223, "train_loss": 1.8510822116351517, "valid_error_energy": 4.155908741060966, "valid_error_force": 4.488906886089638, "valid_loss": 1.7483766078948975, "test_error_energy": 9.765591150021066, "test_error_force": 9.686908897196728, "test_loss": 6.598733772157998, "lr": 0.0001, "dataset_size": 1938, "max_uncertainty": 6, "_timestamp": 1733267278.159905, "_runtime": 225.7917799949646, "_step": 19, "_wandb": {"runtime": 225}}