{"train_error_energy": 2.3747284807747446, "train_error_force": 3.476008903190795, "train_loss": 1.5877912652735808, "valid_error_energy": 1.7325641308580653, "valid_error_force": 2.8994061228061554, "valid_loss": 1.4789749383926392, "test_error_energy": 6.865135751908947, "test_error_force": 6.426177740154294, "test_loss": 3.4435510373240366, "lr": 0.0001, "dataset_size": 1553, "max_uncertainty": 6, "_timestamp": 1732601466.4105833, "_runtime": 402.93467831611633, "_step": 19, "_wandb": {"runtime": 402}}