{"train_loss_energy": 0.05074612937867642, "train_loss_force": 1.8205919326402247, "train_loss_total": 12.145682665980338, "valid_loss_energy": 0.7666462383808834, "valid_loss_force": 2.2218493338791387, "valid_loss_total": 1.1733369486672538, "lr": 0.0001, "_timestamp": 1731615104.5001023, "_runtime": 6415.257592201233, "_step": 5999, "_wandb": {"runtime": 6414}}