{"train_error_energy": 1.473840977933811, "train_error_force": 3.2242783972615294, "train_loss": 0.3413300049014208, "valid_error_energy": 1.717597869552821, "valid_error_force": 3.5269278564769286, "valid_loss": 0.6133809387683868, "test_error_energy": 10.508859411455077, "test_error_force": 14.068816353592926, "test_loss": 21.467434438735403, "lr": 0.0001, "dataset_size": 2600, "max_uncertainty": 3, "_timestamp": 1732919143.0416927, "_runtime": 243.20907282829285, "_step": 19, "_wandb": {"runtime": 242}}