{"train_error_energy": 2.5922764967500234, "train_error_force": 3.547828845245069, "train_loss": 1.0080104658875284, "valid_error_energy": 3.228523478625025, "valid_error_force": 3.7607099741396803, "valid_loss": 1.3820124864578247, "test_error_energy": 11.817381329905714, "test_error_force": 13.777108562026964, "test_loss": 16.100295071826555, "lr": 0.0001, "dataset_size": 2507, "max_uncertainty": 4, "_timestamp": 1733225448.4208713, "_runtime": 232.2380132675171, "_step": 19, "_wandb": {"runtime": 231}}