{"train_error_energy": 2.661547427774259, "train_error_force": 3.4033689987652225, "train_loss": 0.9723231669553777, "valid_error_energy": 1.8144537709737656, "valid_error_force": 3.4723734147190424, "valid_loss": 0.7236994653940201, "test_error_energy": 10.016130778692505, "test_error_force": 12.280516967370476, "test_loss": 12.62231079820563, "lr": 0.0001, "dataset_size": 6197, "max_uncertainty": 4, "_timestamp": 1733263483.8834262, "_runtime": 305.10943722724915, "_step": 19, "_wandb": {"runtime": 304}}