{"train_error_energy": 1.4902200419664733, "train_error_force": 2.258463537344856, "train_error_total": 1.0254865197034984, "valid_error_energy": 1.032881561728182, "valid_error_force": 2.5434596955981656, "valid_error_total": 1.258268117904663, "test_error_energy": 12.144580410268231, "test_error_force": 10.494406696314572, "test_error_total": 5.885044157817101, "lr": 0.0001, "dataset_size": 808, "_timestamp": 1732205267.9717863, "_runtime": 317.33248829841614, "_step": 19, "_wandb": {"runtime": 317}}