{"train_error_energy": 11.301881849736514, "train_error_force": 5.346167911875871, "train_loss": 2.5451739549636843, "valid_error_energy": 14.056686791118363, "valid_error_force": 5.477253727955679, "valid_loss": 2.7733891010284424, "test_error_energy": 19.104364709088877, "test_error_force": 10.245371317802, "test_loss": 4.706610170334422, "lr": 0.001, "dataset_size": 1759, "max_uncertainty": 8, "_timestamp": 1733608798.5180569, "_runtime": 184.52681398391724, "_step": 19, "_wandb": {"runtime": 184}}