{"train_error_energy": 1.92110002168989, "train_error_force": 2.245892727416884, "train_loss": -4.912833299636841, "valid_error_energy": 3.33751000544511, "valid_error_force": 3.769160713565932, "valid_loss": 65.41023230552673, "test_error_energy": 17.08042137870743, "test_error_force": 10.265823392585746, "test_loss": 87.33240405177571, "lr": 0.0001, "dataset_size": 1569, "max_uncertainty": 4, "_timestamp": 1733733072.971878, "_runtime": 229.71367001533508, "_step": 19, "_wandb": {"runtime": 229}}