{"valid_loss_energy":2.5973012447357178,"train_loss_total":1.4887596879686629,"_step":14999,"_wandb":{"runtime":3458},"_runtime":3458.282610242,"valid_loss_force":10.162336349487305,"_timestamp":1.727265954936639e+09,"valid_loss_total":1.8343368768692017,"lr":0.001,"train_loss_force":5.824242659977505,"train_loss_energy":1.3686631747654505}