{"train_error_energy": 3.504858015497227, "train_error_force": 2.852701848958528, "train_loss": 1.0432388725189061, "valid_error_energy": 3.018345515110921, "valid_error_force": 2.8504929704599773, "valid_loss": 0.8368179321289062, "test_error_energy": 9.273890880317655, "test_error_force": 12.48417901904313, "test_loss": 9.547477677230436, "lr": 0.0001, "dataset_size": 9980, "max_uncertainty": 3, "_timestamp": 1732958891.2026982, "_runtime": 349.13770723342896, "_step": 19, "_wandb": {"runtime": 348}}