{"train_error_energy": 8.74871600438047, "train_error_force": 4.010322109666401, "train_loss": 1.9273362165147607, "valid_error_energy": 3.3725371610029016, "valid_error_force": 3.590722641008289, "valid_loss": 1.427159567674001, "test_error_energy": 11.127806191290382, "test_error_force": 11.861962523499965, "test_loss": 4.713730350214774, "lr": 0.001, "dataset_size": 10530, "max_uncertainty": 4, "_timestamp": 1733631669.0053506, "_runtime": 310.1502866744995, "_step": 19, "_wandb": {"runtime": 309}}