{"train_loss": 13393.249084472656, "train_uncertainty": 1.717523225583136, "valid_loss": 13391.514770507812, "valid_uncertainty": 2.692917287349701, "in_interval": 0.0, "_timestamp": 1723642930.218035, "_runtime": 7.921067953109741, "_step": 0, "_wandb": {"runtime": 11}}