{"train_error_energy": 1.1886891466211975, "train_error_force": 1.650838493671417, "train_loss": -6.9242649841308594, "valid_error_energy": 1.4268288247410739, "valid_error_force": 2.4748579506993296, "valid_loss": -1.9549835153988429, "test_error_energy": 0.0, "test_error_force": 0.0, "test_loss": 0.0, "lr": 0.0001, "_timestamp": 1733390446.8173146, "_runtime": 1781.7735545635223, "_step": 3999, "_wandb": {"runtime": 1781}}