{"train_error_energy": 0.0, "train_error_force": 0.0, "train_loss": 0.0, "valid_error_energy": 0.0, "valid_error_force": 0.0, "valid_loss": 0.0, "test_error_energy": 9.371961889308091, "test_error_force": 10.673030798645675, "test_loss": 4.198407792296085, "lr": null, "dataset_size": 800, "max_uncertainty": 4, "_timestamp": 1733561923.8012857, "_runtime": 165.69712781906128, "_step": 0, "_wandb": {"runtime": 165}}