{"train_error_energy": 2.6730891925353713, "train_error_force": 3.564839083159343, "train_loss": 1.0409632117851921, "valid_error_energy": 3.905059478701142, "valid_error_force": 3.66513510687102, "valid_loss": 1.6011712551116943, "test_error_energy": 10.647488404595, "test_error_force": 12.201703794414787, "test_loss": 11.777812987722028, "lr": 0.0001, "dataset_size": 3673, "max_uncertainty": 4, "_timestamp": 1733233032.1088586, "_runtime": 284.156902551651, "_step": 19, "_wandb": {"runtime": 283}}