{"train_error_energy": 3.9910408996124436, "train_error_force": 3.483280437246931, "train_loss": 1.4116456143317684, "valid_error_energy": 5.083581135360582, "valid_error_force": 4.003172625787281, "valid_loss": 1.8551099300384521, "test_error_energy": 13.006090222401093, "test_error_force": 11.928471680283, "test_loss": 8.898111293453196, "lr": 0.0001, "dataset_size": 972, "max_uncertainty": 4, "_timestamp": 1732915456.0675583, "_runtime": 204.54359030723572, "_step": 19, "_wandb": {"runtime": 204}}