{"train_error_energy": 2.055916221598225, "train_error_force": 1.8791665685133896, "train_loss": -2.545769509004087, "valid_error_energy": 2.495347944352792, "valid_error_force": 1.9591924826465466, "valid_loss": -2.4085394541422525, "test_error_energy": 9.983436214368803, "test_error_force": 6.395584589664629, "test_loss": 3.9391168549422817, "lr": 0.0001, "dataset_size": 4681, "max_uncertainty": 4, "_timestamp": 1732912230.6004515, "_runtime": 255.49642038345337, "_step": 19, "_wandb": {"runtime": 255}}