{"train_error_energy": 4.455115702694593, "train_error_force": 4.515946192453721, "train_loss": 1.8775102917740984, "valid_error_energy": 2.2375626123203647, "valid_error_force": 5.073405155391682, "valid_loss": 1.602623701095581, "test_error_energy": 7.0512187623367595, "test_error_force": 8.673832482937527, "test_loss": 4.610820203551447, "lr": 0.0001, "dataset_size": 1304, "max_uncertainty": 8, "_timestamp": 1733349612.764004, "_runtime": 216.927316904068, "_step": 19, "_wandb": {"runtime": 216}}