{"train_error_energy": 2.1963428753919887, "train_error_force": 2.1926745204998714, "train_loss": -2.152473192129816, "valid_error_energy": 3.2816718203936635, "valid_error_force": 2.5495007095271864, "valid_loss": -1.6643987894058228, "test_error_energy": 17.650968657750255, "test_error_force": 9.55294838770194, "test_loss": 7.513061880441236, "lr": 0.0001, "dataset_size": 878, "max_uncertainty": 8, "_timestamp": 1733018718.6136017, "_runtime": 172.176748752594, "_step": 19, "_wandb": {"runtime": 171}}