{"train_loss_energy": 0.38385787189006804, "train_loss_force": 0.24097327768802643, "train_loss_total": 1.7288593339920044, "valid_loss_energy": 0.3687943305288042, "valid_loss_force": 0.308629219021116, "valid_loss_total": 2.026037096977234, "lr": 0.001, "_timestamp": 1731493012.8920364, "_runtime": 1892.4512104988098, "_step": 4249}