{"train_error_energy": 1.6984784663503514, "train_error_force": 3.0823295996681295, "train_loss": 1.3985991310655026, "valid_error_energy": 1.5665599405205537, "valid_error_force": 2.7011157969856985, "valid_loss": 1.3418073058128357, "test_error_energy": 10.178876215988724, "test_error_force": 8.401105895383806, "test_loss": 4.631143732220715, "lr": 0.0001, "dataset_size": 1808, "max_uncertainty": 4, "_timestamp": 1732467784.1026514, "_runtime": 408.46309542655945, "_step": 19, "_wandb": {"runtime": 408}}