{"train_error_energy": 2.6770565896146907, "train_error_force": 3.42054385272544, "train_loss": 0.9876716469750186, "valid_error_energy": 2.1731851211898743, "valid_error_force": 3.413246295047669, "valid_loss": 0.7996645867824554, "test_error_energy": 10.126593393270632, "test_error_force": 12.280421581037912, "test_loss": 12.059837820642281, "lr": 0.0001, "dataset_size": 6277, "max_uncertainty": 4, "_timestamp": 1733264697.884271, "_runtime": 288.77598786354065, "_step": 19, "_wandb": {"runtime": 288}}