{"train_error_energy": 1.3871428040987739, "train_error_force": 1.65008568960624, "train_loss": -2.9156535378208868, "valid_error_energy": 1.0057938601260665, "valid_error_force": 2.2027603154884354, "valid_loss": -2.107326030731201, "test_error_energy": 11.934480678818902, "test_error_force": 12.530804515915811, "test_loss": 12.74483353180411, "lr": 0.0001, "dataset_size": 845, "max_uncertainty": 3, "_timestamp": 1732802088.5893214, "_runtime": 150.25891041755676, "_step": 19, "_wandb": {"runtime": 149}}