{"train_error_energy": 1.3938291732096582, "train_error_force": 2.7456198107726166, "train_loss": 1.2322425246238708, "valid_error_energy": 1.1388548183309994, "valid_error_force": 2.6738781277138006, "valid_loss": 1.33424973487854, "test_error_energy": 10.639621655224285, "test_error_force": 9.315789169512641, "test_loss": 5.155005260287779, "lr": 0.0001, "dataset_size": 954, "max_uncertainty": 6, "_timestamp": 1732399776.8207848, "_runtime": 364.79910588264465, "_step": 19, "_wandb": {"runtime": 364}}