{"train_error_energy": 1.330437053096344, "train_error_force": 2.8894636149994666, "train_loss": 0.10136292147636414, "valid_error_energy": 1.1301234044463062, "valid_error_force": 3.077308026616167, "valid_loss": 0.0735575258731842, "test_error_energy": 10.366503319197033, "test_error_force": 16.575542028735622, "test_loss": 25.675412232963204, "lr": 0.0001, "dataset_size": 8000, "max_uncertainty": 3, "_timestamp": 1732946896.1071527, "_runtime": 319.3105537891388, "_step": 19, "_wandb": {"runtime": 319}}