{"train_error_energy": 1.8884909221131239, "train_error_force": 1.8272800237745328, "train_loss": -2.627212402983482, "valid_error_energy": 3.842456716330981, "valid_error_force": 1.8778649522339783, "valid_loss": -2.4256273110707602, "test_error_energy": 9.557979553919319, "test_error_force": 5.561181395519025, "test_loss": 3.00563502436533, "lr": 0.0001, "dataset_size": 5147, "max_uncertainty": 4, "_timestamp": 1732946962.7496622, "_runtime": 296.7698481082916, "_step": 19, "_wandb": {"runtime": 296}}