{"train_error_energy": 1.8214051120386259, "train_error_force": 2.9378334956007044, "train_loss": 1.3421703894933066, "valid_error_energy": 1.4345155783013541, "valid_error_force": 2.8419877661606323, "valid_loss": 1.4025428295135498, "test_error_energy": 9.182104350068268, "test_error_force": 8.557304444762437, "test_loss": 4.650108274989103, "lr": 0.0001, "dataset_size": 953, "max_uncertainty": 8, "_timestamp": 1732413294.7710266, "_runtime": 365.15716457366943, "_step": 19, "_wandb": {"runtime": 364}}