{"train_error_energy": 1.8574882141684401, "train_error_force": 2.32280592811017, "train_loss": -4.663156893518236, "valid_error_energy": 1.2214265497079633, "valid_error_force": 2.4715460228910353, "valid_loss": -4.150920391082764, "test_error_energy": 13.677262924244154, "test_error_force": 10.145309903124522, "test_loss": 71.43934307797417, "lr": 0.0001, "dataset_size": 1130, "max_uncertainty": 4, "_timestamp": 1733719734.5753229, "_runtime": 203.37017393112183, "_step": 19, "_wandb": {"runtime": 203}}