{"_wandb":{"runtime":1818},"train_loss_energy":1.3703809806278773,"train_loss_force":32.32833562578474,"valid_loss_total":138.64122772216797,"train_loss_total":48.89391326904297,"valid_loss_energy":9.737991333007812,"lr":0.001,"_runtime":1817.636315753,"_timestamp":1.7271023515541534e+09,"valid_loss_force":41.72968673706055,"_step":9999}