{"train_error_energy": 2.682582462089436, "train_error_force": 3.487360770424776, "train_loss": 1.0060025232393037, "valid_error_energy": 2.447727030128091, "valid_error_force": 3.596896217302185, "valid_loss": 0.9393962224324545, "test_error_energy": 10.93133500069502, "test_error_force": 13.193861316769357, "test_loss": 12.594346346031308, "lr": 0.0001, "dataset_size": 5066, "max_uncertainty": 4, "_timestamp": 1733246238.9520519, "_runtime": 271.1627149581909, "_step": 19, "_wandb": {"runtime": 270}}