{"train_error_energy": 1.8139952047429597, "train_error_force": 3.1056649597460977, "train_loss": 1.413757398724556, "valid_error_energy": 1.2378509042480292, "valid_error_force": 2.818867694735231, "valid_loss": 1.4084011316299438, "test_error_energy": 9.594766749165807, "test_error_force": 7.972070650307499, "test_loss": 4.403661576865231, "lr": 0.0001, "dataset_size": 2019, "max_uncertainty": 4, "_timestamp": 1732498221.9301064, "_runtime": 413.12264132499695, "_step": 19, "_wandb": {"runtime": 412}}