{"train_error_energy": 2.338716955583453, "train_error_force": 2.599365246051073, "train_loss": 0.5224195754528046, "valid_error_energy": 1.6260778251168984, "valid_error_force": 3.254815437911025, "valid_loss": 0.5299404178346906, "test_error_energy": 0.0, "test_error_force": 0.0, "test_loss": 0.0, "lr": 0.0001, "_timestamp": 1733660618.2013617, "_runtime": 2733.87406873703, "_step": 5999, "_wandb": {"runtime": 2733}}