{"train_error_energy": 4.5175576945935445, "train_error_force": 4.623031399067997, "train_loss": 1.9241832364095401, "valid_error_energy": 2.3390031044541035, "valid_error_force": 4.602496206825197, "valid_loss": 1.448053240776062, "test_error_energy": 8.231685196161244, "test_error_force": 9.182178453427387, "test_loss": 5.831600408903591, "lr": 0.0001, "dataset_size": 2327, "max_uncertainty": 6, "_timestamp": 1733285219.6736507, "_runtime": 234.624178647995, "_step": 19, "_wandb": {"runtime": 234}}