{"train_error_energy": 1.6803414834053771, "train_error_force": 3.492791793252221, "train_loss": 0.5884798745045791, "valid_error_energy": 1.906571829642232, "valid_error_force": 3.6252227758091937, "valid_loss": 0.7411260803540548, "test_error_energy": 10.627678978614158, "test_error_force": 12.472711609323358, "test_loss": 14.910532841507678, "lr": 0.0001, "dataset_size": 4734, "max_uncertainty": 4, "_timestamp": 1732941675.8688657, "_runtime": 272.4721097946167, "_step": 19, "_wandb": {"runtime": 272}}