{"train_error_energy": 3.1641796623303478, "train_error_force": 4.362587103644308, "train_loss": 1.4687650773836218, "valid_error_energy": 2.4562209673686524, "valid_error_force": 4.346739390712172, "valid_loss": 1.2776995102564495, "test_error_energy": 5.947271549936932, "test_error_force": 7.900974642020356, "test_loss": 4.4755943058673, "lr": 0.0001, "dataset_size": 3652, "max_uncertainty": 6, "_timestamp": 1733383261.827397, "_runtime": 256.6389811038971, "_step": 19, "_wandb": {"runtime": 256}}