{"train_error_energy": 1.3323091529480817, "train_error_force": 2.4600553338039517, "train_loss": -0.967558274269104, "valid_error_energy": 2.1165288195713288, "valid_error_force": 3.2157839165921724, "valid_loss": 0.1526567680495126, "test_error_energy": 0.0, "test_error_force": 0.0, "test_loss": 0.0, "lr": 0.0001, "_timestamp": 1733414620.0493531, "_runtime": 1753.229420185089, "_step": 3999, "_wandb": {"runtime": 1752}}