{"train_error_energy": 1.6382643462902393, "train_error_force": 3.3347917065299133, "train_loss": 0.4987566998269823, "valid_error_energy": 1.3228183329660301, "valid_error_force": 3.362860776374416, "valid_loss": 0.37462128698825836, "test_error_energy": 10.030349479052905, "test_error_force": 12.774138384495899, "test_loss": 16.361843708297968, "lr": 0.0001, "dataset_size": 7192, "max_uncertainty": 4, "_timestamp": 1733284888.7372391, "_runtime": 296.3883740901947, "_step": 19, "_wandb": {"runtime": 296}}