{"train_error_energy": 8.064514493113982, "train_error_force": 3.8604007270640563, "train_loss": 1.8313848419622942, "valid_error_energy": 5.340434225902058, "valid_error_force": 2.950198235339873, "valid_loss": 1.3445309698581696, "test_error_energy": 12.516636845261461, "test_error_force": 11.404969504711579, "test_loss": 4.65376044318314, "lr": 0.001, "dataset_size": 7021, "max_uncertainty": 4, "_timestamp": 1733606201.5361297, "_runtime": 276.24717378616333, "_step": 19, "_wandb": {"runtime": 275}}