{"train_error_energy": 15.234014608616839, "train_error_force": 4.792209876747238, "train_loss": 0.7001984900255737, "valid_error_energy": 2.8074845139916835, "valid_error_force": 7.330732103773743, "valid_loss": 1.2002341747283936, "test_error_energy": 12.111626467866316, "test_error_force": 12.990637412690695, "test_loss": 4.653254264312265, "lr": 0.001, "dataset_size": 2403, "max_uncertainty": 4, "_timestamp": 1732790962.2359114, "_runtime": 186.683096408844, "_step": 19, "_wandb": {"runtime": 186}}