{"train_error_energy": 4.270291281661793, "train_error_force": 4.153659003345085, "train_loss": 1.729202601313591, "valid_error_energy": 6.001934603233973, "valid_error_force": 4.2812244870285205, "valid_loss": 2.289154052734375, "test_error_energy": 11.045902808932667, "test_error_force": 10.9751292045843, "test_loss": 7.6954679539066335, "lr": 0.0001, "dataset_size": 1249, "max_uncertainty": 6, "_timestamp": 1733232845.1083527, "_runtime": 210.74447464942932, "_step": 19, "_wandb": {"runtime": 210}}