{"train_error_energy": 3604846.3405802897, "train_error_force": 45128.91202610981, "train_error_total": 241318.8622801444, "valid_error_energy": 849.8992150817526, "valid_error_force": 1642.6390537668747, "valid_error_total": 71.41088104248047, "test_error_energy": 20.896028264706114, "test_error_force": 58.50349284774982, "test_error_total": 12.503534676516868, "lr": 0.001, "dataset_size": 1070, "_timestamp": 1732120701.8506403, "_runtime": 170.52387022972107, "_step": 19, "_wandb": {"runtime": 170}}