Method,Energy R2 Score In Distribution,Forces R2 Score In Distribution,Energy Losses In Distribution,Forces Losses In Distribution,Energy R2 Score Out Distribution,Forces R2 Score Out Distribution,Energy Losses Out Distribution,Forces Losses Out Distribution,Energy Correlation In Distribution Energies,Energy Correlation In Distribution Forces,Energy Correlation Out Distribution Energy,Energy Correlation Out Distribution Forces,Force Correlation In Distribution Energy,Force Correlation In Distribution Forces,Force Correlation Out Distribution Energy,Force Correlation Out Distribution Forces
SWAG,0.8910083116702455,0.9957637861317755,0.296349,0.26953506,0.4729681198787883,0.963736357933502,0.65832597,0.6024048,-0.22410420140486187,0.48339166100483505,0.387895512552909,0.41394968545533267,-0.018704734915903447,0.2407223605397518,0.2011784122530002,0.28867670806580314
SWAG,0.9869000730170845,0.9949771165640641,0.0843177,0.2854051,0.5144528563383761,0.9381047096617041,0.47369218,0.8017637,0.08058037984053473,0.542130296661812,0.477960762627761,0.5229686194638632,0.09507389238245362,0.2740560182511717,0.6058003831767863,0.7758651326172378
SWAG,0.9770850876111004,0.99403049158382,0.11478269,0.31111258,0.4787450134460002,0.9348626883499591,0.465971,0.751743,0.00782128629967041,0.5116372627270743,0.5169151012509416,0.5462882507337341,0.04581538809625207,0.2829401575282128,0.5902525477295499,0.7212568965569611
SWAG,0.9862999788806397,0.9949357713800295,0.078852534,0.28550464,0.6225821147720207,0.9443560385851355,0.46825585,0.7509811,0.21461660939537738,0.5393952000154679,-0.0963925312295169,0.017528778443649563,0.12838657648986462,0.39239291505775836,0.4789282266294866,0.7889431009678366
SWAG,0.9627454227637833,0.9965781894924156,0.16384494,0.24527046,0.33287490943216047,0.9595635469567707,0.6838113,0.66761434,-0.22692776044595114,0.5073138760908023,0.4822325483361305,0.3398902605382291,-0.01806804673672929,0.2898195917069667,0.1706046546446149,0.41098548808092067
