{"train_error_energy": 3.536211889893175, "train_error_force": 2.881540869995603, "train_loss": 1.0697959083621784, "valid_error_energy": 2.999469005467868, "valid_error_force": 2.9855842482043946, "valid_loss": 0.8738084554672241, "test_error_energy": 10.731843246010607, "test_error_force": 13.639243792712007, "test_loss": 11.787799096232309, "lr": 0.0001, "dataset_size": 9440, "max_uncertainty": 3, "_timestamp": 1732955476.7037926, "_runtime": 346.20401263237, "_step": 19, "_wandb": {"runtime": 345}}