{"train_error_energy": 4.295829163329997, "train_error_force": 4.058847965470005, "train_loss": 1.6961059292157492, "valid_error_energy": 3.422440359750314, "valid_error_force": 4.276225564702441, "valid_loss": 1.4823968410491943, "test_error_energy": 9.116460487917925, "test_error_force": 10.215934335466416, "test_loss": 6.125257277363882, "lr": 0.0001, "dataset_size": 938, "max_uncertainty": 8, "_timestamp": 1733237859.8270502, "_runtime": 180.7556631565094, "_step": 19, "_wandb": {"runtime": 180}}