{"train_error_energy": 3.1608743879494785, "train_error_force": 4.662874820110378, "train_loss": 1.597024584118324, "valid_error_energy": 2.6892789278573233, "valid_error_force": 4.567598384929664, "valid_loss": 1.4249048233032227, "test_error_energy": 8.2083326097665, "test_error_force": 9.204971044407227, "test_loss": 7.402873448676464, "lr": 0.0001, "dataset_size": 2516, "max_uncertainty": 6, "_timestamp": 1733293075.002026, "_runtime": 236.04263997077942, "_step": 19, "_wandb": {"runtime": 235}}