{"train_error_energy": 7.212946502318127, "train_error_force": 3.282404144763922, "train_loss": 1.58099786740429, "valid_error_energy": 13.098009276932322, "valid_error_force": 5.426922084082283, "valid_loss": 2.6923925399780275, "test_error_energy": 11.603352110571725, "test_error_force": 11.923115459081622, "test_loss": 4.766016146275385, "lr": 0.001, "dataset_size": 8461, "max_uncertainty": 4, "_timestamp": 1733615788.4730892, "_runtime": 284.5846531391144, "_step": 19, "_wandb": {"runtime": 284}}