{"train_error_energy": 2.4940598791183493, "train_error_force": 3.1072051911895313, "train_loss": 0.7975746186560455, "valid_error_energy": 2.2630481203498714, "valid_error_force": 3.147308893425576, "valid_loss": 0.7018790602684021, "test_error_energy": 9.013961937287931, "test_error_force": 10.786009462655308, "test_loss": 11.123125960065432, "lr": 0.0001, "dataset_size": 9180, "max_uncertainty": 4, "_timestamp": 1733357004.4097104, "_runtime": 328.65506744384766, "_step": 19, "_wandb": {"runtime": 328}}