{"train_loss_energy": 0.19135626032948494, "train_loss_force": 2.216204053423852, "train_loss_total": 17.469588141415596, "valid_loss_energy": 1.766999445591973, "valid_loss_force": 2.5630267868733827, "valid_loss_total": 1.4697546107428414, "lr": 0.00021599999999999996, "_timestamp": 1731677497.826959, "_runtime": 6569.274201869965, "_step": 5999, "_wandb": {"runtime": 6569}}