{"train_error_energy": 1.1119322274820467, "train_error_force": 1.8691940174822725, "train_loss": -2.6223073195327413, "valid_error_energy": 0.8059338838286781, "valid_error_force": 2.0048428491528343, "valid_loss": -2.459855794906616, "test_error_energy": 12.329464080375407, "test_error_force": 9.52568756142177, "test_loss": 7.944899254444382, "lr": 0.0001, "dataset_size": 2807, "max_uncertainty": 3, "_timestamp": 1732829351.4636004, "_runtime": 242.19840335845947, "_step": 19, "_wandb": {"runtime": 241}}