{"train_error_energy": 1.1107952393140792, "train_error_force": 2.0241177946209903, "train_loss": 0.37938756465911866, "valid_error_energy": 1.5274789885535835, "valid_error_force": 2.6844961393183895, "valid_loss": -0.21209714242390224, "test_error_energy": 0.0, "test_error_force": 0.0, "test_loss": 0.0, "lr": 0.0001, "_timestamp": 1732718706.2935073, "_runtime": 1795.7882413864136, "_step": 3999, "_wandb": {"runtime": 1795}}