{"train_error_energy": 6.245227225079218, "train_error_force": 3.1316698623289017, "train_loss": 1.4658013078736962, "valid_error_energy": 8.86843972682223, "valid_error_force": 3.3164474711511307, "valid_loss": 1.7031755447387695, "test_error_energy": 13.864431977200569, "test_error_force": 11.672622770465113, "test_loss": 4.833513407182943, "lr": 0.001, "dataset_size": 5131, "max_uncertainty": 4, "_timestamp": 1733594470.2000053, "_runtime": 256.7149703502655, "_step": 19, "_wandb": {"runtime": 256}}