{"train_error_energy": 5.895268477288576, "train_error_force": 3.275318970254475, "train_loss": -0.9041299955653292, "valid_error_energy": 10.560656653776471, "valid_error_force": 3.0162109344550085, "valid_loss": -0.7633288304011027, "test_error_energy": 9.455482087489878, "test_error_force": 9.866191312114214, "test_loss": 3.9012715142434806, "lr": 0.001, "dataset_size": 3584, "max_uncertainty": 4, "_timestamp": 1732794410.6264114, "_runtime": 208.4355034828186, "_step": 19, "_wandb": {"runtime": 207}}