{"train_error_energy": 2.690210980003762, "train_error_force": 3.5390379770015032, "train_loss": 1.0495920497543958, "valid_error_energy": 1.8761381901188328, "valid_error_force": 3.7439052450310832, "valid_loss": 0.8680921792984009, "test_error_energy": 11.41626205736402, "test_error_force": 15.3964619516666, "test_loss": 11.707062017231088, "lr": 0.0001, "dataset_size": 3128, "max_uncertainty": 4, "_timestamp": 1732928079.155075, "_runtime": 246.35239696502686, "_step": 19, "_wandb": {"runtime": 246}}