{"train_error_energy": 4.485711009048477, "train_error_force": 4.447298644672199, "train_loss": 1.848841107168863, "valid_error_energy": 3.7789061627411806, "valid_error_force": 4.588723229472979, "valid_loss": 1.6972169876098633, "test_error_energy": 8.36789940886458, "test_error_force": 8.327852423591434, "test_loss": 4.852215986601345, "lr": 0.0001, "dataset_size": 1374, "max_uncertainty": 8, "_timestamp": 1733406108.9590309, "_runtime": 202.17622780799866, "_step": 19, "_wandb": {"runtime": 201}}