{"train_error_energy": 2.6434806932346664, "train_error_force": 3.3603145866528092, "train_loss": 0.9520055831334238, "valid_error_energy": 2.7673578082096157, "valid_error_force": 3.4578151946237106, "valid_loss": 1.0056187063455582, "test_error_energy": 9.714650525619119, "test_error_force": 11.112225553168926, "test_loss": 9.569765560289952, "lr": 0.0001, "dataset_size": 6683, "max_uncertainty": 4, "_timestamp": 1732966050.2730649, "_runtime": 275.05823373794556, "_step": 19, "_wandb": {"runtime": 274}}