{"train_error_energy": 0.0, "train_error_force": 0.0, "train_loss": 0.0, "valid_error_energy": 0.0, "valid_error_force": 0.0, "valid_loss": 0.0, "test_error_energy": 12.426627531896093, "test_error_force": 10.718952385886764, "test_loss": 6.042872770918602, "lr": null, "dataset_size": 800, "max_uncertainty": 8, "_timestamp": 1732711358.503421, "_runtime": 248.48230695724487, "_step": 0, "_wandb": {"runtime": 248}}