{"train_error_energy": 3.0974152806851976, "train_error_force": 4.38705833168269, "train_loss": 1.4648360819429964, "valid_error_energy": 1.9073019617717293, "valid_error_force": 4.516682858021817, "valid_loss": 1.1783792972564697, "test_error_energy": 7.330896817153958, "test_error_force": 9.355482628462092, "test_loss": 5.863270804520052, "lr": 0.0001, "dataset_size": 1169, "max_uncertainty": 8, "_timestamp": 1733291462.0072877, "_runtime": 196.0763177871704, "_step": 19, "_wandb": {"runtime": 195}}