{"train_error_energy": 1.6900280962081826, "train_error_force": 2.1731053395307294, "train_loss": -2.206711020320654, "valid_error_energy": 1.7045387694824479, "valid_error_force": 2.3690120025816457, "valid_loss": -1.981225848197937, "test_error_energy": 14.263365823189211, "test_error_force": 8.775041093718055, "test_loss": 6.174963671499522, "lr": 0.0001, "dataset_size": 1009, "max_uncertainty": 6, "_timestamp": 1733042911.3379958, "_runtime": 162.315664768219, "_step": 19, "_wandb": {"runtime": 161}}