{"train_loss_energy": 0.06392136961221695, "train_loss_force": 1.9683632429431972, "train_loss_total": 13.110556177273747, "valid_loss_energy": 1.2485738244930549, "valid_loss_force": 2.5806872490052664, "valid_loss_total": 1.2932980401175362, "lr": 0.00012959999999999998, "_timestamp": 1731670860.1503534, "_runtime": 6547.973816394806, "_step": 5999, "_wandb": {"runtime": 6547}}