{"train_error_energy": 6.244809432866714, "train_error_force": 3.4219371274805175, "train_loss": 2.0780363976955414, "valid_error_energy": 12.465171094733378, "valid_error_force": 3.178517221174573, "valid_loss": 2.3433878421783447, "test_error_energy": 17.116907674491923, "test_error_force": 8.493844694134797, "test_loss": 5.129986258701504, "lr": 0.0006, "dataset_size": 999, "_timestamp": 1732329404.8022695, "_runtime": 437.7184944152832, "_step": 24, "_wandb": {"runtime": 437}}