{"train_error_energy": 5.718789388301504, "train_error_force": 4.901010989278925, "train_error_total": 2.022598929264966, "valid_error_energy": 6.099507332302947, "valid_error_force": 4.026337787714732, "valid_error_total": 1.7554082870483398, "test_error_energy": 10.926317698255044, "test_error_force": 12.943818485112816, "test_error_total": 5.062239060227159, "lr": 0.001, "dataset_size": 1070, "_timestamp": 1732181710.9901636, "_runtime": 186.27832865715027, "_step": 19, "_wandb": {"runtime": 185}}