{"train_error_energy": 7.672103932984747, "train_error_force": 4.309568417635387, "train_loss": 1.9554174165976674, "valid_error_energy": 7.890109879154895, "valid_error_force": 3.3388415298262335, "valid_loss": 1.6451981862386067, "test_error_energy": 13.492123849129174, "test_error_force": 11.237842829300085, "test_loss": 4.663119555767918, "lr": 0.001, "dataset_size": 4861, "max_uncertainty": 4, "_timestamp": 1733592852.136959, "_runtime": 250.46137118339539, "_step": 19, "_wandb": {"runtime": 250}}