Method ,Energy R2 Score In Distribution ,Forces R2 Score In Distribution ,Correlation In Distribution ,Energy Losses In Distribution ,Forces Losses In Distribution ,Energy R2 Score Out Distribution ,Forces R2 Score Out Distribution ,Correlation Out Distribution ,Energy Losses Out Distribution ,Forces Losses Out Distribution
SWAG   ,            0.17839106218651157 ,             0.8629030417858844 ,-0.014589540564452178       ,                   11.207592  ,                    22.449091 ,0.2814906856948516               ,              0.8592350880736498 ,0.008466626136313878         ,                     11.751589 ,                     22.678822
SWAG   ,            0.7470411465737586  ,             0.9048538300785621 ,-0.005611999848485622       ,                    5.92515   ,                    19.017239 ,0.551322601008039                ,              0.8936248346437563 ,-0.010764170578141849        ,                      9.271214 ,                     19.847607
SWAG   ,            0.6935077800796838  ,             0.92956861760453   ,0.001376223185383213        ,                    7.012911  ,                    15.232755 ,-0.27393620298327503             ,              0.9109771116880331 ,0.016402780935248145         ,                     16.710283 ,                     17.226969
SWAG   ,            0.6993581456022335  ,             0.8939037759884984 ,-0.0010055006056267572      ,                    6.626617  ,                    20.00641  ,0.5677496475834434               ,              0.8824812173851232 ,-0.005568154466896602        ,                      9.118413 ,                     20.970226
SWAG   ,            0.7958311878338101  ,             0.9240110035517253 ,0.013410382498806404        ,                    5.4932775 ,                    16.452463 ,0.004204714173255297             ,              0.8394429873911019 ,0.036829639390004436         ,                     13.897081 ,                     23.153822
