{"train_error_energy": 1.730519011772846, "train_error_force": 3.1239348074004765, "train_loss": 1.418754518032074, "valid_error_energy": 1.892142479315106, "valid_error_force": 2.7512193608529207, "valid_loss": 1.3831499218940735, "test_error_energy": 8.581331166076803, "test_error_force": 7.584068283212784, "test_loss": 4.1291933821133915, "lr": 0.0001, "dataset_size": 2216, "max_uncertainty": 4, "_timestamp": 1732529694.577931, "_runtime": 419.2019770145416, "_step": 19, "_wandb": {"runtime": 418}}