{"train_error_energy": 0.0, "train_error_force": 0.0, "train_loss": 0.0, "valid_error_energy": 0.0, "valid_error_force": 0.0, "valid_loss": 0.0, "test_error_energy": 10.588188994963417, "test_error_force": 16.482997877792386, "test_loss": 3.5718856382120343, "lr": null, "dataset_size": 800, "_timestamp": 1732206879.0509062, "_runtime": 137.4770061969757, "_step": 0, "_wandb": {"runtime": 137}}