{"train_error_energy": 2.2356824847154835, "train_error_force": 2.788967935314727, "train_loss": 0.5621892319634217, "valid_error_energy": 3.245110481842734, "valid_error_force": 2.865482211221082, "valid_loss": 1.0907053709030152, "test_error_energy": 9.057846754695726, "test_error_force": 13.392233966637322, "test_loss": 13.88153354285275, "lr": 0.0001, "dataset_size": 9800, "max_uncertainty": 3, "_timestamp": 1732957715.2360451, "_runtime": 341.7362070083618, "_step": 19, "_wandb": {"runtime": 341}}