{"train_loss_energy": 2.722007069422006, "train_loss_force": 3.1136509873937963, "train_loss_total": 0.7030161714553833, "valid_loss_energy": 1.4433823329606226, "valid_loss_force": 4.57980402556828, "valid_loss_total": 0.8989034295082092, "lr": 0.00035999999999999997, "_timestamp": 1731688573.4171298, "_runtime": 1731.3119206428528, "_step": 3999, "_wandb": {"runtime": 1730}}