{"train_error_energy": 4.042179787123634, "train_error_force": 3.5587494517287284, "train_loss": 1.4435770441504086, "valid_error_energy": 3.6698596265862675, "valid_error_force": 4.026751952326158, "valid_loss": 1.466057300567627, "test_error_energy": 9.48902505157055, "test_error_force": 11.270303994389801, "test_loss": 8.35675746857808, "lr": 0.0001, "dataset_size": 1060, "max_uncertainty": 4, "_timestamp": 1732916236.2075515, "_runtime": 210.4243404865265, "_step": 19, "_wandb": {"runtime": 210}}