{"train_error_energy": 0.0, "train_error_force": 0.0, "train_loss": 0.0, "valid_error_energy": 0.0, "valid_error_force": 0.0, "valid_loss": 0.0, "test_error_energy": 11.451026227642295, "test_error_force": 12.623542568550294, "test_loss": 10.220451170237277, "lr": null, "dataset_size": 800, "max_uncertainty": 4, "_timestamp": 1732913727.6350498, "_runtime": 168.94307684898376, "_step": 0, "_wandb": {"runtime": 168}}