{"train_error_energy": 3.168366233396987, "train_error_force": 4.332525142491165, "train_loss": 1.4566258083219115, "valid_error_energy": 2.2771175594029773, "valid_error_force": 4.3042437264423405, "valid_loss": 1.209687352180481, "test_error_energy": 5.565973774142247, "test_error_force": 7.9290032501685985, "test_loss": 4.331786269292781, "lr": 0.0001, "dataset_size": 3665, "max_uncertainty": 6, "_timestamp": 1733385697.3630512, "_runtime": 251.58282208442688, "_step": 19, "_wandb": {"runtime": 251}}