{"_runtime":895.705106271,"valid_loss_force":0.06344457863981187,"valid_loss_total":0.5860326717661314,"_timestamp":1.7308963148843884e+09,"valid_loss_energy":0.16113357362946915,"lr":0.001,"train_loss_total":0.5628918299549505,"dataset_size":1199,"train_loss_energy":0.11274824110104849,"_step":49,"train_loss_force":0.06271529981964513,"_wandb":{"runtime":896}}