{"train_error_energy": 12.448939442354297, "train_error_force": 5.427461693639167, "train_loss": 2.64913696875939, "valid_error_energy": 2.9331674413808724, "valid_error_force": 5.829533462337675, "valid_loss": 2.1468697786331177, "test_error_energy": 10.307232471838095, "test_error_force": 11.901183658056043, "test_loss": 4.671940536399163, "lr": 0.001, "dataset_size": 2071, "max_uncertainty": 4, "_timestamp": 1733576573.4889805, "_runtime": 224.8024525642395, "_step": 19, "_wandb": {"runtime": 224}}