{"train_error_energy": 2.7309733624510906, "train_error_force": 3.4780080231412946, "train_loss": 1.0293618579433388, "valid_error_energy": 2.2787166207629332, "valid_error_force": 3.6235544643448545, "valid_loss": 0.8950310150782267, "test_error_energy": 10.674610812272897, "test_error_force": 12.297308254140919, "test_loss": 11.363132971119507, "lr": 0.0001, "dataset_size": 4645, "max_uncertainty": 4, "_timestamp": 1732940828.70105, "_runtime": 284.16187810897827, "_step": 19, "_wandb": {"runtime": 283}}