{"train_error_energy": 1.446507242421377, "train_error_force": 1.8563045942714853, "train_loss": -2.6174837990083555, "valid_error_energy": 1.5936132119059798, "valid_error_force": 2.4302101679792925, "valid_loss": -1.8233146667480469, "test_error_energy": 14.731258139933805, "test_error_force": 9.482057405236882, "test_loss": 8.099129152547627, "lr": 0.0001, "dataset_size": 2180, "max_uncertainty": 5, "_timestamp": 1733073113.616241, "_runtime": 209.32439589500427, "_step": 19, "_wandb": {"runtime": 209}}