{"train_error_energy": 1.6282525930368634, "train_error_force": 2.2286202517428455, "train_loss": -2.1474316197056926, "valid_error_energy": 1.5325338683313285, "valid_error_force": 2.383450315341895, "valid_loss": -1.9787545204162598, "test_error_energy": 12.81781596571145, "test_error_force": 8.906043447106613, "test_loss": 6.179345105955114, "lr": 0.0001, "dataset_size": 984, "max_uncertainty": 6, "_timestamp": 1733030919.9684045, "_runtime": 158.01059460639954, "_step": 19, "_wandb": {"runtime": 157}}