Method,Energy R2 Score In Distribution,Forces R2 Score In Distribution,Energy Errors In Distribution,Force Errors In Distribution,Energy R2 Score Out Distribution,Force R2 Score Out Distribution,Energy Errors Out Distribution,Force Errors Out Distribution,Energy Correlation In Distribution Energies,Energy Correlation In Distribution Forces,Energy Correlation Out Distribution Energy,Energy Correlation Out Distribution Forces
EvidentialRegression,0.9766571777237046,0.9953857869483032,1.710974,3.887726,0.7061420906202716,0.9576567623325811,6.1663733,9.37954,0.06105875866332672,0.1320571052557278,0.0931481473796976,0.13118730572693565
EvidentialRegression,0.9712979144419811,0.995987685649907,2.0528018,3.6096795,0.4906018885825514,0.9656384856102628,9.340556,9.435549,0.08759738507409724,0.10128090608569994,nan,nan
EvidentialRegression,0.9700714574696009,0.9959189121548612,2.197302,3.66949,0.658614018066978,0.9640466285234778,6.769422,9.665075,0.029146087856485578,0.05492058197612741,0.08785611248407607,0.05830273967849759
EvidentialRegression,0.9816456362400496,0.9972766416281358,1.7005215,2.956651,0.6651524956465129,0.9161423164127983,7.3211584,11.909385,0.11450303820770079,0.05309016456763439,-0.09536766910990736,-0.2988991341489456
EvidentialRegression,0.985976136974246,0.9958044498281424,1.2842546,3.7009811,0.7820782226882154,0.9689038652422362,5.6266646,9.06813,0.10356233486730855,0.3164130672975759,0.02542252206387912,0.11573269780613854
