Method,Energy R2 Score In Distribution,Forces R2 Score In Distribution,Energy Errors In Distribution,Force Errors In Distribution,Energy R2 Score Out Distribution,Force R2 Score Out Distribution,Energy Errors Out Distribution,Force Errors Out Distribution,Energy Correlation In Distribution Energies,Energy Correlation In Distribution Forces,Energy Correlation Out Distribution Energy,Energy Correlation Out Distribution Forces
EvidentialRegression,0.9766571664498092,0.9953857862011343,1.7109758,3.887726,0.7061421069371253,0.9576567647204862,6.1663733,9.37954,0.06105847116411354,0.1320578165867046,0.09314779528509236,0.13118689073628909
EvidentialRegression,0.9712979337186256,0.9959876846811632,2.052801,3.60968,0.49060191823779464,0.9656384869509392,9.340554,9.435549,0.08759738700548532,0.10128093271890833,nan,nan
EvidentialRegression,0.9700714714792379,0.9959189119505957,2.1973016,3.66949,0.6586140176021144,0.964046629316594,6.769422,9.665076,0.029146158325806006,0.05492061193666019,0.0878562260396569,0.058302725848623935
EvidentialRegression,0.9766571545655253,0.9953857869045563,1.7109758,3.887726,0.7061419985397899,0.9576567511937996,6.1663737,9.37954,0.06105877819454532,0.13205730772273186,0.09314815324875747,0.13118734209996974
EvidentialRegression,0.9712979132454885,0.9959876848989438,2.0528014,3.6096795,0.49060193943426156,0.9656384853521444,9.340554,9.435549,0.08759743384719322,0.10128102802000385,nan,nan
EvidentialRegression,0.9700714690928729,0.9959189119682033,2.1973019,3.66949,0.6586139939824791,0.9640466279631922,6.769422,9.665075,0.029145581763542674,0.05492066557928364,0.08785626573956477,0.05830282662970946
EvidentialRegression,0.9816456448042392,0.9972766424897624,1.7005205,2.956651,0.6651524682029821,0.9161423125591716,7.3211594,11.909385,0.1145031347653213,0.05308991311313295,-0.095367885745746,-0.29889929725388187
EvidentialRegression,0.9859761380450776,0.9958044497846269,1.2842548,3.7009811,0.782078217901728,0.9689038642489117,5.626665,9.068129,0.10356195191732834,0.3164131741177375,0.025422352502980413,0.11573317459018417
