{"_step":49,"valid_loss_energy":0.45010230413282104,"train_loss_force":0.3212261278839672,"_wandb":{"runtime":891},"_timestamp":1.730906525018868e+09,"_runtime":891.548158013,"train_loss_total":2.920377191375284,"lr":0.001,"valid_loss_force":0.49496118513701476,"valid_loss_total":4.390508119972589,"train_loss_energy":0.6136536519317066,"dataset_size":1088}