{"train_error_energy": 3.665169365701796, "train_error_force": 2.894112660585202, "train_loss": 1.098406623025517, "valid_error_energy": 2.9269769719211047, "valid_error_force": 2.968630709305574, "valid_loss": 0.8587257027626037, "test_error_energy": 11.102877580660136, "test_error_force": 14.873104541351013, "test_loss": 12.4662210504422, "lr": 0.0001, "dataset_size": 8720, "max_uncertainty": 3, "_timestamp": 1732951003.6259093, "_runtime": 332.2241303920746, "_step": 19, "_wandb": {"runtime": 331}}