Method        ,Energy R2 Score In Distribution ,Forces R2 Score In Distribution ,Energy Losses In Distribution ,Forces Losses In Distribution ,Energy R2 Score Out Distribution ,Forces R2 Score Out Distribution ,Energy Losses Out Distribution ,Forces Losses Out Distribution ,Energy Correlation In Distribution Energies ,Energy Correlation In Distribution Forces ,Energy Correlation Out Distribution Energy ,Energy Correlation Out Distribution Forces ,Force Correlation In Distribution Energy ,Force Correlation In Distribution Forces ,Force Correlation Out Distribution Energy ,Force Correlation Out Distribution Forces
ModelEnsemble ,             0.9834940433502197 ,             0.9946442246437073 ,                    1.425068  ,                    3.9092724 ,-0.09791326522827148             ,              0.9224820137023926 ,                     13.150405 ,                     12.960392 ,0.2550770854923053                          ,                      0.4587158556305011  ,                        0.7808001494982076 ,                       0.7815668145394894 ,0.3171169600477186                       ,                      0.8281751192274376 ,                      0.6797953746299633  ,                      0.9578805872148075
ModelEnsemble ,             0.9797108769416809 ,             0.9952046871185303 ,                    1.5154188 ,                    3.7310424 ,0.18444794416427612              ,              0.9416767954826355 ,                      9.061322 ,                     11.67187  ,0.3374958306916091                          ,                      0.4179207498150454  ,                        0.8637581856304551 ,                       0.851496196156805  ,0.38558292710543746                      ,                      0.8181119631201262 ,                      0.828401315888881   ,                      0.9547345914367459
ModelEnsemble ,             0.9633921384811401 ,             0.9949561953544617 ,                    2.456277  ,                    3.8514855 ,0.8127089142799377               ,              0.9589188694953918 ,                      5.630834 ,                     10.11568  ,-0.09215910036897144                        ,                      0.44907044979278204 ,                        0.4190171262814833 ,                       0.7541058006903485 ,-0.007744088053089653                    ,                      0.7873050282596369 ,                      0.42997603059611444 ,                      0.9520132342890016
