{"train_error_energy": 1.7926465356261692, "train_error_force": 2.92520596968798, "train_loss": 1.3334371930076963, "valid_error_energy": 1.3023569868102933, "valid_error_force": 2.71747106842324, "valid_loss": 1.3644747138023376, "test_error_energy": 11.282712947186345, "test_error_force": 9.342953970597986, "test_loss": 5.235285057447344, "lr": 0.0001, "dataset_size": 1333, "max_uncertainty": 4, "_timestamp": 1732412431.906853, "_runtime": 382.7058210372925, "_step": 19, "_wandb": {"runtime": 382}}