{"train_loss_energy": 2.56875131032902, "train_loss_force": 6.0860166719670294, "train_loss_total": 1.9353555464744567, "valid_loss_energy": 2.016176762560436, "valid_loss_force": 7.475058126821687, "valid_loss_total": 2.173000063214983, "lr": 0.001, "_timestamp": 1732103293.1120589, "_runtime": 2756.0474247932434, "_step": 5999, "_wandb": {"runtime": 2755}}