{"train_error_energy": 1.5816121532839713, "train_error_force": 1.8055942051563654, "train_loss": -2.6776148522650445, "valid_error_energy": 3.191714227669324, "valid_error_force": 2.0253465210020596, "valid_loss": -2.2663253943125405, "test_error_energy": 7.852936968097744, "test_error_force": 6.5932110577374825, "test_loss": 4.237915127689302, "lr": 0.0001, "dataset_size": 4554, "max_uncertainty": 5, "_timestamp": 1733152324.9720182, "_runtime": 223.67052912712097, "_step": 19, "_wandb": {"runtime": 223}}