{"train_error_energy": 6002.490587089919, "train_error_force": 5109.697906442793, "train_error_total": 2059.2434168938667, "valid_error_energy": 25.935852845318692, "valid_error_force": 17.344156921969848, "valid_error_total": 7.352780818939209, "test_error_energy": 13.970180242508084, "test_error_force": 13.665539987167389, "test_error_total": 5.3713502434535805, "lr": 0.001, "dataset_size": 972, "_timestamp": 1732189112.8147788, "_runtime": 172.53985571861267, "_step": 19, "_wandb": {"runtime": 172}}