{"train_error_energy": 9.52101268234902, "train_error_force": 3.940343636331477, "train_loss": 1.9556037796382146, "valid_error_energy": 7.826670311289729, "valid_error_force": 4.114424900234839, "valid_loss": 1.900465488433838, "test_error_energy": 14.802935930237942, "test_error_force": 12.969293122457938, "test_loss": 5.330188731248466, "lr": 0.001, "dataset_size": 10440, "max_uncertainty": 4, "_timestamp": 1733631040.4434953, "_runtime": 312.89890122413635, "_step": 19, "_wandb": {"runtime": 312}}