{"_timestamp":1.7266567431864388e+09,"_step":9999,"_wandb":{"runtime":4765},"valid_loss_force":18.492918968200684,"valid_loss_total":30.05800437927246,"train_loss_total":16.789819308689662,"lr":0.001,"train_loss_energy":2.049152135848999,"train_loss_force":12.205271244049072,"valid_loss_energy":4.464297533035278,"_runtime":4764.999853611}