{"train_error_energy": 4.336388845555171, "train_error_force": 4.07227175306758, "train_loss": 1.7110209345817566, "valid_error_energy": 3.7030631589504353, "valid_error_force": 4.374896943337422, "valid_loss": 1.5961744785308838, "test_error_energy": 10.511167219768666, "test_error_force": 10.072401225761068, "test_loss": 6.561965155975981, "lr": 0.0001, "dataset_size": 960, "max_uncertainty": 8, "_timestamp": 1733245278.183447, "_runtime": 208.42220377922058, "_step": 19, "_wandb": {"runtime": 208}}