{"train_error_energy": 2.2100147244428907, "train_error_force": 2.2453388700347263, "train_loss": -4.70769882924629, "valid_error_energy": 1.097074738473131, "valid_error_force": 2.371024263653395, "valid_loss": -4.3841047286987305, "test_error_energy": 14.179897755235322, "test_error_force": 10.759276714324717, "test_loss": 83.95030040641106, "lr": 0.0001, "dataset_size": 1033, "max_uncertainty": 4, "_timestamp": 1733710498.1031532, "_runtime": 204.9350802898407, "_step": 19, "_wandb": {"runtime": 204}}