{"train_error_energy": 10.633269270088059, "train_error_force": 4.503098465449697, "train_loss": 2.2183362618470803, "valid_error_energy": 12.713616866332057, "valid_error_force": 5.21844682699326, "valid_loss": 2.5969122648239136, "test_error_energy": 17.113825317966164, "test_error_force": 13.280455971968358, "test_loss": 5.588950976027244, "lr": 0.001, "dataset_size": 6211, "max_uncertainty": 4, "_timestamp": 1733601066.133623, "_runtime": 265.37195897102356, "_step": 19, "_wandb": {"runtime": 265}}