{"train_error_energy": 8.05273662467658, "train_error_force": 3.905996124619384, "train_error_total": 2.477521262270339, "valid_error_energy": 6.109247771422412, "valid_error_force": 3.793249618445265, "valid_error_total": 2.533846378326416, "test_error_energy": 11.035062384232319, "test_error_force": 9.552282488043298, "test_error_total": 5.273244957649271, "lr": 0.001, "dataset_size": 1495, "_timestamp": 1732191847.1105778, "_runtime": 381.483815908432, "_step": 19, "_wandb": {"runtime": 380}}