{"train_error_energy": 2.9945142576290427, "train_error_force": 4.071420841866091, "train_loss": 1.3804805422651356, "valid_error_energy": 2.013703522476739, "valid_error_force": 4.247378776847497, "valid_loss": 1.0563310384750366, "test_error_energy": 9.365690947918468, "test_error_force": 10.349231468109009, "test_loss": 8.145352595763681, "lr": 0.0001, "dataset_size": 917, "max_uncertainty": 8, "_timestamp": 1733227908.3265197, "_runtime": 192.2466676235199, "_step": 19, "_wandb": {"runtime": 191}}