Method,Energy R2 Score In Distribution,Forces R2 Score In Distribution,Energy Errors In Distribution,Force Errors In Distribution,Energy R2 Score Out Distribution,Force R2 Score Out Distribution,Energy Errors Out Distribution,Force Errors Out Distribution,Energy Correlation In Distribution Energies,Energy Correlation In Distribution Forces,Energy Correlation Out Distribution Energy,Energy Correlation Out Distribution Forces,Force Correlation In Distribution Energy,Force Correlation In Distribution Forces,Force Correlation Out Distribution Energy,Force Correlation Out Distribution Forces
SWAG,0.9761086491942287,0.9960189159785755,1.9048032,3.7113261,0.7049234994030054,0.9743245869347291,7.5675054,8.116136,0.02584392900550423,0.08039280020461237,-0.03450790133005504,-0.13226004417533607,-0.01764230101102343,0.41033441803221765,0.23104810491808353,0.45881894338197043
SWAG,0.9466387866702867,0.9953723332687666,3.0621774,4.152139,0.6545874796687097,0.9565184123464632,8.206059,9.941311,0.06936692700140501,-0.08016944556082232,0.015081234954525865,0.042616910216946614,-0.11523336084226837,0.390732546660173,0.40941460933753443,0.8099159262820878
SWAG,0.9294094098065898,0.9946039664655876,3.5981262,4.467753,-0.1698143560008627,0.9240553976969754,12.875664,13.223758,0.12082530577602615,-0.14579295893364294,-0.11093207996758449,-0.2426360600800899,-0.004296671078173404,0.41976111516183273,0.7334203308028037,0.8302106681067054
SWAG,0.7529933559147717,0.9945081105491983,7.0873322,4.4283032,-0.013127520929834713,0.9612440003310819,15.328417,9.8592825,0.04409011395561688,-0.0003363363306802973,0.01611104392216129,0.05896458484475776,-0.04496809379887654,0.4093260489502934,0.39743758640610344,0.8020992583881266
SWAG,0.8677086800972275,0.9961705402958257,5.10679,3.635789,-0.09376402099929915,0.9570286459860502,14.229084,10.220273,0.038282947448172906,0.0313791262270129,0.10937873504672373,0.20040928839716265,-0.0069668434778439575,0.5339298582372555,0.6361809376867894,0.8040041678528765
