{"train_error_energy": 2.5665592725553754, "train_error_force": 3.5268220129251033, "train_loss": 0.9973675298690796, "valid_error_energy": 3.9450007567519387, "valid_error_force": 3.919002129942556, "valid_loss": 1.7079824805259705, "test_error_energy": 9.36815518422159, "test_error_force": 11.165608408100184, "test_loss": 10.418259196256468, "lr": 0.0001, "dataset_size": 1600, "max_uncertainty": 4, "_timestamp": 1732918816.9083633, "_runtime": 229.70075035095215, "_step": 19, "_wandb": {"runtime": 229}}