{"train_error_energy": 1.2508286456813495, "train_error_force": 2.2620697042215014, "train_loss": 1.019515775865124, "valid_error_energy": 1.1880957619268975, "valid_error_force": 2.514772338851705, "valid_loss": 1.248179316520691, "test_error_energy": 11.906566697482726, "test_error_force": 10.54286314444967, "test_loss": 5.913809237055753, "lr": 0.0001, "dataset_size": 980, "max_uncertainty": 6, "_timestamp": 1732376812.3927014, "_runtime": 94.8392653465271, "_step": 4}