{"train_error_energy": 2.7880360044724632, "train_error_force": 4.024822171376229, "train_loss": 1.3646201034644982, "valid_error_energy": 2.666726811200135, "valid_error_force": 3.5814024527902375, "valid_loss": 1.038271188735962, "test_error_energy": 10.60508077430129, "test_error_force": 12.480433812609956, "test_loss": 12.717871885649197, "lr": 0.0001, "dataset_size": 4903, "max_uncertainty": 4, "_timestamp": 1733244089.577053, "_runtime": 268.61846709251404, "_step": 19, "_wandb": {"runtime": 268}}