{"train_error_energy": 2.2408841967635937, "train_error_force": 2.208613147115284, "train_loss": -2.1283956848341843, "valid_error_energy": 1.6081565410021779, "valid_error_force": 2.338757055047853, "valid_loss": -2.019209384918213, "test_error_energy": 15.402967971052355, "test_error_force": 9.476542876765011, "test_loss": 7.077083395413704, "lr": 0.0001, "dataset_size": 923, "max_uncertainty": 6, "_timestamp": 1733015785.8260074, "_runtime": 170.82068824768066, "_step": 19, "_wandb": {"runtime": 170}}