{"train_error_energy": 1.9731793751910132, "train_error_force": 3.010817274308971, "train_loss": 1.3798125842038322, "valid_error_energy": 1.407484991335169, "valid_error_force": 2.788954878344157, "valid_loss": 1.3869340419769287, "test_error_energy": 9.372092310474024, "test_error_force": 8.45127442909484, "test_loss": 4.6050122021380515, "lr": 0.0001, "dataset_size": 1068, "max_uncertainty": 6, "_timestamp": 1732426507.7113569, "_runtime": 370.6335048675537, "_step": 19, "_wandb": {"runtime": 370}}