{"train_error_energy": 1.3531252019166398, "train_error_force": 2.517287394037835, "train_loss": 1.1489155100237938, "valid_error_energy": 2.4800869433213877, "valid_error_force": 2.6400003531757634, "valid_loss": 1.3686288595199585, "test_error_energy": 11.349269011381713, "test_error_force": 10.394675396223676, "test_loss": 5.80663796619595, "lr": 0.0001, "dataset_size": 965, "max_uncertainty": 4, "_timestamp": 1732384846.0150666, "_runtime": 363.8748025894165, "_step": 19, "_wandb": {"runtime": 363}}