{"train_error_energy": 2.0175617833418773, "train_error_force": 1.8297815005876508, "train_loss": -2.614985719433537, "valid_error_energy": 1.9280234411571964, "valid_error_force": 2.104112020221583, "valid_loss": -2.243522564570109, "test_error_energy": 12.258641540110453, "test_error_force": 7.363019497162492, "test_loss": 5.529752496649458, "lr": 0.0001, "dataset_size": 4298, "max_uncertainty": 5, "_timestamp": 1733128176.7636795, "_runtime": 255.43878960609436, "_step": 19, "_wandb": {"runtime": 255}}