{"train_error_energy": 5.155671329033147, "train_error_force": 3.6288158219066866, "train_loss": 1.9728682496968437, "valid_error_energy": 2.8259749598695274, "valid_error_force": 3.2563986496617137, "valid_loss": 2.068610668182373, "test_error_energy": 10.107420180837792, "test_error_force": 8.045058499959111, "test_loss": 4.569757017165578, "lr": 0.0006, "dataset_size": 1057, "_timestamp": 1732349583.4842803, "_runtime": 440.7414622306824, "_step": 24, "_wandb": {"runtime": 440}}