{"train_error_energy": 8.468289017504858, "train_error_force": 4.118931581270256, "train_loss": 1.9449109340438973, "valid_error_energy": 11.245293320269914, "valid_error_force": 3.7267930988996185, "valid_loss": 1.999539065361023, "test_error_energy": 14.618571324060255, "test_error_force": 12.729855180509249, "test_loss": 5.23773425786283, "lr": 0.001, "dataset_size": 9450, "max_uncertainty": 4, "_timestamp": 1733623967.4572318, "_runtime": 296.10254287719727, "_step": 19, "_wandb": {"runtime": 295}}