{"train_error_energy": 2.5677326912503817, "train_error_force": 3.240203998159452, "train_loss": 0.8677012193000923, "valid_error_energy": 2.2495345302857452, "valid_error_force": 3.678682000817072, "valid_loss": 0.9039940237998962, "test_error_energy": 10.211595388167565, "test_error_force": 12.76211416667769, "test_loss": 14.605902097612152, "lr": 0.0001, "dataset_size": 1880, "max_uncertainty": 3, "_timestamp": 1732915817.5900645, "_runtime": 215.98420763015747, "_step": 19, "_wandb": {"runtime": 215}}