{"train_error_energy": 0.0, "train_error_force": 0.0, "train_loss": 0.0, "valid_error_energy": 0.0, "valid_error_force": 0.0, "valid_loss": 0.0, "test_error_energy": 10.996634949766577, "test_error_force": 13.3864807834733, "test_loss": 16.631808280944824, "lr": null, "dataset_size": 800, "max_uncertainty": 8, "_timestamp": 1733005518.785216, "_runtime": 158.31890320777893, "_step": 0, "_wandb": {"runtime": 158}}