{"train_error_energy": 0.7104142673004269, "train_error_force": 2.171468597947597, "train_loss": 0.388225439786911, "valid_error_energy": 1.0465594274573027, "valid_error_force": 3.0843516926467416, "valid_loss": 0.046355691871472766, "test_error_energy": 0.0, "test_error_force": 0.0, "test_loss": 0.0, "lr": 0.0001, "_timestamp": 1732721259.8197117, "_runtime": 1763.1022686958313, "_step": 3999, "_wandb": {"runtime": 1762}}