{"train_error_energy": 1.9930219187614493, "train_error_force": 3.4613721950616907, "train_loss": 1.572883346251079, "valid_error_energy": 1.8589357739156085, "valid_error_force": 3.0305879760886034, "valid_loss": 1.5137364268302917, "test_error_energy": 5.452556123157548, "test_error_force": 5.698645358039699, "test_loss": 2.985699516316359, "lr": 0.0001, "dataset_size": 1776, "max_uncertainty": 6, "_timestamp": 1732718579.8716755, "_runtime": 411.9036214351654, "_step": 19, "_wandb": {"runtime": 411}}