{"train_error_energy": 11.213506334789093, "train_error_force": 5.304553455802843, "train_loss": 2.525335487392214, "valid_error_energy": 19.924844888846962, "valid_error_force": 5.249003825223503, "valid_loss": 3.089716672897339, "test_error_energy": 23.78087389117868, "test_error_force": 11.067758627318165, "test_loss": 5.294738562319291, "lr": 0.001, "dataset_size": 1139, "max_uncertainty": 8, "_timestamp": 1733569204.7485864, "_runtime": 194.31807446479797, "_step": 19, "_wandb": {"runtime": 194}}