{"train_loss_energy": 2.1370617404236496, "train_loss_force": 3.4079096241672637, "train_loss_total": 0.7397494554519654, "valid_loss_energy": 2.687360083155547, "valid_loss_force": 3.803787948296751, "valid_loss_total": 1.2039799434798104, "lr": 0.0006, "_timestamp": 1731948066.1532073, "_runtime": 2844.88840341568, "_step": 5999, "_wandb": {"runtime": 2844}}