{"train_error_energy": 2.688883521953597, "train_error_force": 3.483185430807044, "train_loss": 1.0199778009127904, "valid_error_energy": 2.1163272784519376, "valid_error_force": 3.6394110311185663, "valid_loss": 0.8864418268203735, "test_error_energy": 10.631182998222268, "test_error_force": 12.33072886910365, "test_loss": 11.452125938775028, "lr": 0.0001, "dataset_size": 4555, "max_uncertainty": 4, "_timestamp": 1732940054.5240347, "_runtime": 275.88980078697205, "_step": 19, "_wandb": {"runtime": 275}}