{"dataset_size": 800, "_timestamp": 1729515027.105209, "_runtime": 627.8721721172333, "_step": 1, "train_loss_energy": 1.7713111543655395, "train_loss_force": 3.5373672223091126, "train_loss_total": 6.601610175132752, "valid_loss_energy": 0.527240083716548, "valid_loss_force": 1.3618090617390106, "valid_loss_total": 2.521485705726063, "lr": null, "_wandb": {"runtime": 627}}