{"train_error_energy": 1.9993255911431786, "train_error_force": 2.821787402893209, "train_loss": 1.2997776207170988, "valid_error_energy": 2.4706958720918832, "valid_error_force": 2.7009241901856273, "valid_loss": 1.404997706413269, "test_error_energy": 12.89558374549864, "test_error_force": 9.715116619939634, "test_loss": 5.533768104633111, "lr": 0.0001, "dataset_size": 1194, "max_uncertainty": 4, "_timestamp": 1732400287.1414006, "_runtime": 372.76060152053833, "_step": 19, "_wandb": {"runtime": 372}}