{"train_error_energy": 2.210438036232475, "train_error_force": 1.8103165049245382, "train_loss": -2.628793808018289, "valid_error_energy": 2.100876785977349, "valid_error_force": 1.8301459893620209, "valid_loss": -2.608487049738566, "test_error_energy": 6.093875570274455, "test_error_force": 5.314104850307057, "test_loss": 2.441843948439154, "lr": 0.0001, "dataset_size": 5241, "max_uncertainty": 4, "_timestamp": 1732956584.9469755, "_runtime": 306.0355293750763, "_step": 19, "_wandb": {"runtime": 305}}