{"train_error_energy": 1.6278683902350266, "train_error_force": 2.51788667859431, "train_loss": 1.1670971433321635, "valid_error_energy": 2.778983531320365, "valid_error_force": 2.544581057417058, "valid_loss": 1.354361653327942, "test_error_energy": 12.652925410806628, "test_error_force": 19.348983931233512, "test_loss": 9.315324723408484, "lr": 0.0001, "dataset_size": 954, "max_uncertainty": 4, "_timestamp": 1733702331.457504, "_runtime": 369.6103079319, "_step": 19, "_wandb": {"runtime": 369}}