{"train_error_energy": 8.174357014085462, "train_error_force": 4.874002314568784, "train_error_total": 2.177889883518219, "valid_error_energy": 4.794970303219447, "valid_error_force": 6.349513123937997, "valid_error_total": 2.4454498291015625, "test_error_energy": 10.568242824479219, "test_error_force": 13.4770850874495, "test_error_total": 5.216709149445538, "lr": 0.001, "dataset_size": 827, "_timestamp": 1732180675.2977433, "_runtime": 163.063401222229, "_step": 19, "_wandb": {"runtime": 162}}