{"train_error_energy": 1.509275040975563, "train_error_force": 2.8876499155758926, "train_loss": 1.3059290051460266, "valid_error_energy": 1.2362391693025176, "valid_error_force": 2.704305866504833, "valid_loss": 1.3471543788909912, "test_error_energy": 8.942637316570536, "test_error_force": 13.318272313696339, "test_loss": 6.561224208452314, "lr": 0.0001, "dataset_size": 1019, "max_uncertainty": 6, "_timestamp": 1733724316.9743736, "_runtime": 378.2399106025696, "_step": 19, "_wandb": {"runtime": 377}}