{"train_error_energy": 14.482298992868385, "train_error_force": 5.738553587129943, "train_loss": 2.8893030109730633, "valid_error_energy": 19.121989906966313, "valid_error_force": 7.878953115821233, "valid_loss": 3.9159786701202393, "test_error_energy": 19.465529587084692, "test_error_force": 13.521329903741712, "test_loss": 5.826925699623468, "lr": 0.001, "dataset_size": 2791, "max_uncertainty": 4, "_timestamp": 1733580515.9015703, "_runtime": 232.46204543113708, "_step": 19, "_wandb": {"runtime": 232}}