{"train_loss_energy": 1.15109533350642, "train_loss_force": 2.771555219761073, "train_loss_total": -0.04547430396080017, "valid_loss_energy": 1.0868586700976959, "valid_loss_force": 3.591647335746671, "valid_loss_total": 0.21912740809576853, "lr": 0.0001, "_timestamp": 1731521573.0844612, "_runtime": 2696.2814712524414, "_step": 5999, "_wandb": {"runtime": 2696}}