{"train_error_energy": 19.175375562450444, "train_error_force": 6.844034609331832, "train_loss": 3.5732641598073447, "valid_error_energy": 4.383491972370234, "valid_error_force": 7.350585952832103, "valid_loss": 2.752875566482544, "test_error_energy": 18.491495262735327, "test_error_force": 12.268258688139879, "test_loss": 5.342461096678729, "lr": 0.001, "dataset_size": 1295, "max_uncertainty": 4, "_timestamp": 1733525064.0422463, "_runtime": 200.6205554008484, "_step": 19, "_wandb": {"runtime": 200}}