{"train_error_energy": 1.6663724172365038, "train_error_force": 3.4037490792624236, "train_loss": 0.5501370206081048, "valid_error_energy": 2.0093146579432157, "valid_error_force": 3.430586098113931, "valid_loss": 0.7432280033826828, "test_error_energy": 10.276240741245603, "test_error_force": 11.771490132922722, "test_loss": 14.183112798560977, "lr": 0.0001, "dataset_size": 6031, "max_uncertainty": 4, "_timestamp": 1732956643.1883907, "_runtime": 301.32030272483826, "_step": 19, "_wandb": {"runtime": 301}}