{"train_error_energy": 0.0, "train_error_force": 0.0, "train_error_total": 0.0, "valid_error_energy": 0.0, "valid_error_force": 0.0, "valid_error_total": 0.0, "test_error_energy": 11.50093310295653, "test_error_force": 12.76176630384463, "test_error_total": 5.03977745365722, "lr": null, "dataset_size": 800, "_timestamp": 1732184298.5730083, "_runtime": 18.28247833251953, "_step": 0, "_wandb": {"runtime": 17}}