{"lr":0.001,"train_loss_force":8.612918649400983,"valid_loss_total":6.929728746414185,"train_loss_energy":2.265767659459795,"valid_loss_energy":3.338542103767395,"_timestamp":1.7265857301180403e+09,"_runtime":1898.1839888,"_step":9999,"_wandb":{"runtime":1898},"valid_loss_force":10.520915508270264,"train_loss_total":10.878686223711286}