{"train_error_energy": 2.523769684544142, "train_error_force": 3.119821726500847, "train_loss": 0.8110080663572278, "valid_error_energy": 2.977106298608511, "valid_error_force": 3.245112263195901, "valid_loss": 1.0105760097503662, "test_error_energy": 9.166283124346576, "test_error_force": 10.652557944517126, "test_loss": 11.156631329920904, "lr": 0.0001, "dataset_size": 9090, "max_uncertainty": 4, "_timestamp": 1733352662.4938593, "_runtime": 326.94435119628906, "_step": 19, "_wandb": {"runtime": 326}}