{"train_error_energy": 2.493392104517439, "train_error_force": 3.0928194098242856, "train_loss": 0.7677260774530863, "valid_error_energy": 2.59847641705876, "valid_error_force": 3.2843765825092484, "valid_loss": 0.8755818804105123, "test_error_energy": 11.520396396161965, "test_error_force": 17.57217274340209, "test_loss": 18.061655878396557, "lr": 0.0001, "dataset_size": 4850, "max_uncertainty": 3, "_timestamp": 1732930073.3345685, "_runtime": 278.8505206108093, "_step": 19, "_wandb": {"runtime": 278}}