Method,Energy R2 Score In Distribution,Forces R2 Score In Distribution,Energy Errors In Distribution,Force LosErrorsses In Distribution,Energy R2 Score Out Distribution,Force R2 Score Out Distribution,Energy Errors Out Distribution,Force Errors Out Distribution,Energy Correlation In Distribution Energies,Energy Correlation In Distribution Forces,Energy Correlation Out Distribution Energy,Energy Correlation Out Distribution Forces
EvidentialRegression,0.8864604635844271,0.9949796054780604,0.31118536,0.26761755,0.8164515332471369,0.9607763239335892,0.3668792,0.6532744,0.08051464688046815,0.12062129505875463,0.010476229589361192,-0.028167726825833697
EvidentialRegression,0.8995775080959926,0.9858880316697034,0.26906693,0.4710668,0.75232361602899,0.9544601094904673,0.45643893,0.7640423,0.1617066163420955,0.42100297879231446,0.15825082049268602,0.2993182323680095
EvidentialRegression,0.9351717077416584,0.9930765828278827,0.22220406,0.3172279,0.693975618633301,0.9604405874842034,0.5268402,0.6864109,0.06505494569249873,0.34638295826201493,0.39082282796871903,0.5055487497896939
EvidentialRegression,0.9646688501910555,0.9962102516112972,0.16644539,0.23530275,0.8562135954956702,0.9742163376555079,0.32570887,0.5427163,0.2188769044346424,0.27075492519352906,0.1510261983909187,0.43012195126296826
