{"train_error_energy": 1.2746105121168019, "train_error_force": 2.288440546681442, "train_error_total": 1.0217790855811193, "valid_error_energy": 1.32285457236953, "valid_error_force": 2.5836842088025826, "valid_error_total": 1.3014179468154907, "test_error_energy": 11.919628278390496, "test_error_force": 10.436796433839472, "test_error_total": 5.840097844288612, "lr": 0.0001, "dataset_size": 821, "_timestamp": 1732128071.9371347, "_runtime": 312.89647364616394, "_step": 19, "_wandb": {"runtime": 312}}