{"train_error_energy": 2.5974500691698474, "train_error_force": 3.2565641371935414, "train_loss": 0.8976848484035507, "valid_error_energy": 2.0748319033640525, "valid_error_force": 3.460660984242869, "valid_loss": 0.7603552937507629, "test_error_energy": 9.335271693871123, "test_error_force": 10.604435644660992, "test_loss": 9.624940240570387, "lr": 0.0001, "dataset_size": 8020, "max_uncertainty": 4, "_timestamp": 1732993232.0126567, "_runtime": 257.4106786251068, "_step": 19, "_wandb": {"runtime": 257}}