{"train_loss_energy": 9.087175959851027, "train_loss_force": 6.65458165012455, "train_loss_total": 3.550262975692749, "valid_loss_energy": 6.618887376476186, "valid_loss_force": 7.613199638542107, "valid_loss_total": 3.290219613483974, "lr": 0.001, "_timestamp": 1731944281.500418, "_runtime": 1939.8172068595886, "_step": 4072}