{"train_loss_energy": 3.178173953891724, "train_loss_force": 2.8381422304838297, "train_loss_total": 0.889909737110138, "valid_loss_energy": 2.9684550908252594, "valid_loss_force": 3.3543969787823307, "valid_loss_total": 1.0073965362140112, "lr": 0.0006, "_timestamp": 1731945187.7906895, "_runtime": 2846.1074783802032, "_step": 5999, "_wandb": {"runtime": 2845}}