{"train_error_energy": 3.0121282585528983, "train_error_force": 4.49638046558541, "train_loss": 1.4909157093727228, "valid_error_energy": 2.333459867400804, "valid_error_force": 4.518067637440342, "valid_loss": 1.3000015616416931, "test_error_energy": 8.65155257659102, "test_error_force": 9.62089691048685, "test_loss": 7.674204993622466, "lr": 0.0001, "dataset_size": 2112, "max_uncertainty": 6, "_timestamp": 1733275193.7529292, "_runtime": 236.17676210403442, "_step": 19, "_wandb": {"runtime": 235}}