{"train_error_energy": 2.165874770075063, "train_error_force": 3.459626118839683, "train_loss": 1.5795896398393732, "valid_error_energy": 1.9325949500576667, "valid_error_force": 3.162074886100973, "valid_loss": 1.632323980331421, "test_error_energy": 7.130461353323272, "test_error_force": 6.753439692490842, "test_loss": 3.6643726588543797, "lr": 0.0001, "dataset_size": 1209, "max_uncertainty": 8, "_timestamp": 1732539112.5131776, "_runtime": 380.3758137226105, "_step": 19, "_wandb": {"runtime": 380}}