{"train_error_energy": 1.35074595945546, "train_error_force": 2.6505146755381257, "train_loss": 1.2121549050013225, "valid_error_energy": 1.332397837960276, "valid_error_force": 2.63519359432262, "valid_loss": 1.3067512512207031, "test_error_energy": 12.320436009983469, "test_error_force": 10.006183744574672, "test_loss": 5.665227248406535, "lr": 0.0001, "dataset_size": 1046, "max_uncertainty": 4, "_timestamp": 1732389460.5989437, "_runtime": 366.5385887622833, "_step": 19, "_wandb": {"runtime": 366}}