{"_step":29,"_runtime":5.882267201,"train_loss_energy":11.739184788295201,"train_loss_force":62.847133091517854,"_wandb":{"runtime":5},"_timestamp":1.7270979211194718e+09,"valid_loss_energy":12.811036586761475,"lr":0.001,"train_loss_total":4.183346135275705,"valid_loss_force":63.485618591308594,"valid_loss_total":4.283514738082886}