{"train_error_energy": 11.153463046290574, "train_error_force": 5.057266037858695, "train_loss": 2.4385741918117967, "valid_error_energy": 5.503404660460877, "valid_error_force": 5.712372528501435, "valid_loss": 2.279669404029846, "test_error_energy": 12.497679498324628, "test_error_force": 10.5029961854323, "test_loss": 4.350688674687091, "lr": 0.001, "dataset_size": 2461, "max_uncertainty": 8, "_timestamp": 1733653568.2048566, "_runtime": 232.9800305366516, "_step": 19, "_wandb": {"runtime": 232}}