{"train_error_energy": 6.681394327130323, "train_error_force": 3.637887677268225, "train_loss": 2.0491441170374554, "valid_error_energy": 6.435248315871157, "valid_error_force": 3.213571356810547, "valid_loss": 2.040689468383789, "test_error_energy": 10.17310009906848, "test_error_force": 7.792436254926459, "test_loss": 4.264807731069196, "lr": 0.0006, "dataset_size": 935, "_timestamp": 1732337063.4897847, "_runtime": 344.8640806674957, "_step": 19, "_wandb": {"runtime": 344}}