{"train_error_energy": 4.606811402475406, "train_error_force": 4.443789669759836, "train_loss": 1.8865382961324744, "valid_error_energy": 5.339011147390433, "valid_error_force": 4.567180657611904, "valid_loss": 2.166661262512207, "test_error_energy": 8.114358006582066, "test_error_force": 9.420019239722038, "test_loss": 5.330089087261579, "lr": 0.0001, "dataset_size": 1168, "max_uncertainty": 8, "_timestamp": 1733288872.744811, "_runtime": 227.17153000831604, "_step": 19, "_wandb": {"runtime": 226}}