Method,Energy R2 Score In Distribution,Forces R2 Score In Distribution,Energy Errors In Distribution,Force LosErrorsses In Distribution,Energy R2 Score Out Distribution,Force R2 Score Out Distribution,Energy Errors Out Distribution,Force Errors Out Distribution,Energy Correlation In Distribution Energies,Energy Correlation In Distribution Forces,Energy Correlation Out Distribution Energy,Energy Correlation Out Distribution Forces
EvidentialRegression,0.9669798856794896,0.9954147787772277,0.15797065,0.2621152,0.5954398954149742,0.955352020372182,0.50965667,0.7216611,0.1917211743763401,0.21119936328949732,0.0724315236674826,0.11523652461689943
EvidentialRegression,0.969988145871205,0.9959332491217939,0.14564563,0.23494986,0.7777690287246215,0.9657988689454798,0.40672946,0.62840205,0.11302506615486034,0.037980068574922594,-0.3096464580162504,-0.3496875017184548
EvidentialRegression,0.9814244063538997,0.9957247162260616,0.108099416,0.2547228,0.7645877153769784,0.9641530531373036,0.41272852,0.6555522,0.2765415291291799,0.4233310743810388,-0.2186189762625574,-0.12960620173857465
EvidentialRegression,0.9840246203025343,0.9956174337191447,0.09704176,0.2513445,0.49592228321155296,0.939275512624171,0.5294561,0.78431374,0.16138620480844665,0.18898087347488698,0.12499101496401412,-0.041005633974141247
EvidentialRegression,0.9776633325222386,0.9910351718060832,0.11436481,0.36103123,-0.5139618996157216,0.91252574357889,0.8450004,0.9950703,0.03597884724785614,0.07029216244022339,0.1050229804133139,0.08099681439533757
