{"train_error_energy": 2.0883718319797664, "train_error_force": 2.5165403440069554, "train_loss": -0.4994385051727295, "valid_error_energy": 1.8404252041613416, "valid_error_force": 3.2736553806060122, "valid_loss": -0.37891885212489534, "test_error_energy": 0.0, "test_error_force": 0.0, "test_loss": 0.0, "lr": 0.0001, "_timestamp": 1733424565.8242636, "_runtime": 1714.457835674286, "_step": 3999, "_wandb": {"runtime": 1714}}