{"train_error_energy": 6.5541933227680325, "train_error_force": 3.369588262632172, "train_loss": 1.566085775321889, "valid_error_energy": 7.858324823473335, "valid_error_force": 3.7090912580689923, "valid_loss": 1.7669578790664673, "test_error_energy": 9.608414917547211, "test_error_force": 11.17877800336245, "test_loss": 4.383456027944675, "lr": 0.001, "dataset_size": 3421, "max_uncertainty": 4, "_timestamp": 1733584146.8333898, "_runtime": 235.21356964111328, "_step": 19, "_wandb": {"runtime": 234}}