{"train_error_energy": 2.953791051658619, "train_error_force": 4.054471155662295, "train_loss": 1.3351182873184617, "valid_error_energy": 2.0393347451953407, "valid_error_force": 4.278814316192998, "valid_loss": 1.10526704788208, "test_error_energy": 8.799590255139117, "test_error_force": 11.021112761464764, "test_loss": 8.308979780886185, "lr": 0.0001, "dataset_size": 1158, "max_uncertainty": 6, "_timestamp": 1733229078.511322, "_runtime": 210.627445936203, "_step": 19, "_wandb": {"runtime": 210}}