{"train_error_energy": 3.093450769143492, "train_error_force": 4.716953263362723, "train_loss": 1.5997789627627323, "valid_error_energy": 3.5489788933327304, "valid_error_force": 4.741892658904641, "valid_loss": 1.707609474658966, "test_error_energy": 7.150341674362243, "test_error_force": 9.255583452156465, "test_loss": 5.851756295608601, "lr": 0.0001, "dataset_size": 1190, "max_uncertainty": 8, "_timestamp": 1733298953.1827865, "_runtime": 223.74585843086243, "_step": 19, "_wandb": {"runtime": 223}}