{"train_error_energy": 6.3951317450884595, "train_error_force": 3.319673147993441, "train_loss": -0.8081442396691505, "valid_error_energy": 5.496735719540339, "valid_error_force": 3.803554523849657, "valid_loss": -0.5411726534366608, "test_error_energy": 10.196936996684645, "test_error_force": 10.391651959586056, "test_loss": 4.3159561119778616, "lr": 0.001, "dataset_size": 1491, "max_uncertainty": 4, "_timestamp": 1732788808.2429647, "_runtime": 171.30653285980225, "_step": 19, "_wandb": {"runtime": 170}}