{"train_error_energy": 0.0, "train_error_force": 0.0, "train_loss": 0.0, "valid_error_energy": 0.0, "valid_error_force": 0.0, "valid_loss": 0.0, "test_error_energy": 19.99027385078954, "test_error_force": 14.350190743932854, "test_loss": 6.139381426167113, "lr": null, "dataset_size": 800, "max_uncertainty": 6, "_timestamp": 1733517084.2915509, "_runtime": 163.00112390518188, "_step": 0, "_wandb": {"runtime": 162}}