{"train_error_energy": 2.5381893745510995, "train_error_force": 3.159565801129215, "train_loss": 0.8324144186741178, "valid_error_energy": 3.1053993091924363, "valid_error_force": 3.117604918426468, "valid_loss": 1.0246537685394288, "test_error_energy": 9.522596988287942, "test_error_force": 10.885088106655612, "test_loss": 11.455251828538186, "lr": 0.0001, "dataset_size": 8858, "max_uncertainty": 4, "_timestamp": 1733342271.4116058, "_runtime": 312.645712852478, "_step": 19, "_wandb": {"runtime": 312}}