Method,Energy R2 Score In Distribution,Forces R2 Score In Distribution,Energy Errors In Distribution,Force Errors In Distribution,Energy R2 Score Out Distribution,Force R2 Score Out Distribution,Energy Errors Out Distribution,Force Errors Out Distribution,Energy Correlation In Distribution Energies,Energy Correlation In Distribution Forces,Energy Correlation Out Distribution Energy,Energy Correlation Out Distribution Forces,Force Correlation In Distribution Energy,Force Correlation In Distribution Forces,Force Correlation Out Distribution Energy,Force Correlation Out Distribution Forces
SWAG,0.5213875597813438,0.9962381589649228,9.97909,3.6629734,0.16673474924862575,0.9641324985007452,14.232228,9.557528,0.006265331657906072,-0.0020742499066970367,0.0061289644878172985,0.01259221968665629,-0.04030296909469641,0.02613602101702545,-0.03009509962044462,0.02079576130353331
SWAG,-1.4028769239781829,0.9934553116967927,22.768368,4.951831,-0.1604484695500108,0.9223994986239036,17.176672,13.248356,-0.017752132125022274,0.019160691871912723,0.008550267028594792,0.04296792292204617,-0.02645877108749841,0.010706948501525572,0.026936454517319852,0.15488389400356184
SWAG,-6.331011886602453,0.9929586251675434,39.850418,4.9301877,-3.224527424251521,0.9417404135702453,35.403477,11.7250395,0.0024192210365547714,-0.024013537235238497,-0.015703197044094272,-0.03046591216508051,-0.008060555074174483,0.0035531405554403896,-0.0007656533895491498,-0.03829058037322168
SWAG,0.4001093667881447,0.9909574071217536,11.177995,6.046363,-0.8182553358284645,0.9385058845717161,19.815792,12.53335,0.009169549440089526,0.04985411654969782,0.12709572083334025,0.16831509738580214,0.0005109102528532955,0.05333789217549225,0.070481646769781,0.11493077094230207
SWAG,0.7613322443250341,0.9968900021019449,7.0437126,3.2990189,0.787099724975978,0.9387852648638382,6.357152,10.9524145,0.025874131239174293,0.05134552216682191,0.052212978270270376,0.10830351760288372,-0.002113254636087073,0.10419033919985084,0.0714500116971401,0.15442327107351933
