{"train_error_energy": 12.153987571305972, "train_error_force": 5.295639502700522, "train_loss": 2.5852904319763184, "valid_error_energy": 9.418760583138864, "valid_error_force": 6.390886832604547, "valid_loss": 2.7687206268310547, "test_error_energy": 9.791555715445966, "test_error_force": 10.829096744467584, "test_loss": 4.2787074318731015, "lr": 0.001, "dataset_size": 1889, "max_uncertainty": 8, "_timestamp": 1733618592.753992, "_runtime": 206.71628212928772, "_step": 19, "_wandb": {"runtime": 206}}