Method ,Energy R2 Score In Distribution ,Forces R2 Score In Distribution ,Correlation In Distribution ,Energy Losses In Distribution ,Forces Losses In Distribution ,Energy R2 Score Out Distribution ,Forces R2 Score Out Distribution ,Correlation Out Distribution ,Energy Losses Out Distribution ,Forces Losses Out Distribution
MVE    ,0.21900875182058444             ,             0.9925841510033285 ,-0.18462396192975258        ,                   12.805372  ,                    5.0206647 ,             0.43475468084158064 ,              0.9345656360615403 ,         0.1777780255623575  ,                     11.346687 ,                     12.526033
MVE    ,-0.03441981308076447            ,             0.9935692484618371 ,-0.11982847025643802        ,                   14.738053  ,                    4.881623  ,             0.45073228534170307 ,              0.9766876503468008 ,         0.09876086286593402 ,                     11.006594 ,                      8.412866
MVE    ,0.8091433143332332              ,             0.9932225872435708 ,0.1022965141810821          ,                    5.8567905 ,                    4.8288665 ,             0.18029466278881567 ,              0.9710819937342414 ,         0.2901626981842172  ,                     12.988818 ,                      9.126046
MVE    ,0.5300009377084642              ,             0.9888200627371972 ,-0.13969826027372176        ,                    9.708847  ,                    6.122185  ,             0.6333892379713684  ,              0.9665785372519035 ,         0.02490457282623458 ,                      8.839878 ,                     10.032344
MVE    ,0.8402367277971834              ,             0.9915629638613668 ,-0.13613356710183705        ,                    5.1933947 ,                    5.314174  ,             0.37016108370609835 ,              0.9605430921202882 ,         0.46715009567480403 ,                     10.996506 ,                     10.466568
