{"train_error_energy": 1.1529823525595246, "train_error_force": 2.4084513207577656, "train_loss": 1.0783451816865377, "valid_error_energy": 1.2167885740674333, "valid_error_force": 2.5832248423545336, "valid_loss": 1.2670762538909912, "test_error_energy": 12.573277021040058, "test_error_force": 10.360983362727552, "test_loss": 5.839303877965318, "lr": 0.0001, "dataset_size": 888, "_timestamp": 1732209430.034034, "_runtime": 345.2581031322479, "_step": 19, "_wandb": {"runtime": 344}}