{"train_error_energy": 4.055940357354628, "train_error_force": 3.5552350651368316, "train_loss": 1.4459786856011168, "valid_error_energy": 3.2484743000964356, "valid_error_force": 3.7292314596490153, "valid_loss": 1.2647140622138977, "test_error_energy": 12.097081677285257, "test_error_force": 13.304685895782585, "test_loss": 11.317085505780126, "lr": 0.0001, "dataset_size": 2327, "max_uncertainty": 4, "_timestamp": 1733224455.3852727, "_runtime": 227.62284064292908, "_step": 19, "_wandb": {"runtime": 227}}