{"train_error_energy": 9.33672464470437, "train_error_force": 4.0993067498616185, "train_loss": 1.9964606737915849, "valid_error_energy": 5.180433930546942, "valid_error_force": 3.292400197979781, "valid_loss": 1.4483255624771119, "test_error_energy": 10.030037429812316, "test_error_force": 11.770906030949707, "test_loss": 4.609799187844961, "lr": 0.001, "dataset_size": 8731, "max_uncertainty": 4, "_timestamp": 1733617581.265448, "_runtime": 295.92457604408264, "_step": 19, "_wandb": {"runtime": 295}}