{"train_error_energy": 1.7818994575756277, "train_error_force": 1.8098076793478926, "train_loss": -2.6584311756369186, "valid_error_energy": 1.0377854043289496, "valid_error_force": 2.28532544101407, "valid_loss": -2.0464972257614136, "test_error_energy": 8.364071099041892, "test_error_force": 6.334523433408536, "test_loss": 3.9704604885340986, "lr": 0.0001, "dataset_size": 4659, "max_uncertainty": 5, "_timestamp": 1733166215.829907, "_runtime": 226.67891883850098, "_step": 19, "_wandb": {"runtime": 226}}