Method ,Energy R2 Score In Distribution ,Forces R2 Score In Distribution ,Correlation In Distribution ,Energy Losses In Distribution ,Forces Losses In Distribution ,Energy R2 Score Out Distribution ,Forces R2 Score Out Distribution ,Correlation Out Distribution ,Energy Losses Out Distribution ,Forces Losses Out Distribution
SWAG   ,            0.4080766194154698  ,             0.9031106833058616 ,-0.001078755302258701       ,                    9.837513  ,                    18.985535 ,0.10050931174653                 ,0.8858214743445206               ,-0.028538983816954036        ,                    14.2754545 ,                     20.540312
SWAG   ,            0.834271181323919   ,             0.9421519664313864 ,0.01825340307011675         ,                    4.9213037 ,                    14.205456 ,0.5356606965132726               ,0.920963091931203                ,-0.014575446279216952        ,                     9.844081  ,                     16.32803
SWAG   ,            0.20703705812103812 ,             0.9391303526295586 ,0.017534378636596088        ,                   11.996588  ,                    14.838263 ,-0.7174492837140061              ,0.9143791294159724               ,0.007617165811446342         ,                    20.024263  ,                     17.267262
SWAG   ,            0.4791546868396276  ,             0.891370237132155  ,-0.0016609563219859287      ,                    9.023461  ,                    19.770817 ,0.5041399113834432               ,0.8807545291398423               ,-0.014645712137173533        ,                    10.281157  ,                     20.687283
SWAG   ,            0.6612344551102061  ,             0.888775609555941  ,0.009946837198088643        ,                    7.1458282 ,                    19.919907 ,-8.264591531218747               ,-2.151286132759544               ,0.6488121276952084           ,                    15.152973  ,                     24.800058
