Method,Energy R2 Score In Distribution,Forces R2 Score In Distribution,Energy Errors In Distribution,Force Errors In Distribution,Energy R2 Score Out Distribution,Force R2 Score Out Distribution,Energy Errors Out Distribution,Force Errors Out Distribution,Energy Correlation In Distribution Energies,Energy Correlation In Distribution Forces,Energy Correlation Out Distribution Energy,Energy Correlation Out Distribution Forces
MVE,0.993872059708003,0.9978484519415053,0.8359155,2.6089222,0.49136134516724617,0.9229551827695802,8.40648,12.59864,0.002743525151385857,0.027087252607830316,0.26452542556864594,0.5199687591194382
MVE,0.9952168111940476,0.9985956227658662,0.71437335,2.0925498,0.32384675660897244,0.963977344590913,10.159772,8.987818,0.4498079500775174,0.5338360662461084,0.23128915324583924,0.6458234440123967
MVE,0.9951410004675404,0.998196030664323,0.7557402,2.1719892,0.3891504282244167,0.8861829553567447,8.582563,13.338621,0.2804879062462568,0.5275515568105896,0.45185391240873074,0.4928646520809302
MVE,0.9937475400274449,0.9988128219534821,0.90358806,1.9906399,0.2077706146963746,0.9436991175199934,11.01491,10.348875,0.018175999596138574,0.34536975040202217,0.13384517819879727,0.5474668301794486
MVE,0.9964365487552934,0.9990741138278696,0.601244,1.7536424,0.2701694016326672,0.9504914935356664,10.963365,9.649086,0.2297734949986336,0.37017736804367,0.23716888608472356,0.6461338525632982
