{"train_error_energy": 1.7526615764828641, "train_error_force": 2.865235461798704, "train_loss": 1.305580262094736, "valid_error_energy": 2.8258137474078757, "valid_error_force": 2.7408095782807966, "valid_loss": 1.4463727474212646, "test_error_energy": 9.835522608001463, "test_error_force": 9.021007816269279, "test_loss": 4.899478907360456, "lr": 0.0001, "dataset_size": 997, "max_uncertainty": 6, "_timestamp": 1732408314.269409, "_runtime": 368.2925479412079, "_step": 19, "_wandb": {"runtime": 368}}