{"train_error_energy": 8.623497308567382, "train_error_force": 4.295907996690291, "train_loss": 2.0145144632884433, "valid_error_energy": 9.576493171378024, "valid_error_force": 4.490474699546116, "valid_loss": 2.1433920860290527, "test_error_energy": 12.30245225182751, "test_error_force": 10.780599315883174, "test_loss": 4.430510835497791, "lr": 0.001, "dataset_size": 1091, "max_uncertainty": 6, "_timestamp": 1733541850.6032124, "_runtime": 195.8255593776703, "_step": 19, "_wandb": {"runtime": 195}}