{"train_error_energy": 0.0, "train_error_force": 0.0, "train_loss": 0.0, "valid_error_energy": 0.0, "valid_error_force": 0.0, "valid_loss": 0.0, "test_error_energy": 14.464109999720712, "test_error_force": 12.648549362864324, "test_loss": 5.200192404042988, "lr": null, "dataset_size": 800, "max_uncertainty": 8, "_timestamp": 1733517541.3173406, "_runtime": 148.65066766738892, "_step": 0, "_wandb": {"runtime": 148}}