{"train_error_energy": 1.3292924293567532, "train_error_force": 2.8848718972456817, "train_loss": 0.10263863205909729, "valid_error_energy": 0.8394426844584558, "valid_error_force": 3.0686174391193797, "valid_loss": -0.11029677391052246, "test_error_energy": 10.518983844099601, "test_error_force": 16.258692209238205, "test_loss": 26.578329335956674, "lr": 0.0001, "dataset_size": 8270, "max_uncertainty": 3, "_timestamp": 1732948412.2023408, "_runtime": 305.65264081954956, "_step": 19, "_wandb": {"runtime": 305}}