{"train_error_energy": 1.7914565928766932, "train_error_force": 3.046608308596841, "train_loss": 1.3877695059776307, "valid_error_energy": 2.0506426637675643, "valid_error_force": 2.7837851687831514, "valid_loss": 1.3884861469268799, "test_error_energy": 10.595862127099807, "test_error_force": 8.893708602332417, "test_loss": 4.926010074415756, "lr": 0.0001, "dataset_size": 1597, "max_uncertainty": 4, "_timestamp": 1732437846.7871053, "_runtime": 399.1893973350525, "_step": 19, "_wandb": {"runtime": 398}}