{"train_error_energy": 1.7869290390461718, "train_error_force": 1.87933680230966, "train_loss": -2.5636568214442277, "valid_error_energy": 0.8284981545100812, "valid_error_force": 1.9043787241124648, "valid_loss": -2.594306230545044, "test_error_energy": 7.81933052582338, "test_error_force": 6.309434160577559, "test_loss": 3.6161835980040866, "lr": 0.0001, "dataset_size": 4718, "max_uncertainty": 4, "_timestamp": 1732914456.2990913, "_runtime": 283.75226044654846, "_step": 19, "_wandb": {"runtime": 283}}