{"train_error_energy": 0.0, "train_error_force": 0.0, "train_loss": 0.0, "valid_error_energy": 0.0, "valid_error_force": 0.0, "valid_loss": 0.0, "test_error_energy": 12.426627648476801, "test_error_force": 10.718952311275114, "test_loss": 6.042872706008831, "lr": null, "dataset_size": 800, "max_uncertainty": 6, "_timestamp": 1733666993.124094, "_runtime": 270.14443612098694, "_step": 0, "_wandb": {"runtime": 269}}