{"train_error_energy": 2.4865989213226865, "train_error_force": 1.9487438563151276, "train_loss": -2.4261901676654816, "valid_error_energy": 1.167557390802432, "valid_error_force": 1.9137285644384485, "valid_loss": -2.5597227414449057, "test_error_energy": 9.952393649925847, "test_error_force": 6.956812610026219, "test_loss": 4.474119539660309, "lr": 0.0001, "dataset_size": 4349, "max_uncertainty": 4, "_timestamp": 1732890058.230827, "_runtime": 248.43548202514648, "_step": 19, "_wandb": {"runtime": 248}}