{"train_error_energy": 4.054378762733332, "train_error_force": 3.5937834964467417, "train_loss": 1.5494408033512257, "valid_error_energy": 2.5219042089266264, "valid_error_force": 3.8444694227410228, "valid_loss": 1.1038858890533447, "test_error_energy": 10.030430320776754, "test_error_force": 11.82873326410589, "test_loss": 10.25817605962304, "lr": 0.0001, "dataset_size": 1697, "max_uncertainty": 4, "_timestamp": 1733221360.7931669, "_runtime": 214.30245280265808, "_step": 19, "_wandb": {"runtime": 214}}