Method,Energy R2 Score In Distribution,Forces R2 Score In Distribution,Energy Losses In Distribution,Force Losses In Distribution,Energy R2 Score Out Distribution,Force R2 Score Out Distribution,Energy Losses Out Distribution,Force Losses Out Distribution,Energy Correlation In Distribution Energies,Energy Correlation In Distribution Forces,Energy Correlation Out Distribution Energy,Energy Correlation Out Distribution Forces,Force Correlation In Distribution Energy,Force Correlation In Distribution Forces,Force Correlation Out Distribution Energy,Force Correlation Out Distribution Forces
SWAG,0.936020121717924,0.995174733654779,0.22476934,0.27631006,0.6908083406443408,0.9682442940918491,0.46286514,0.6161501,0.01609447424708626,0.004174328298802938,0.00018977351535196858,0.021387969074313725,-0.0032295061160103524,0.021056134340956677,0.005161648795896262,0.03033964118236906
SWAG,0.9900574083775051,0.9979415362516258,0.0800124,0.16825034,0.5022436686173832,0.9750278723480768,0.6243327,0.5363739,0.05097416085680114,0.20883692831236855,-0.12529506799474574,0.10020771814159139,0.009269763349666485,0.15477506636508526,0.01771522459905763,0.18782960108660687
SWAG,0.9087209405725944,0.9958621401157784,0.28116864,0.2600666,0.591391479994092,0.9637961019119873,0.53309333,0.6394322,-0.03527618597166418,0.006257495027505453,0.027109701611008636,0.04038483296789056,0.005192402109439423,-0.002673745119398304,0.030689134737809216,0.05445772103074046
SWAG,0.9321417064551061,0.9951494920182978,0.24359222,0.25728467,0.7088539474485887,0.8742597588601307,0.43245888,1.0367849,0.005345660206559719,-0.020817432249773893,-0.04231797111870731,-0.050556675573813666,0.0010681294445087901,0.03509160319517284,0.04489438021511197,0.06412489869890904
SWAG,0.8627022876608871,0.9960715247475974,0.35229424,0.25037095,0.3129788727691861,0.9003053550614162,0.78866667,0.8899207,0.006551443639865422,-0.0036339588519787975,-0.0037891873765048285,-0.02418696622773372,-6.800620994106301e-05,0.0056885814139387425,0.006417994443039187,0.04628879209671799
