{"train_error_energy": 0.0, "train_error_force": 0.0, "train_loss": 0.0, "valid_error_energy": 0.0, "valid_error_force": 0.0, "valid_loss": 0.0, "test_error_energy": 14.464109724590248, "test_error_force": 12.648549222967478, "test_loss": 5.200192344126277, "lr": null, "dataset_size": 800, "max_uncertainty": 4, "_timestamp": 1733560560.6856976, "_runtime": 153.48400259017944, "_step": 0, "_wandb": {"runtime": 153}}