{"train_loss_energy": 0.20753892689943312, "train_loss_force": 2.3777308236610293, "train_loss_total": 19.18707761431575, "valid_loss_energy": 1.7949489423881684, "valid_loss_force": 3.4846213477030394, "valid_loss_total": 1.8646492276872908, "lr": 0.00021599999999999996, "_timestamp": 1731697558.0381453, "_runtime": 6679.622011184692, "_step": 5999, "_wandb": {"runtime": 6679}}