{"train_error_energy": 4.516798015925229, "train_error_force": 4.51395030274829, "train_loss": 1.8850540572946721, "valid_error_energy": 2.428941955858661, "valid_error_force": 4.783777393261095, "valid_loss": 1.5210183262825012, "test_error_energy": 6.212616958412982, "test_error_force": 8.287998488970388, "test_loss": 4.180967057562623, "lr": 0.0001, "dataset_size": 1400, "max_uncertainty": 8, "_timestamp": 1733421728.694939, "_runtime": 211.59697580337524, "_step": 19, "_wandb": {"runtime": 211}}