{"train_error_energy": 2.3082401345483996, "train_error_force": 3.4808276476069544, "train_loss": 1.5779862781850302, "valid_error_energy": 1.8748012845666824, "valid_error_force": 3.116525685609985, "valid_loss": 1.6120071411132812, "test_error_energy": 6.29879615728635, "test_error_force": 6.204901216029034, "test_loss": 3.281323201993373, "lr": 0.0001, "dataset_size": 1302, "max_uncertainty": 8, "_timestamp": 1732628789.1040797, "_runtime": 390.04371666908264, "_step": 19, "_wandb": {"runtime": 389}}