{"train_error_energy": 4.350365759216167, "train_error_force": 4.179553659568258, "train_loss": 1.7581907822972251, "valid_error_energy": 3.7778654071531137, "valid_error_force": 4.187655571872475, "valid_loss": 1.5709852576255798, "test_error_energy": 9.928764527104775, "test_error_force": 10.69335435019736, "test_loss": 6.833031669337088, "lr": 0.0001, "dataset_size": 1339, "max_uncertainty": 6, "_timestamp": 1733236667.578113, "_runtime": 224.08166217803955, "_step": 19, "_wandb": {"runtime": 223}}