{"lr":0.001,"_timestamp":1.7265632874681914e+09,"train_loss_energy":1.8743464691298348,"train_loss_total":1.7788750444139754,"_runtime":1064.790936633,"_step":3591,"train_loss_force":63.372581481933594,"valid_loss_energy":13.138495445251465,"valid_loss_force":65.6183853149414,"_wandb":{"runtime":1065},"valid_loss_total":12.796092510223389}