{"train_error_energy": 4.564746066233643, "train_error_force": 4.507653853782001, "train_loss": 1.899034772068262, "valid_error_energy": 5.126055942953745, "valid_error_force": 4.457136675017807, "valid_loss": 2.0149857997894287, "test_error_energy": 10.237934886465153, "test_error_force": 9.585276403637236, "test_loss": 7.1948606730755715, "lr": 0.0001, "dataset_size": 2028, "max_uncertainty": 6, "_timestamp": 1733271212.0288074, "_runtime": 223.66840028762817, "_step": 19, "_wandb": {"runtime": 223}}