{"train_loss_energy": 3.5663425926164383, "train_loss_force": 3.095329764211893, "train_loss_total": 1.0956465077400208, "valid_loss_energy": 2.502693202115595, "valid_loss_force": 3.871773253760381, "valid_loss_total": 1.1151908125196184, "lr": 0.001, "_timestamp": 1731518842.5699127, "_runtime": 2690.8745527267456, "_step": 5999, "_wandb": {"runtime": 2690}}