{"train_error_energy": 1.526175513757836, "train_error_force": 1.886293927812967, "train_loss": -2.5718038347032337, "valid_error_energy": 2.069222177303779, "valid_error_force": 2.1419458090292216, "valid_loss": -2.1941643953323364, "test_error_energy": 11.64168312813147, "test_error_force": 9.785050973784733, "test_loss": 8.167176019458871, "lr": 0.0001, "dataset_size": 2583, "max_uncertainty": 3, "_timestamp": 1732822458.6744773, "_runtime": 237.44337439537048, "_step": 19, "_wandb": {"runtime": 237}}