{"train_error_energy": 1.6953896961550186, "train_error_force": 1.7879206981727749, "train_loss": -2.694440820760894, "valid_error_energy": 1.4908139091428605, "valid_error_force": 2.0679531487296123, "valid_loss": -2.31551186243693, "test_error_energy": 13.748920881838808, "test_error_force": 8.617949899873418, "test_loss": 7.330758853732603, "lr": 0.0001, "dataset_size": 3637, "max_uncertainty": 5, "_timestamp": 1733093944.1816692, "_runtime": 238.4085123538971, "_step": 19, "_wandb": {"runtime": 238}}