{"train_error_energy": 3.2191742449438596, "train_error_force": 4.532639483344153, "train_loss": 1.5478389676254574, "valid_error_energy": 3.4469624674530497, "valid_error_force": 4.502888727100736, "valid_loss": 1.6130185723304749, "test_error_energy": 7.485261626659715, "test_error_force": 8.487326541029299, "test_loss": 5.4857872593465276, "lr": 0.0001, "dataset_size": 3219, "max_uncertainty": 6, "_timestamp": 1733338991.485297, "_runtime": 256.071035861969, "_step": 19, "_wandb": {"runtime": 255}}