{"train_error_energy": 14.743730514790439, "train_error_force": 6.837394337878476, "train_loss": 3.274473786354065, "valid_error_energy": 3.4479836281562743, "valid_error_force": 6.287707739779405, "valid_loss": 2.3346283435821533, "test_error_energy": 8.656938173798363, "test_error_force": 11.873190555727216, "test_loss": 4.552135190414509, "lr": 0.001, "dataset_size": 1261, "max_uncertainty": 4, "_timestamp": 1733572130.5950794, "_runtime": 204.28593850135803, "_step": 19, "_wandb": {"runtime": 204}}