{"train_loss_energy": 1.2480464553833008, "train_loss_force": 0.8685027050971985, "train_loss_total": 5.590559978485107, "valid_loss_energy": 0.711575984954834, "valid_loss_force": 0.9224087340491158, "valid_loss_total": 5.323619706290109, "lr": 0.001, "_timestamp": 1731493004.0367637, "_runtime": 228.18025064468384, "_step": 520}