{"train_loss_energy": 0.45910933443009105, "train_loss_force": 61.73341552660084, "train_loss_total": 2.044669532775879, "valid_loss_energy": 11.978611194483724, "valid_loss_force": 65.20337985275131, "valid_loss_total": 8.898689133780342, "lr": 0.0001, "_timestamp": 1731503690.9322114, "_runtime": 716.230785369873, "_step": 1558}