{"train_error_energy": 10.948510239736974, "train_error_force": 4.908467911704788, "train_loss": 2.3750702922378104, "valid_error_energy": 9.009030205085185, "valid_error_force": 6.115885649997092, "valid_loss": 2.6492848992347717, "test_error_energy": 15.043268419249735, "test_error_force": 13.235895772227405, "test_loss": 5.435478050671323, "lr": 0.001, "dataset_size": 6751, "max_uncertainty": 4, "_timestamp": 1733604479.2277062, "_runtime": 271.7947211265564, "_step": 19, "_wandb": {"runtime": 271}}