{"train_error_energy": 1.5989898534710247, "train_error_force": 2.079461165218672, "train_loss": -2.3226022720336914, "valid_error_energy": 2.828402276229286, "valid_error_force": 2.2520113905304733, "valid_loss": -2.027583122253418, "test_error_energy": 14.435532576247146, "test_error_force": 10.68875781549992, "test_loss": 8.7228819936982, "lr": 0.0001, "dataset_size": 958, "max_uncertainty": 4, "_timestamp": 1732801931.2435937, "_runtime": 173.5488486289978, "_step": 19, "_wandb": {"runtime": 173}}