{"train_error_energy": 4.098769505701476, "train_error_force": 3.553448792349372, "train_loss": 1.4570501718190636, "valid_error_energy": 5.613697141821827, "valid_error_force": 3.742782881201034, "valid_loss": 1.9861787557601929, "test_error_energy": 13.13633921262313, "test_error_force": 15.261972081834484, "test_loss": 10.88355620119584, "lr": 0.0001, "dataset_size": 3218, "max_uncertainty": 4, "_timestamp": 1732928725.8022454, "_runtime": 261.63804745674133, "_step": 19, "_wandb": {"runtime": 261}}