{"train_error_energy": 4.525666082876911, "train_error_force": 4.6309287298676, "train_loss": 1.9387910664081573, "valid_error_energy": 2.4525635895352647, "valid_error_force": 4.77086770418764, "valid_loss": 1.528918445110321, "test_error_energy": 8.080283586042999, "test_error_force": 9.036474354523456, "test_loss": 5.0652763406643695, "lr": 0.0001, "dataset_size": 1251, "max_uncertainty": 8, "_timestamp": 1733311218.565429, "_runtime": 210.7160530090332, "_step": 19, "_wandb": {"runtime": 210}}