Method,Energy R2 Score In Distribution,Forces R2 Score In Distribution,Energy Losses In Distribution,Forces Losses In Distribution,Energy R2 Score Out Distribution,Forces R2 Score Out Distribution,Energy Losses Out Distribution,Forces Losses Out Distribution,Energy Correlation In Distribution Energies,Energy Correlation In Distribution Forces,Energy Correlation Out Distribution Energy,Energy Correlation Out Distribution Forces,Force Correlation In Distribution Energy,Force Correlation In Distribution Forces,Force Correlation Out Distribution Energy,Force Correlation Out Distribution Forces
SWAG,0.8784773976767564,0.9515256519672554,3.7738798,12.666177,-0.934861417798039,0.686695619353145,16.823107,31.730314,0.24885763981936704,0.69130857140424,0.5007561500366041,0.8551621695472374,0.26075142228165676,0.6970429900493071,0.5066622494549791,0.8556613918326581
SWAG,0.957745044875968,0.9827422079991838,2.2191842,7.2830505,-1.432378784701486,0.7929032061856137,17.654688,22.869263,0.21862724167254471,0.5738187182250089,0.7445826470657279,0.7718126690270066,0.2231509978642013,0.5718186002486826,0.7385294760394872,0.7662185690906749
SWAG,0.883795831218868,0.936812439914681,3.8745844,14.758451,0.28241204964865885,0.7731473637519012,11.364116,27.671715,0.16670176184168817,0.5556889514161756,0.38206428521307284,0.7370802926120754,0.17629472315051767,0.5695795054691798,0.38624681162770663,0.7409219282043101
SWAG,0.761968669155188,0.8864590641510907,5.4479365,20.572557,-0.8689310086840649,0.649878985449523,18.469172,35.135513,0.07711834822854563,0.4168967169610103,0.30446695391256007,0.6631158903990371,0.08229605899448927,0.40302987515798583,0.30404492188006776,0.6690046558835268
SWAG,0.9515184228672378,0.9777372777475518,2.5455284,8.052734,0.4595193077852391,0.8496309610380116,8.965948,19.114891,0.09933304251775545,0.5615118380357725,0.666320418285879,0.8258121615146369,0.11415507388026774,0.5576847700064977,0.6708528449752662,0.8289040506689418
