{"train_error_energy": 1.49470507151202, "train_error_force": 2.243972515777759, "train_loss": -2.1394182349506177, "valid_error_energy": 1.1985952801648305, "valid_error_force": 2.4654246254003347, "valid_loss": -1.9133669137954712, "test_error_energy": 13.644183354474878, "test_error_force": 9.323705787445586, "test_loss": 6.410716918126451, "lr": 0.0001, "dataset_size": 1192, "max_uncertainty": 6, "_timestamp": 1733078948.1213245, "_runtime": 217.10710954666138, "_step": 19, "_wandb": {"runtime": 216}}