Method,Energy R2 Score In Distribution,Forces R2 Score In Distribution,Energy Errors In Distribution,Force Errors In Distribution,Energy R2 Score Out Distribution,Force R2 Score Out Distribution,Energy Errors Out Distribution,Force Errors Out Distribution,Energy Correlation In Distribution Energies,Energy Correlation In Distribution Forces,Energy Correlation Out Distribution Energy,Energy Correlation Out Distribution Forces
MVE,0.9889790180231047,0.9969411262985984,1.1820346,3.158583,0.6461434939519864,0.94838111978678,7.1889353,9.238437,0.12012343355144187,0.2751988397605782,0.3353514174746533,0.8270188239602575
MVE,0.9907981215046776,0.9965587501825898,1.1329156,3.2522433,0.6915343833079846,0.9285131503751867,6.3268437,12.067538,0.14948443531864133,0.3540296609176622,0.586249168094164,0.7535296101359766
MVE,0.9930455190401931,0.9971065395550459,0.9095121,3.079972,0.35248005495025414,0.9557743723442577,9.2601,10.39878,0.10939051182482601,0.27099412695353603,0.5739943771367966,0.5795351038451501
MVE,0.9929012639571837,0.9963544496772622,0.8731613,3.4147458,-0.006309811385317721,0.9273370143522918,11.519022,12.926485,0.1312385792235244,0.2938243212336905,0.5184322500780942,0.704869363404478
MVE,0.984789999427068,0.9960979860474306,1.4713056,3.558103,0.7358593056030762,0.9632877239451499,6.420611,9.559328,0.06179880320176665,0.3330910837231223,0.16278771187758595,0.1121450573452307
