{"train_error_energy": 2.5415293489384747, "train_error_force": 3.3271267364062913, "train_loss": 0.8957160093954631, "valid_error_energy": 2.1984699263846985, "valid_error_force": 3.8863051698853734, "valid_loss": 0.9651791453361511, "test_error_energy": 10.129203024365395, "test_error_force": 12.346896686928726, "test_loss": 9.809338509724402, "lr": 0.0001, "dataset_size": 890, "max_uncertainty": 4, "_timestamp": 1732914348.849272, "_runtime": 197.03638195991516, "_step": 19, "_wandb": {"runtime": 196}}