{"train_loss_energy": 2.178016569910109, "train_loss_force": 2.123576093626678, "train_loss_total": 0.4748269271850586, "valid_loss_energy": 1.4291148138774292, "valid_loss_force": 2.795072275107247, "valid_loss_total": -0.10208607252155032, "lr": 0.0001, "_timestamp": 1731533327.7891304, "_runtime": 2678.151092529297, "_step": 5999, "_wandb": {"runtime": 2677}}