{"train_error_energy": 2.706982822535239, "train_error_force": 3.3696617545868754, "train_loss": 0.9782585708221586, "valid_error_energy": 2.3961543137917998, "valid_error_force": 3.4229693103064656, "valid_loss": 0.8718904107809067, "test_error_energy": 9.482424149480874, "test_error_force": 11.24158763469563, "test_loss": 9.648845230721678, "lr": 0.0001, "dataset_size": 6441, "max_uncertainty": 4, "_timestamp": 1732962493.696037, "_runtime": 270.6526629924774, "_step": 19, "_wandb": {"runtime": 270}}