{"train_error_energy": 1.763147687851283, "train_error_force": 2.0325760815317575, "train_loss": -2.3694125211664607, "valid_error_energy": 0.9331499996221527, "valid_error_force": 2.0278036008043245, "valid_loss": -2.4305370648701987, "test_error_energy": 11.125384040621647, "test_error_force": 8.040818105324767, "test_loss": 5.588860247147645, "lr": 0.0001, "dataset_size": 3565, "max_uncertainty": 4, "_timestamp": 1732849020.0576758, "_runtime": 235.96838879585266, "_step": 19, "_wandb": {"runtime": 235}}