{"train_error_energy": 18.54764792504656, "train_error_force": 8.608531508050941, "train_loss": 4.121662548610142, "valid_error_energy": 2.893098462574886, "valid_error_force": 6.0322347526043885, "valid_loss": 2.212013006210327, "test_error_energy": 11.517397157015413, "test_error_force": 11.087373895130217, "test_loss": 4.480622191703756, "lr": 0.001, "dataset_size": 1565, "max_uncertainty": 4, "_timestamp": 1733526158.7295024, "_runtime": 210.11757850646973, "_step": 19, "_wandb": {"runtime": 209}}