{"train_error_energy": 10.41590622135652, "train_error_force": 6.139650482201442, "train_loss": 2.7513857275247573, "valid_error_energy": 9.21406083728745, "valid_error_force": 5.661297570485103, "valid_loss": 2.510899066925049, "test_error_energy": 14.929245131504256, "test_error_force": 10.8013718430447, "test_loss": 4.61324804365947, "lr": 0.001, "dataset_size": 1269, "max_uncertainty": 8, "_timestamp": 1733576142.7096634, "_runtime": 206.49847531318665, "_step": 19, "_wandb": {"runtime": 206}}