{"train_error_energy": 2.0097620237613496, "train_error_force": 4.402831871350573, "train_loss": 1.0284192787276374, "valid_error_energy": 1.994643711592758, "valid_error_force": 4.956758364613389, "valid_loss": 1.3511632084846497, "test_error_energy": 5.907754626816958, "test_error_force": 8.265135357337762, "test_loss": 6.0363221318309845, "lr": 0.0001, "dataset_size": 1432, "max_uncertainty": 8, "_timestamp": 1733474214.8428235, "_runtime": 182.49110746383667, "_step": 19, "_wandb": {"runtime": 182}}