{"train_error_energy": 1.8863420415052037, "train_error_force": 2.0135180788405287, "train_loss": -5.0247166241918295, "valid_error_energy": 1.0015388754165324, "valid_error_force": 2.41605909841729, "valid_loss": -4.052250862121582, "test_error_energy": 12.510654151995762, "test_error_force": 11.67106783567908, "test_loss": 101.29493749328932, "lr": 0.0001, "dataset_size": 865, "max_uncertainty": 4, "_timestamp": 1733697218.8666143, "_runtime": 187.66427540779114, "_step": 19, "_wandb": {"runtime": 187}}