{"train_error_energy": 2.2324729727885164, "train_error_force": 2.800094334060023, "train_loss": 0.561402638112345, "valid_error_energy": 1.8272116776238996, "valid_error_force": 2.8839187711656105, "valid_loss": 0.40002535581588744, "test_error_energy": 10.089276483281475, "test_error_force": 13.730591247384991, "test_loss": 16.291402042848276, "lr": 0.0001, "dataset_size": 9890, "max_uncertainty": 3, "_timestamp": 1732958276.8860433, "_runtime": 324.6262323856354, "_step": 19, "_wandb": {"runtime": 324}}