{"train_loss_energy": 1.8924897900713977, "train_loss_force": 2.2334639845820665, "train_loss_total": 0.4821286189556122, "valid_loss_energy": 1.5596677794220193, "valid_loss_force": 2.809644056214392, "valid_loss_total": 0.07657906572733607, "lr": 0.0001, "_timestamp": 1731540220.40359, "_runtime": 2620.792402982712, "_step": 5999, "_wandb": {"runtime": 2620}}