{"train_error_energy": 0.0, "train_error_force": 0.0, "train_loss": 0.0, "valid_error_energy": 0.0, "valid_error_force": 0.0, "valid_loss": 0.0, "test_error_energy": 14.464109883140008, "test_error_force": 12.648549376854008, "test_loss": 5.200192411532576, "lr": null, "dataset_size": 800, "max_uncertainty": 6, "_timestamp": 1733560589.461519, "_runtime": 153.17062091827393, "_step": 0, "_wandb": {"runtime": 152}}