{"train_error_energy": 8.327203131784938, "train_error_force": 4.21347210799491, "train_loss": 1.9671029388690935, "valid_error_energy": 4.019084384819965, "valid_error_force": 5.018308258193945, "valid_loss": 1.9481016159057618, "test_error_energy": 9.527092918500477, "test_error_force": 11.370293884473346, "test_loss": 4.442095709096699, "lr": 0.001, "dataset_size": 8911, "max_uncertainty": 4, "_timestamp": 1733618806.729135, "_runtime": 293.02904510498047, "_step": 19, "_wandb": {"runtime": 292}}