{"train_error_energy": 2.5631734645571513, "train_error_force": 3.4698152457753495, "train_loss": 1.589082243896666, "valid_error_energy": 2.5678852762261415, "valid_error_force": 3.2446608683032765, "valid_loss": 1.6814607381820679, "test_error_energy": 5.959052316932799, "test_error_force": 5.966725600624104, "test_loss": 3.1816468775584434, "lr": 0.0001, "dataset_size": 1343, "max_uncertainty": 8, "_timestamp": 1732686705.8933325, "_runtime": 369.26815152168274, "_step": 19, "_wandb": {"runtime": 369}}