{"train_error_energy": 2.311009071495102, "train_error_force": 2.0013757216618524, "train_loss": -2.3713775226625344, "valid_error_energy": 6.033888367905097, "valid_error_force": 2.169588995927378, "valid_loss": -1.9102691809336345, "test_error_energy": 15.685114200268877, "test_error_force": 7.785722658932803, "test_loss": 5.675061520481609, "lr": 0.0001, "dataset_size": 3745, "max_uncertainty": 4, "_timestamp": 1732856883.5351741, "_runtime": 215.04938220977783, "_step": 19, "_wandb": {"runtime": 214}}