Method,Energy R2 Score In Distribution,Forces R2 Score In Distribution,Correlation In Distribution,Energy Losses In Distribution,Forces Losses In Distribution,Energy R2 Score Out Distribution,Forces R2 Score Out Distribution,Correlation Out Distribution,Energy Losses Out Distribution,Forces Losses Out Distribution
EvidentialRegression,-41.86445907929974,0.993211706892367,-0.11842436936518448,96.46241,4.827063,-30.586073275851543,0.9607687164185054,0.4110183572351314,99.49675,10.057567
EvidentialRegression,-51.499837470228556,0.9947059502989544,-0.04869775783070089,106.76678,4.372778,-34.831524601235394,0.9773488328743832,-0.051690122744583074,106.08482,8.089245
EvidentialRegression,-8.395328932396078,0.9864518102831021,-0.19908197196585617,45.101627,6.510716,-6.445701850912828,0.9519086845179806,nan,47.1293,11.170977
EvidentialRegression,-1.8013173014743522,0.9960086068788959,-0.11902940416426214,24.552942,4.019372,-1.2782600452677952,0.9760495621473358,0.0697771617164223,25.363604,8.285342
EvidentialRegression,0.9727296162099713,0.9924531832259325,0.07673362805484484,1.8608512,4.9961286,0.559120982973776,0.9766391675351457,0.2804041112212557,8.739505,8.07015
