Method,Energy R2 Score
SWAG,0.9347636145269785
SWAG,0.9749515343694045
SWAG,0.787679572403859
SWAG,0.9784624611212176
SWAG,0.9657174248110185
SWAG,0.8266162514039614
SWAG,0.8666031366893945
SWAG,0.9247767285631849
SWAG,0.8935414940003448
SWAG,0.814060071516453
