Method,Energy R2 Score
SWAG,0.9486621771894432
SWAG,0.9657628299879881
SWAG,0.9530623011683771
SWAG,0.8871009257208364
SWAG,0.9480938108681988
