Method,Energy R2 Score
SWAG,0.9563523428485474
SWAG,0.9355178667244397
SWAG,0.9485201791096917
SWAG,0.8758519880332558
SWAG,0.8773400836218873
