{"train_error_energy": 1.7229962873650904, "train_error_force": 1.8396620638690617, "train_loss": -2.621089904648917, "valid_error_energy": 2.0292805652492634, "valid_error_force": 2.574461030109108, "valid_loss": -1.5880433320999146, "test_error_energy": 13.059279763207858, "test_error_force": 10.078038005423087, "test_loss": 8.807920343588783, "lr": 0.0001, "dataset_size": 1111, "max_uncertainty": 5, "_timestamp": 1733064705.8424284, "_runtime": 202.07353234291077, "_step": 19, "_wandb": {"runtime": 201}}