{"train_error_energy": 2.207767069406475, "train_error_force": 3.0804993510349887, "train_loss": 1.4581686701093401, "valid_error_energy": 1.550059154796148, "valid_error_force": 2.842654660252686, "valid_loss": 1.4178307056427002, "test_error_energy": 9.23702027857182, "test_error_force": 8.312931585626153, "test_loss": 4.490505795204203, "lr": 0.0001, "dataset_size": 1095, "max_uncertainty": 6, "_timestamp": 1732436100.635535, "_runtime": 374.1635859012604, "_step": 19, "_wandb": {"runtime": 373}}