{"train_error_energy": 0.0, "train_error_force": 0.0, "train_error_total": 0.0, "valid_error_energy": 12.429640140517865, "valid_error_force": 10.72082992279877, "valid_error_total": 6.04389995055673, "test_error_energy": 0.0, "test_error_force": 0.0, "test_error_total": 0.0, "lr": null, "dataset_size": 800, "_timestamp": 1732119285.5578325, "_runtime": 24.684000492095947, "_step": 0, "_wandb": {"runtime": 24}}