{"train_error_energy": 6.403717316816687, "train_error_force": 3.2223938135904673, "train_loss": 1.7211475229263307, "valid_error_energy": 6.354631752907804, "valid_error_force": 3.8576313839186507, "valid_loss": 1.9133323090417045, "test_error_energy": 0.0, "test_error_force": 0.0, "test_loss": 0.0, "lr": 0.00031622776601683794, "_timestamp": 1732884072.0254025, "_runtime": 1243.0543706417084, "_step": 2704}