{"train_error_energy": 0.0, "train_error_force": 0.0, "train_loss": 0.0, "valid_error_energy": 0.0, "valid_error_force": 0.0, "valid_loss": 0.0, "test_error_energy": 9.371962234386976, "test_error_force": 10.673030798645675, "test_loss": 4.198407811020057, "lr": null, "dataset_size": 800, "max_uncertainty": 6, "_timestamp": 1733561939.1580439, "_runtime": 158.29501795768738, "_step": 0, "_wandb": {"runtime": 158}}