{"train_error_energy": 1.7517675967415411, "train_error_force": 1.8526132530328547, "train_loss": -2.602134624604256, "valid_error_energy": 2.954318041322067, "valid_error_force": 2.002042339304501, "valid_loss": -2.316591183344523, "test_error_energy": 6.628684959687744, "test_error_force": 5.942948396991954, "test_loss": 3.2368648851105055, "lr": 0.0001, "dataset_size": 4937, "max_uncertainty": 4, "_timestamp": 1732930655.9835773, "_runtime": 294.1011562347412, "_step": 19, "_wandb": {"runtime": 293}}