{"train_error_energy": 1.6187277936477689, "train_error_force": 3.3521851133469545, "train_loss": 0.4975350205000345, "valid_error_energy": 1.6189872795946783, "valid_error_force": 3.3512940605873376, "valid_loss": 0.4797928184270859, "test_error_energy": 10.1862124951738, "test_error_force": 12.648952428992667, "test_loss": 16.6614462767596, "lr": 0.0001, "dataset_size": 7387, "max_uncertainty": 4, "_timestamp": 1733290051.907781, "_runtime": 302.1039388179779, "_step": 19, "_wandb": {"runtime": 301}}