Method,Energy R2 Score In Distribution,Forces R2 Score In Distribution,Energy Errors In Distribution,Force Errors In Distribution,Energy R2 Score Out Distribution,Force R2 Score Out Distribution,Energy Errors Out Distribution,Force Errors Out Distribution,Energy Correlation In Distribution Energies,Energy Correlation In Distribution Forces,Energy Correlation Out Distribution Energy,Energy Correlation Out Distribution Forces
MVE,0.9889790540750298,0.9969411268197307,1.1820316,3.1585822,0.646143488497146,0.9483811362424327,7.1889353,9.238437,0.12012196597315947,0.2751980905415061,0.3353513125037796,0.827018746556206
MVE,0.9907981956012499,0.9965587513461073,1.1329089,3.2522428,0.6915344791006642,0.9285131384604416,6.326842,12.067539,0.149486180285234,0.3540288204316894,0.5862492630411786,0.7535295198777479
MVE,0.9930455106664836,0.997106541812777,0.9095123,3.0799701,0.35248060238492607,0.9557743866457041,9.260094,10.39878,0.1093899386450786,0.27099423600631284,0.5739943589093517,0.5795350910667391
MVE,0.9929012677080677,0.9963544494361393,0.8731619,3.4147463,-0.006310143392311174,0.9273370140517639,11.519024,12.926483,0.13123975169642527,0.29382449687713696,0.518432267053126,0.7048694100315596
MVE,0.9847900445794721,0.9960979880882257,1.4713027,3.5581024,0.7358593591532185,0.9632877238906449,6.4206104,9.559329,0.061798765886632086,0.3330916019049095,0.16278772342800338,0.11214513016068381
