{"train_error_energy": 8.357102638240876, "train_error_force": 3.3414399220661086, "train_loss": 2.079294522603353, "valid_error_energy": 8.02021219530636, "valid_error_force": 3.348669181027854, "valid_loss": 2.152294158935547, "test_error_energy": 11.972263608516922, "test_error_force": 9.078627125407063, "test_loss": 5.075007863069704, "lr": 0.0006, "dataset_size": 838, "_timestamp": 1732287097.8430393, "_runtime": 356.71030616760254, "_step": 19, "_wandb": {"runtime": 356}}