{"train_error_energy": 0.0, "train_error_force": 0.0, "train_error_total": 0.0, "valid_error_energy": 0.0, "valid_error_force": 0.0, "valid_error_total": 0.0, "test_error_energy": 11.497233498231799, "test_error_force": 12.760257199265219, "test_error_total": 5.03902490975345, "lr": null, "dataset_size": 800, "_timestamp": 1732178103.4684858, "_runtime": 17.370463848114014, "_step": 0, "_wandb": {"runtime": 17}}