{"train_error_energy": 1.8255391537426315, "train_error_force": 2.248192485219006, "train_loss": -2.1129057157871336, "valid_error_energy": 0.9582204300967352, "valid_error_force": 2.2153588244304565, "valid_loss": -2.208969473838806, "test_error_energy": 11.263232605218658, "test_error_force": 8.137152101452996, "test_loss": 5.03509036408669, "lr": 0.0001, "dataset_size": 1348, "max_uncertainty": 6, "_timestamp": 1733115751.6037838, "_runtime": 193.44005680084229, "_step": 19, "_wandb": {"runtime": 193}}