{"train_error_energy": 1.5748122132908475, "train_error_force": 3.2368283156096367, "train_loss": 0.4264905571009862, "valid_error_energy": 1.8045989133136655, "valid_error_force": 3.2733376259983906, "valid_loss": 0.5788124442100525, "test_error_energy": 10.09516266171339, "test_error_force": 12.416522894655232, "test_loss": 16.799916566978574, "lr": 0.0001, "dataset_size": 8200, "max_uncertainty": 4, "_timestamp": 1733316040.4406734, "_runtime": 309.0223822593689, "_step": 19, "_wandb": {"runtime": 308}}