{"train_loss_total":4.717922857829502,"_wandb":{"runtime":2967},"train_loss_energy":14.133256299155098,"train_loss_force":5.144938877650669,"valid_loss_total":5.2309136390686035,"_step":9999,"lr":0.001,"valid_loss_force":5.308818340301514,"_runtime":2966.917880033,"_timestamp":1.7265760370093462e+09,"valid_loss_energy":29.08977508544922}