{"train_error_energy": 1.8824411585970087, "train_error_force": 2.31935812476409, "train_loss": -2.0310202347926603, "valid_error_energy": 3.8676539568841704, "valid_error_force": 2.5343269205779375, "valid_loss": -1.6627618074417114, "test_error_energy": 12.139732592856708, "test_error_force": 9.159553817937157, "test_loss": 5.928340469979491, "lr": 0.0001, "dataset_size": 1218, "max_uncertainty": 6, "_timestamp": 1733081242.330232, "_runtime": 200.84142899513245, "_step": 19, "_wandb": {"runtime": 200}}