{"train_error_energy": 6.620291094379155, "train_error_force": 4.037046743863554, "train_loss": 1.7938428050593327, "valid_error_energy": 6.263090329682212, "valid_error_force": 4.131815271464141, "valid_loss": 1.801648497581482, "test_error_energy": 16.640402417255046, "test_error_force": 10.222269797281232, "test_loss": 4.533990393134312, "lr": 0.001, "dataset_size": 3021, "max_uncertainty": 4, "_timestamp": 1733540506.54229, "_runtime": 237.26793599128723, "_step": 19, "_wandb": {"runtime": 236}}