{"train_error_energy": 3.1385887818556153, "train_error_force": 4.2637493437997875, "train_loss": 1.432070047656695, "valid_error_energy": 2.4199023678760034, "valid_error_force": 4.433834348896465, "valid_loss": 1.45655624071757, "test_error_energy": 5.304201151568766, "test_error_force": 7.6141295855328845, "test_loss": 4.014338263666443, "lr": 0.0001, "dataset_size": 3820, "max_uncertainty": 6, "_timestamp": 1733407415.4012978, "_runtime": 260.08314275741577, "_step": 19, "_wandb": {"runtime": 259}}