{"train_error_energy": 1.892204380153263, "train_error_force": 1.981101433688646, "train_loss": -2.423214500677501, "valid_error_energy": 1.5878162711945392, "valid_error_force": 2.2719337474627292, "valid_loss": -2.0688719749450684, "test_error_energy": 8.56899078371913, "test_error_force": 6.925175234506715, "test_loss": 4.284198668614732, "lr": 0.0001, "dataset_size": 4482, "max_uncertainty": 4, "_timestamp": 1732899119.6785705, "_runtime": 250.98526644706726, "_step": 19, "_wandb": {"runtime": 250}}