{"train_error_energy": 2.629360271794285, "train_error_force": 3.335186298636577, "train_loss": 0.9321378255638841, "valid_error_energy": 2.152445271599868, "valid_error_force": 3.3483936279597684, "valid_loss": 0.7505899518728256, "test_error_energy": 10.378499184587865, "test_error_force": 12.129218603455906, "test_loss": 12.430781529211874, "lr": 0.0001, "dataset_size": 7125, "max_uncertainty": 4, "_timestamp": 1733283352.3143408, "_runtime": 306.01302194595337, "_step": 19, "_wandb": {"runtime": 305}}