{"train_error_energy": 10.79187102849711, "train_error_force": 5.538176641745008, "train_loss": 2.5752904460980344, "valid_error_energy": 17.484592342386325, "valid_error_force": 6.037203466149671, "valid_loss": 3.190147638320923, "test_error_energy": 21.50185615255923, "test_error_force": 13.029631578604457, "test_loss": 5.798674169011141, "lr": 0.001, "dataset_size": 4141, "max_uncertainty": 4, "_timestamp": 1733588455.8448877, "_runtime": 242.14785981178284, "_step": 19, "_wandb": {"runtime": 241}}