{"train_error_energy": 1.6404729993760285, "train_error_force": 3.131101047167003, "train_loss": 0.40627347230911254, "valid_error_energy": 1.5806012611493467, "valid_error_force": 3.5478197669761515, "valid_loss": 0.6238607338496617, "test_error_energy": 0.0, "test_error_force": 0.0, "test_loss": 0.0, "lr": 0.0001, "_timestamp": 1733652222.2506282, "_runtime": 2735.9616873264313, "_step": 5999, "_wandb": {"runtime": 2735}}