{"train_error_energy": 2.701142710793301, "train_error_force": 3.5299615062226946, "train_loss": 1.047195207504999, "valid_error_energy": 2.753704571190621, "valid_error_force": 3.844984233806408, "valid_loss": 1.1756514310836792, "test_error_energy": 9.386967472119213, "test_error_force": 11.18711438178064, "test_loss": 10.376121660801752, "lr": 0.0001, "dataset_size": 1330, "max_uncertainty": 4, "_timestamp": 1732917499.7551837, "_runtime": 221.62909364700317, "_step": 19, "_wandb": {"runtime": 221}}