{"train_error_energy": 2.684968578355241, "train_error_force": 3.363338013071752, "train_loss": 0.9654081941775556, "valid_error_energy": 2.1923007663621963, "valid_error_force": 3.4432045916117993, "valid_loss": 0.8048820644617081, "test_error_energy": 9.586680226513867, "test_error_force": 11.165841807334171, "test_loss": 9.29413705346472, "lr": 0.0001, "dataset_size": 6757, "max_uncertainty": 4, "_timestamp": 1732967342.2878318, "_runtime": 273.0939817428589, "_step": 19, "_wandb": {"runtime": 272}}