{"train_error_energy": 1.645086247040269, "train_error_force": 1.8666158469720133, "train_loss": -2.5898174877408184, "valid_error_energy": 1.4358813751751887, "valid_error_force": 2.255709145702323, "valid_loss": -2.0770972967147827, "test_error_energy": 14.83461921290733, "test_error_force": 9.354815618955142, "test_loss": 7.989667468046019, "lr": 0.0001, "dataset_size": 2523, "max_uncertainty": 5, "_timestamp": 1733076867.26748, "_runtime": 220.30145287513733, "_step": 19, "_wandb": {"runtime": 220}}