{"train_error_energy": 1.8909020200303641, "train_error_force": 3.923656073115711, "train_loss": 0.8873729263582537, "valid_error_energy": 1.7144193788292745, "valid_error_force": 4.212269641932479, "valid_loss": 0.8813678026199341, "test_error_energy": 8.866284404515943, "test_error_force": 11.275670950342464, "test_loss": 11.202920369452832, "lr": 0.0001, "dataset_size": 971, "max_uncertainty": 6, "_timestamp": 1733221749.9566152, "_runtime": 211.86194825172424, "_step": 19, "_wandb": {"runtime": 211}}