{"train_loss": 0.8494306653738022, "train_uncertainty": 1.8677561581134796, "valid_loss": 0.7430340647697449, "valid_uncertainty": 2.870974063873291, "in_interval": 89.0, "_timestamp": 1723647852.4390788, "_runtime": 11.323495864868164, "_step": 4, "_wandb": {"runtime": 9}}