{"train_loss_total":4.702683959688459,"_step":9999,"valid_loss_force":66.38259887695312,"valid_loss_total":56.45512390136719,"_runtime":2967.296169029,"valid_loss_energy":12.555021286010742,"_timestamp":1.7265662954631577e+09,"lr":0.0001,"train_loss_force":61.91519982474191,"_wandb":{"runtime":2967},"train_loss_energy":1.1277073978313379}