{"train_error_energy": 1.9898591054649024, "train_error_force": 3.2666039934105493, "train_loss": 1.4872241050769122, "valid_error_energy": 1.4685903036989645, "valid_error_force": 2.9297352191655417, "valid_loss": 1.4378247261047363, "test_error_energy": 8.157921735081432, "test_error_force": 7.61631411907774, "test_loss": 4.078338846486276, "lr": 0.0001, "dataset_size": 1244, "max_uncertainty": 6, "_timestamp": 1732483073.9273434, "_runtime": 382.6272072792053, "_step": 19, "_wandb": {"runtime": 382}}