{"train_error_energy": 2.213565889847809, "train_error_force": 3.090056925644439, "train_loss": 1.4269194280399995, "valid_error_energy": 2.0213718025242002, "valid_error_force": 2.758640366813829, "valid_loss": 1.4034468531608582, "test_error_energy": 7.259702134958377, "test_error_force": 6.746337962025501, "test_loss": 3.63418605689603, "lr": 0.0001, "dataset_size": 2694, "max_uncertainty": 4, "_timestamp": 1732623545.3544774, "_runtime": 153.79749751091003, "_step": 6}