{"train_error_energy": 1.637850002379934, "train_error_force": 1.8785299091779502, "train_loss": -2.5745766186478116, "valid_error_energy": 1.969297282711798, "valid_error_force": 2.024017334646968, "valid_loss": -2.3586177825927734, "test_error_energy": 12.471311871434617, "test_error_force": 8.935130911163132, "test_loss": 7.177294768588081, "lr": 0.0001, "dataset_size": 3219, "max_uncertainty": 3, "_timestamp": 1732843837.0944374, "_runtime": 228.73058938980103, "_step": 19, "_wandb": {"runtime": 228}}