{"train_error_energy": 2.320051517446778, "train_error_force": 2.8484038600112176, "train_loss": 0.6152375469939986, "valid_error_energy": 3.488491732784945, "valid_error_force": 3.0191052177029976, "valid_loss": 1.2578909397125244, "test_error_energy": 9.723811017701882, "test_error_force": 14.771904044587531, "test_loss": 15.193084317352135, "lr": 0.0001, "dataset_size": 8540, "max_uncertainty": 3, "_timestamp": 1732949968.28421, "_runtime": 325.6349220275879, "_step": 19, "_wandb": {"runtime": 325}}