{"train_error_energy": 4.6910469231663905, "train_error_force": 4.547234217728219, "train_loss": 1.9299231065767948, "valid_error_energy": 2.954230977686009, "valid_error_force": 4.786399767792687, "valid_loss": 1.631893237431844, "test_error_energy": 6.831393425496829, "test_error_force": 8.249459785216876, "test_loss": 4.288648379410748, "lr": 0.0001, "dataset_size": 3405, "max_uncertainty": 6, "_timestamp": 1733355205.0085273, "_runtime": 253.89870238304138, "_step": 19, "_wandb": {"runtime": 253}}