{"train_error_energy": 1.6298013686833905, "train_error_force": 3.4163114391443394, "train_loss": 0.524118611172064, "valid_error_energy": 1.8747863100666189, "valid_error_force": 3.4218975480398286, "valid_loss": 0.6471692025661469, "test_error_energy": 10.052882677964842, "test_error_force": 12.600031439392035, "test_loss": 16.280008800366787, "lr": 0.0001, "dataset_size": 6428, "max_uncertainty": 4, "_timestamp": 1733267694.809004, "_runtime": 290.5465359687805, "_step": 19, "_wandb": {"runtime": 290}}