{"train_error_energy": 8.340680423895057, "train_error_force": 4.026416810289296, "train_loss": 1.9054155594834656, "valid_error_energy": 7.5219071483706506, "valid_error_force": 4.220536901982485, "valid_loss": 1.9155759811401367, "test_error_energy": 10.249695687849535, "test_error_force": 11.187843482170901, "test_loss": 4.4294042612245565, "lr": 0.001, "dataset_size": 6841, "max_uncertainty": 4, "_timestamp": 1733605058.6959877, "_runtime": 277.28210973739624, "_step": 19, "_wandb": {"runtime": 276}}