{"train_error_energy": 1.2808369266079151, "train_error_force": 1.7535910777596362, "train_loss": -2.7703978357643915, "valid_error_energy": 1.7278267334438784, "valid_error_force": 2.225394634171995, "valid_loss": -2.055588483810425, "test_error_energy": 13.170453785888501, "test_error_force": 12.290680244705795, "test_loss": 12.652952598651666, "lr": 0.0001, "dataset_size": 910, "max_uncertainty": 6, "_timestamp": 1733064735.4499183, "_runtime": 189.79522824287415, "_step": 19, "_wandb": {"runtime": 189}}