{"train_error_energy": 2.629745404922944, "train_error_force": 3.2834742070902037, "train_loss": 0.9151742033997681, "valid_error_energy": 1.8613280755521702, "valid_error_force": 3.404765049948426, "valid_loss": 0.6823832243680954, "test_error_energy": 10.01090369626931, "test_error_force": 11.981701087027536, "test_loss": 12.545410825319939, "lr": 0.0001, "dataset_size": 7763, "max_uncertainty": 4, "_timestamp": 1733300598.178834, "_runtime": 303.76738691329956, "_step": 19, "_wandb": {"runtime": 303}}