{"train_error_energy": 2.9227174629044055, "train_error_force": 3.6254053232738275, "train_loss": 1.0669548423201949, "valid_error_energy": 2.2677707993335123, "valid_error_force": 4.081274274059744, "valid_loss": 1.0387682914733887, "test_error_energy": 10.378200980471766, "test_error_force": 11.49988127453313, "test_loss": 10.53394783479381, "lr": 0.0001, "dataset_size": 845, "max_uncertainty": 8, "_timestamp": 1733218990.874715, "_runtime": 182.76116514205933, "_step": 19, "_wandb": {"runtime": 182}}