{"train_error_energy": 7.324541299000439, "train_error_force": 3.8178220821204425, "train_loss": 1.7676184212460238, "valid_error_energy": 7.655921909862165, "valid_error_force": 4.089109555966652, "valid_loss": 1.880568265914917, "test_error_energy": 13.070233364456307, "test_error_force": 10.84607699923385, "test_loss": 4.503800277310516, "lr": 0.001, "dataset_size": 1081, "max_uncertainty": 4, "_timestamp": 1733571191.7224557, "_runtime": 198.07663679122925, "_step": 19, "_wandb": {"runtime": 197}}