{"train_error_energy": 13.149768742170151, "train_error_force": 4.4228509483375165, "train_loss": 0.33739284330180713, "valid_error_energy": 29.238136895002256, "valid_error_force": 4.350622221055812, "valid_loss": 1.3751649856567383, "test_error_energy": 38.44826020033643, "test_error_force": 11.30034063989086, "test_loss": 5.666781760011044, "lr": 0.001, "dataset_size": 2223, "max_uncertainty": 4, "_timestamp": 1732790621.5590441, "_runtime": 184.7818250656128, "_step": 19, "_wandb": {"runtime": 184}}