{"train_error_energy": 2.996523872009254, "train_error_force": 3.9771878426368006, "train_loss": 1.3236833589417594, "valid_error_energy": 2.6007823045109397, "valid_error_force": 4.215908946453522, "valid_loss": 1.220146894454956, "test_error_energy": 9.09865485575225, "test_error_force": 11.25538595436143, "test_loss": 8.176870802934257, "lr": 0.0001, "dataset_size": 1091, "max_uncertainty": 6, "_timestamp": 1733224877.9212546, "_runtime": 207.792311668396, "_step": 19, "_wandb": {"runtime": 207}}