{"train_error_energy": 1.1069116113658475, "train_error_force": 1.8535792151474109, "train_loss": -2.643662922818896, "valid_error_energy": 0.8063227198247546, "valid_error_force": 2.081874126840823, "valid_loss": -2.3525760173797607, "test_error_energy": 12.835863176413351, "test_error_force": 10.26756014663879, "test_loss": 8.977199367203637, "lr": 0.0001, "dataset_size": 2250, "max_uncertainty": 3, "_timestamp": 1732814750.172937, "_runtime": 233.96308302879333, "_step": 19, "_wandb": {"runtime": 233}}