Method,Energy R2 Score In Distribution,Forces R2 Score In Distribution,Energy Losses In Distribution,Force Losses In Distribution,Energy R2 Score Out Distribution,Force R2 Score Out Distribution,Energy Losses Out Distribution,Force Losses Out Distribution,Energy Correlation In Distribution Energies,Energy Correlation In Distribution Forces,Energy Correlation Out Distribution Energy,Energy Correlation Out Distribution Forces,Force Correlation In Distribution Energy,Force Correlation In Distribution Forces,Force Correlation Out Distribution Energy,Force Correlation Out Distribution Forces
SWAG,0.9870402284366454,0.9954673938411839,0.084883116,0.2637667,0.5029457606399927,0.9500625292110358,0.5645211,0.7263492,0.1673042421961118,0.6098194853120952,-0.20961973640072057,-0.07628886086379472,0.07745058732619813,0.2574365164894744,0.3608494113982279,0.6929929986877318
SWAG,0.9906851753183666,0.9976328269402033,0.07250135,0.18742181,0.5029456675052141,0.9500625286921481,0.56452113,0.7263492,0.11151116628989144,0.44835312687026146,-0.21009519828315168,-0.0796285805339155,0.08878501753350813,0.09151950409926635,0.35008641424517073,0.7029765817308854
SWAG,0.9900238152128654,0.9954193938907331,0.08407283,0.2642601,0.5029456468775988,0.9500625262658665,0.5645212,0.7263492,0.29700881968191817,0.7304801961169523,-0.211159576258663,-0.08007735304323557,0.14139899469419917,0.25816531379750324,0.3742451341883847,0.7080475912522024
SWAG,0.9870402334535143,0.9954673939664622,0.08488313,0.2637667,0.5029456922122792,0.9500625273034574,0.56452113,0.7263492,0.16731542809859293,0.6082691583258452,-0.20971476785574583,-0.07874243498478545,0.04909732461702255,0.2138402275475593,0.3874179815590738,0.7059186985543352
SWAG,0.9870402493797236,0.9954673937259929,0.08488307,0.26376668,0.5029456006922597,0.9500625268679302,0.5645212,0.72634923,0.16678777829361016,0.6105063576376994,-0.20810598484436799,-0.0765904666203358,0.0685506528631952,0.2261674925443552,0.35675263989698675,0.6990984393837519
SWAG,0.9870402447164293,0.9954673936926756,0.08488308,0.26376668,0.5029456745294314,0.9500625276660601,0.5645212,0.7263492,0.1681255205125264,0.6101002957449181,-0.21018808716168325,-0.07726089359204104,0.07671674953464752,0.23432458292011735,0.3697284234459944,0.7099674717959541
