{"train_error_energy": 2.694169462092858, "train_error_force": 3.4601174524825056, "train_loss": 1.0078786233829897, "valid_error_energy": 3.8478997893801377, "valid_error_force": 3.510202434695806, "valid_loss": 1.4887175957361858, "test_error_energy": 10.87719614787332, "test_error_force": 12.610005501580439, "test_loss": 12.408038878316031, "lr": 0.0001, "dataset_size": 5490, "max_uncertainty": 4, "_timestamp": 1733251678.8098745, "_runtime": 279.24440264701843, "_step": 19, "_wandb": {"runtime": 278}}