{"dataset_size":899,"valid_loss_force":0.4333232747322602,"_runtime":1855.697406627,"valid_loss_energy":0.5069271098256736,"valid_loss_total":4.094785200987811,"train_loss_energy":0.36641787968832873,"train_loss_force":0.1863203213132661,"_step":50,"lr":0.001,"_timestamp":1.7308909042986565e+09,"_wandb":{"runtime":1856},"train_loss_total":1.7634424875522483}