{"train_error_energy": 6.896827946784607, "train_error_force": 3.658409649222444, "train_loss": -0.5506679813067118, "valid_error_energy": 2.392236171832768, "valid_error_force": 3.5575470907334585, "valid_loss": -0.9240351915359497, "test_error_energy": 13.494852574408604, "test_error_force": 11.302704504870487, "test_loss": 4.889938484311728, "lr": 0.001, "dataset_size": 846, "max_uncertainty": 4, "_timestamp": 1732787546.0057433, "_runtime": 141.90823936462402, "_step": 19, "_wandb": {"runtime": 141}}