{"train_error_energy": 2.5921459435080445, "train_error_force": 3.2411058480144845, "train_loss": 0.8874426627818774, "valid_error_energy": 3.2760978772651415, "valid_error_force": 3.291116109549045, "valid_loss": 1.2192475080490113, "test_error_energy": 10.21186557560872, "test_error_force": 12.053100809034884, "test_loss": 12.95822545995263, "lr": 0.0001, "dataset_size": 8095, "max_uncertainty": 4, "_timestamp": 1733312058.0328963, "_runtime": 318.52323937416077, "_step": 19, "_wandb": {"runtime": 318}}