{"train_error_energy": 1.422602500657785, "train_error_force": 3.1436939408682663, "train_loss": 0.26444294676184654, "valid_error_energy": 1.3008678126738527, "valid_error_force": 3.3095116241476745, "valid_loss": 0.29804662863413495, "test_error_energy": 12.663135754104037, "test_error_force": 19.308022591835535, "test_loss": 27.738454948545126, "lr": 0.0001, "dataset_size": 4580, "max_uncertainty": 3, "_timestamp": 1732928723.3914807, "_runtime": 282.5221447944641, "_step": 19, "_wandb": {"runtime": 282}}