{"train_error_energy": 14.301073749525068, "train_error_force": 7.130154349773305, "train_loss": 3.3428093830744428, "valid_error_energy": 2.2180109252930293, "valid_error_force": 7.64198638403342, "valid_loss": 2.7054638862609863, "test_error_energy": 9.329105740400903, "test_error_force": 11.921247024791038, "test_loss": 4.613196964663361, "lr": 0.001, "dataset_size": 959, "max_uncertainty": 8, "_timestamp": 1733567943.7147756, "_runtime": 184.01010966300964, "_step": 19, "_wandb": {"runtime": 183}}