{"train_error_energy": 8.561767890424735, "train_error_force": 5.426796354051177, "train_loss": 2.388782320766274, "valid_error_energy": 4.116885305229683, "valid_error_force": 6.235974794436856, "valid_loss": 2.3620816469192505, "test_error_energy": 9.217492898621407, "test_error_force": 11.584445770024795, "test_loss": 4.493032979715557, "lr": 0.001, "dataset_size": 3471, "max_uncertainty": 4, "_timestamp": 1733543021.5666463, "_runtime": 242.70548725128174, "_step": 19, "_wandb": {"runtime": 242}}