{"train_error_energy": 1.59365258186188, "train_error_force": 2.727217009814496, "train_error_total": 1.2309689396306087, "valid_error_energy": 1.2586293312675674, "valid_error_force": 2.6206561937924326, "valid_error_total": 1.2782833576202393, "test_error_energy": 9.335423062258073, "test_error_force": 8.431830516265746, "test_error_total": 4.56957350226597, "lr": 0.0001, "dataset_size": 1208, "_timestamp": 1732169722.3625937, "_runtime": 327.6228446960449, "_step": 19, "_wandb": {"runtime": 327}}