{"train_error_energy": 2.541324458711904, "train_error_force": 3.1892421841170124, "train_loss": 0.8450255396181366, "valid_error_energy": 2.49936430196094, "valid_error_force": 3.1885313206743833, "valid_loss": 0.8054397344589234, "test_error_energy": 9.728227756973343, "test_error_force": 11.109265830218025, "test_loss": 11.649607608455637, "lr": 0.0001, "dataset_size": 8657, "max_uncertainty": 4, "_timestamp": 1733333958.843454, "_runtime": 318.2829349040985, "_step": 19, "_wandb": {"runtime": 318}}