{"train_error_energy": 3.165515671989886, "train_error_force": 5.508845840064914, "train_loss": 1.9531101073537553, "valid_error_energy": 6.685246759424392, "valid_error_force": 5.536005650116163, "valid_loss": 3.3279621601104736, "test_error_energy": 12.001068271100042, "test_error_force": 10.812964385829643, "test_loss": 9.478591379694913, "lr": 0.0001, "dataset_size": 1546, "max_uncertainty": 6, "_timestamp": 1733249547.9167688, "_runtime": 230.25329685211182, "_step": 19, "_wandb": {"runtime": 229}}