{"train_error_energy": 2.116709911940357, "train_error_force": 3.465151700573596, "train_loss": 1.5663224040416248, "valid_error_energy": 1.507850993505233, "valid_error_force": 3.02936362978972, "valid_loss": 1.4622000455856323, "test_error_energy": 5.75069062658749, "test_error_force": 5.696494005695009, "test_loss": 2.9988241245609304, "lr": 0.0001, "dataset_size": 1793, "max_uncertainty": 6, "_timestamp": 1732729375.259098, "_runtime": 415.1509461402893, "_step": 19, "_wandb": {"runtime": 414}}