{"train_error_energy": 2.517977132368114, "train_error_force": 3.0058239463112875, "train_error_total": 1.423256252493177, "valid_error_energy": 1.3238786277716519, "valid_error_force": 2.7629802998025346, "valid_error_total": 1.3727390766143799, "test_error_energy": 11.377582664016112, "test_error_force": 9.489092444544307, "test_error_total": 5.329665373757248, "lr": 0.0001, "dataset_size": 890, "_timestamp": 1732121730.0548775, "_runtime": 176.99596762657166, "_step": 10}