{"train_error_energy": 6.099131533896327, "train_error_force": 3.0594239265060423, "train_loss": 1.4318482160568238, "valid_error_energy": 9.948549522732836, "valid_error_force": 3.6505490917305856, "valid_loss": 1.8872452633721488, "test_error_energy": 0.0, "test_error_force": 0.0, "test_loss": 0.0, "lr": 0.001, "_timestamp": 1733136995.622296, "_runtime": 2677.494975090027, "_step": 5999, "_wandb": {"runtime": 2677}}