{"train_error_energy": 6.792773272647321, "train_error_force": 3.2904850079317054, "train_loss": 1.5555834892817906, "valid_error_energy": 6.204757099739122, "valid_error_force": 4.106010886373057, "valid_loss": 1.7891106208165486, "test_error_energy": 12.29723510208035, "test_error_force": 12.16001034684437, "test_loss": 4.891717034484704, "lr": 0.001, "dataset_size": 5581, "max_uncertainty": 4, "_timestamp": 1733597192.1823683, "_runtime": 260.3556833267212, "_step": 19, "_wandb": {"runtime": 260}}