{"train_error_energy": 20492180.867876988, "train_error_force": 63523.93620972859, "train_error_total": 1392605.0697785197, "valid_error_energy": 100.15071049827915, "valid_error_force": 43.32108394917646, "valid_error_total": 21.197521209716797, "test_error_energy": 20.886131299669323, "test_error_force": 15.371161056877273, "test_error_total": 6.540952707460414, "lr": 0.001, "dataset_size": 1156, "_timestamp": 1732182769.5479574, "_runtime": 192.69866037368774, "_step": 19, "_wandb": {"runtime": 192}}