{"train_error_energy": 1.9292803980483424, "train_error_force": 3.1033597043495664, "train_loss": 1.417361680418253, "valid_error_energy": 1.7082189337917693, "valid_error_force": 2.965453131525526, "valid_loss": 1.5076603889465332, "test_error_energy": 8.552719043522295, "test_error_force": 7.990400669477641, "test_loss": 4.341465672897419, "lr": 0.0001, "dataset_size": 1021, "max_uncertainty": 8, "_timestamp": 1732444629.547311, "_runtime": 378.6570100784302, "_step": 19, "_wandb": {"runtime": 378}}