{"train_error_energy": 4.617372540508472, "train_error_force": 4.629744074088038, "train_loss": 1.9464909907045036, "valid_error_energy": 5.816587255524288, "valid_error_force": 4.507768966772035, "valid_loss": 2.214671492576599, "test_error_energy": 9.718529221622367, "test_error_force": 8.876291603603843, "test_loss": 6.012376221062626, "lr": 0.0001, "dataset_size": 2764, "max_uncertainty": 6, "_timestamp": 1733305282.4717035, "_runtime": 237.31285643577576, "_step": 19, "_wandb": {"runtime": 236}}