{"train_error_energy": 1.464201923302145, "train_error_force": 1.7312831456255169, "train_loss": -2.7896324504505503, "valid_error_energy": 1.2968597309356282, "valid_error_force": 2.1618221476713195, "valid_loss": -2.172126531600952, "test_error_energy": 11.528005082484812, "test_error_force": 12.307809293757048, "test_loss": 12.304842564448013, "lr": 0.0001, "dataset_size": 1043, "max_uncertainty": 3, "_timestamp": 1732802838.6324232, "_runtime": 172.7680242061615, "_step": 19, "_wandb": {"runtime": 172}}