{"train_error_energy": 10.317270537717329, "train_error_force": 6.153847383435652, "train_loss": 2.7495352789595886, "valid_error_energy": 3.2974161990293527, "valid_error_force": 6.107280712187285, "valid_loss": 2.264180898666382, "test_error_energy": 9.658929999060959, "test_error_force": 12.298919963730127, "test_loss": 4.761639592535209, "lr": 0.001, "dataset_size": 2881, "max_uncertainty": 4, "_timestamp": 1733581028.4576652, "_runtime": 235.33800530433655, "_step": 19, "_wandb": {"runtime": 235}}