{"train_error_energy": 3.545971901549419, "train_error_force": 2.8681646498808298, "train_loss": 1.060330460807976, "valid_error_energy": 3.1935436031492177, "valid_error_force": 2.957576032353014, "valid_loss": 0.9185624480247497, "test_error_energy": 10.607096067637173, "test_error_force": 13.33206312090153, "test_loss": 11.629903418855518, "lr": 0.0001, "dataset_size": 9350, "max_uncertainty": 3, "_timestamp": 1732954882.6899912, "_runtime": 317.09871530532837, "_step": 19, "_wandb": {"runtime": 316}}