{"train_error_energy": 11.445024534542233, "train_error_force": 4.938187971892707, "train_loss": 2.4182417754204044, "valid_error_energy": 12.601687766748539, "valid_error_force": 5.822783024509729, "valid_loss": 2.791634718577067, "test_error_energy": 15.805522095591039, "test_error_force": 12.424798651106991, "test_loss": 5.215092856222422, "lr": 0.001, "dataset_size": 4951, "max_uncertainty": 4, "_timestamp": 1733593388.870275, "_runtime": 253.52893710136414, "_step": 19, "_wandb": {"runtime": 253}}