{"train_error_energy": 2.035085324625279, "train_error_force": 4.495396288359979, "train_loss": 1.0841088918752448, "valid_error_energy": 2.044307615231346, "valid_error_force": 4.678380515742512, "valid_loss": 1.2649843096733093, "test_error_energy": 6.912095993953803, "test_error_force": 8.507585782001058, "test_loss": 6.637581353412249, "lr": 0.0001, "dataset_size": 1368, "max_uncertainty": 8, "_timestamp": 1733393558.1149032, "_runtime": 228.71358227729797, "_step": 19, "_wandb": {"runtime": 228}}