{"train_error_energy": 1.9083453869232747, "train_error_force": 1.847624921888782, "train_loss": -2.5979682214652438, "valid_error_energy": 2.0665102526640005, "valid_error_force": 1.9390502028211618, "valid_loss": -2.462968905766805, "test_error_energy": 7.81803337195991, "test_error_force": 5.668487048915237, "test_loss": 2.912031086327518, "lr": 0.0001, "dataset_size": 5034, "max_uncertainty": 4, "_timestamp": 1732937596.0083332, "_runtime": 294.3133432865143, "_step": 19, "_wandb": {"runtime": 294}}