{"train_error_energy": 1.7485452938652208, "train_error_force": 2.756453096357579, "train_error_total": 1.2691761255264282, "valid_error_energy": 1.7816926822025563, "valid_error_force": 2.591397579352094, "valid_error_total": 1.3938081860542297, "test_error_energy": 9.600455155427081, "test_error_force": 8.163850057438088, "test_error_total": 4.500356574333151, "lr": 0.0001, "dataset_size": 1248, "_timestamp": 1732177107.4744713, "_runtime": 334.2131242752075, "_step": 19, "_wandb": {"runtime": 333}}