{"lr":0.001,"_step":1412,"_wandb":{"runtime":257},"_runtime":257.115494807,"train_loss_force":63.68507058279855,"_timestamp":1.7271000196415222e+09,"valid_loss_total":7.111149311065674,"train_loss_energy":4.170375892094204,"valid_loss_energy":13.697250843048096,"valid_loss_force":65.24311828613281,"train_loss_total":2.683753183909825}