{"train_error_energy": 6.138347746075313, "train_error_force": 3.055528756748321, "train_loss": 1.4331718140010592, "valid_error_energy": 1.1166901459877259, "valid_error_force": 3.4839526370898173, "valid_loss": 1.2404712438583374, "test_error_energy": 8.703904564309584, "test_error_force": 11.078148323034876, "test_loss": 4.28925457300316, "lr": 0.001, "dataset_size": 5041, "max_uncertainty": 4, "_timestamp": 1733593927.1780174, "_runtime": 254.9460153579712, "_step": 19, "_wandb": {"runtime": 254}}