{"train_error_energy": 11.121617596476412, "train_error_force": 5.852571760580987, "train_loss": 2.7025548926106207, "valid_error_energy": 6.283070654815459, "valid_error_force": 4.509156640889458, "valid_loss": 1.9292452931404114, "test_error_energy": 10.087079118864263, "test_error_force": 10.831406175584583, "test_loss": 4.29925676915034, "lr": 0.001, "dataset_size": 1711, "max_uncertainty": 4, "_timestamp": 1733574560.2042146, "_runtime": 216.03836846351624, "_step": 19, "_wandb": {"runtime": 215}}