{"train_error_energy": 2.286156731091144, "train_error_force": 3.4482750149368884, "train_loss": 1.558093918406445, "valid_error_energy": 2.258336307620552, "valid_error_force": 3.0090279246995726, "valid_loss": 1.489861249923706, "test_error_energy": 6.87362810598354, "test_error_force": 6.7812133945966995, "test_loss": 3.6024807335818627, "lr": 0.0001, "dataset_size": 1456, "max_uncertainty": 6, "_timestamp": 1732561760.2356012, "_runtime": 396.59869027137756, "_step": 19, "_wandb": {"runtime": 396}}