{"train_error_energy": 2.388013177602887, "train_error_force": 1.7657862604946197, "train_loss": 0.750643744468689, "valid_error_energy": 2.6863375528095017, "valid_error_force": 2.185786474701975, "valid_loss": 0.9111409187316895, "test_error_energy": 0.0, "test_error_force": 0.0, "test_loss": 0.0, "lr": 0.0001, "_timestamp": 1733129794.6426544, "_runtime": 2528.560313463211, "_step": 5999, "_wandb": {"runtime": 2528}}