{"train_error_energy": 1.7055610783234563, "train_error_force": 2.2009733921131596, "train_loss": -4.817540884017944, "valid_error_energy": 1.9772581500170083, "valid_error_force": 2.424275589902025, "valid_loss": -4.1102519035339355, "test_error_energy": 12.834355806554823, "test_error_force": 10.768421682520845, "test_loss": 85.19751891290954, "lr": 0.0001, "dataset_size": 1004, "max_uncertainty": 4, "_timestamp": 1733708308.0267112, "_runtime": 201.6172912120819, "_step": 19, "_wandb": {"runtime": 201}}