{"train_error_energy": 1.7950255296334094, "train_error_force": 1.8475628707448277, "train_loss": -2.6048202589154243, "valid_error_energy": 1.8016765143748508, "valid_error_force": 2.591120244930841, "valid_loss": -1.6084797382354736, "test_error_energy": 13.572791331457271, "test_error_force": 10.185368413566133, "test_loss": 8.521902843295592, "lr": 0.0001, "dataset_size": 1021, "max_uncertainty": 5, "_timestamp": 1733064219.1755528, "_runtime": 176.89883875846863, "_step": 19, "_wandb": {"runtime": 176}}