{"train_error_energy": 23.604741772524218, "train_error_force": 8.247142732453113, "train_loss": 4.339164624895369, "valid_error_energy": 19.99324172506331, "valid_error_force": 10.734656856032725, "valid_loss": 4.929810523986816, "test_error_energy": 27.538360497435455, "test_error_force": 14.512191612910915, "test_loss": 6.698710199425982, "lr": 0.001, "dataset_size": 1115, "max_uncertainty": 4, "_timestamp": 1733524343.1486924, "_runtime": 192.1145534515381, "_step": 19, "_wandb": {"runtime": 191}}