{"train_error_energy": 3.047671249866497, "train_error_force": 4.367061422267359, "train_loss": 1.4660088916619618, "valid_error_energy": 3.937509053337198, "valid_error_force": 4.427038041224456, "valid_loss": 1.7926798462867737, "test_error_energy": 9.699211379167307, "test_error_force": 10.059151101211244, "test_loss": 8.201793700612653, "lr": 0.0001, "dataset_size": 1703, "max_uncertainty": 6, "_timestamp": 1733254849.2584438, "_runtime": 216.8515968322754, "_step": 19, "_wandb": {"runtime": 216}}