Method,Energy R2 Score In Distribution,Forces R2 Score In Distribution,Energy Losses In Distribution,Force Losses In Distribution,Energy R2 Score Out Distribution,Force R2 Score Out Distribution,Energy Losses Out Distribution,Force Losses Out Distribution,Energy Correlation In Distribution Energies,Energy Correlation In Distribution Forces,Energy Correlation Out Distribution Energy,Energy Correlation Out Distribution Forces,Force Correlation In Distribution Energy,Force Correlation In Distribution Forces,Force Correlation Out Distribution Energy,Force Correlation Out Distribution Forces
SWAG,0.9875045807272549,0.9956528309512999,0.085156575,0.2577342,0.5133208393728528,0.9506648294368644,0.5585462,0.7199803,0.062259254572500665,0.23221273331612716,-0.17240151835665024,-0.12760024485762808,0.04324769090582523,0.14141354525072064,0.0760385080580449,0.1546862359458118
SWAG,0.9902753891198358,0.9960254027780655,0.07081314,0.22887966,0.506853314206548,0.8882953090695533,0.5467167,1.0112559,0.0828180666881384,0.16594671565010796,0.05655490721529623,0.12297985734397206,0.06751323356727161,0.13190026138869784,0.042109369910946805,0.052811517246424154
SWAG,0.9927736690404042,0.9972657374449968,0.05603443,0.18859397,-1.0888454672387766,0.8853329508116148,1.1290628,0.88689935,0.13627073478021423,0.28492818112279744,0.6160797740149944,0.5091869373156749,0.08825701368968267,0.16911952399966498,0.48215720377621857,0.46437572812553546
SWAG,0.9765667765956141,0.9980650067247457,0.13544773,0.17518772,0.7198156144472703,0.9647219660978851,0.40742216,0.6091345,-0.05332651924553091,0.25097109320470207,0.24452538823123543,0.2872073953590781,-0.043481472693314885,0.1505729250862048,0.13104481214060518,0.24286078522597904
