{"train_error_energy": 1.131778953669782, "train_error_force": 2.332270323464728, "train_error_total": 1.0464165144496493, "valid_error_energy": 1.0372328508433297, "valid_error_force": 2.607840916436851, "valid_error_total": 1.2621883153915405, "test_error_energy": 11.993363918650942, "test_error_force": 10.32865254419212, "test_error_total": 5.79805332952769, "lr": 0.0001, "dataset_size": 848, "_timestamp": 1732128909.8418796, "_runtime": 311.4718065261841, "_step": 19, "_wandb": {"runtime": 311}}