{"train_error_energy": 4.1000125148435, "train_error_force": 3.62450793740177, "train_loss": 1.4775143821360701, "valid_error_energy": 5.790000485277463, "valid_error_force": 3.6298845028252895, "valid_loss": 1.9993956089019775, "test_error_energy": 12.029753289237567, "test_error_force": 11.531737418408186, "test_loss": 10.386757071729729, "lr": 0.0001, "dataset_size": 3763, "max_uncertainty": 4, "_timestamp": 1733233640.292521, "_runtime": 254.47136807441711, "_step": 19, "_wandb": {"runtime": 254}}