{"train_error_energy": 13.424802025571388, "train_error_force": 7.292694233970576, "train_loss": 3.338555023886941, "valid_error_energy": 4.577714912236601, "valid_error_force": 8.942328771745933, "valid_loss": 3.2984752655029297, "test_error_energy": 16.21514058647921, "test_error_force": 13.537308063413196, "test_loss": 5.614753965307905, "lr": 0.001, "dataset_size": 1745, "max_uncertainty": 4, "_timestamp": 1733526924.2399385, "_runtime": 213.94206547737122, "_step": 19, "_wandb": {"runtime": 213}}