{"train_error_energy": 0.0, "train_error_force": 0.0, "train_loss": 0.0, "valid_error_energy": 0.0, "valid_error_force": 0.0, "valid_loss": 0.0, "test_error_energy": 10.996635103653107, "test_error_force": 13.386480424404732, "test_loss": 16.631807731708307, "lr": null, "dataset_size": 800, "max_uncertainty": 3, "_timestamp": 1732800468.9601045, "_runtime": 157.51678037643433, "_step": 0, "_wandb": {"runtime": 157}}