{"valid_loss_energy":4.229823350906372,"_timestamp":1.726583823952986e+09,"lr":0.001,"_runtime":1899.437367547,"train_loss_total":16.16757719857352,"_step":9999,"train_loss_energy":4.81948709487915,"valid_loss_force":15.469390392303467,"valid_loss_total":9.849606990814209,"train_loss_force":11.3480897630964,"_wandb":{"runtime":1899}}