{"train_error_energy": 8.99756268385835, "train_error_force": 4.71519366946729, "train_loss": 2.179841452715348, "valid_error_energy": 8.98250897379031, "valid_error_force": 4.138870098014571, "valid_loss": 1.9859943389892578, "test_error_energy": 9.820530054249893, "test_error_force": 10.447416912719152, "test_loss": 4.152935124192562, "lr": 0.001, "dataset_size": 3111, "max_uncertainty": 4, "_timestamp": 1733541014.795396, "_runtime": 241.20309901237488, "_step": 19, "_wandb": {"runtime": 240}}