Method,Energy R2 Score In Distribution,Forces R2 Score In Distribution,Energy Errors In Distribution,Force LosErrorsses In Distribution,Energy R2 Score Out Distribution,Force R2 Score Out Distribution,Energy Errors Out Distribution,Force Errors Out Distribution,Energy Correlation In Distribution Energies,Energy Correlation In Distribution Forces,Energy Correlation Out Distribution Energy,Energy Correlation Out Distribution Forces
MVE,0.9821358844383713,0.9964304578934682,0.09624727,0.22789831,0.507254539955218,0.9422473627752543,0.58807284,0.6854348,0.14195836025196545,0.27448191829502083,0.2306942529141527,0.01721167048386259
MVE,0.9818344468650603,0.99739883084928,0.10873193,0.19159463,0.6241928770600818,0.97151228378076,0.53187317,0.56105864,0.11807078881873272,0.2792898837304921,0.2939665771636512,0.4583135941063299
MVE,0.9941651108927885,0.9980332414476037,0.056851875,0.16589832,-0.2819177055269464,0.08173604187624998,0.8835602,1.5325445,0.18784524384112058,0.3718255119250497,-0.01489689333017432,-0.10870564765409885
MVE,0.9924420338967473,0.997314627274307,0.063275084,0.19764844,0.6296672036308857,0.972334409357484,0.46444795,0.5410263,0.05663222435485857,0.19539173116889824,-0.1999415258700861,-0.18515195081074004
MVE,0.9815509806049882,0.9977258771834396,0.113542736,0.1806962,0.5708220580577192,0.7992935229883152,0.53578866,1.0069121,0.20435271026079532,0.321129591583094,0.0012679250931794035,-0.30260743224699366
