{"train_error_energy": 1.2737616783423475, "train_error_force": 1.905778169037275, "train_loss": -2.5627033846533815, "valid_error_energy": 1.0952612096141219, "valid_error_force": 2.2414454055524806, "valid_loss": -2.1251280307769775, "test_error_energy": 13.541887152973992, "test_error_force": 9.858311832130552, "test_loss": 8.249937269700135, "lr": 0.0001, "dataset_size": 1465, "max_uncertainty": 5, "_timestamp": 1733067790.537323, "_runtime": 194.168555021286, "_step": 19, "_wandb": {"runtime": 193}}