{"train_error_energy": 1.1478231402582557, "train_error_force": 2.3970924189035934, "train_error_total": 1.064557711992945, "valid_error_energy": 1.1341563880173502, "valid_error_force": 2.583202798109087, "valid_error_total": 1.2807635068893433, "test_error_energy": 11.612400256161004, "test_error_force": 10.132092682312786, "test_error_total": 5.684675069379557, "lr": 0.0001, "dataset_size": 868, "_timestamp": 1732130984.3230722, "_runtime": 317.19431829452515, "_step": 19, "_wandb": {"runtime": 316}}