Method ,Energy R2 Score In Distribution ,Forces R2 Score In Distribution ,Correlation In Distribution ,Energy Losses In Distribution ,Forces Losses In Distribution ,Energy R2 Score Out Distribution ,Forces R2 Score Out Distribution ,Correlation Out Distribution ,Energy Losses Out Distribution ,Forces Losses Out Distribution
SWAG   ,             0.8788899779319763 ,             0.9531816840171814 ,        0.19676389711260517 ,                    3.8052142 ,                    12.302824 ,-1.372140645980835               ,              0.7356162071228027 ,          0.4896716331969355 ,                     21.134613 ,                     29.50714
SWAG   ,             0.8131420612335205 ,             0.9199080467224121 ,        0.1526685930624339  ,                    4.773039  ,                    17.045197 ,-1.7353887557983398              ,              0.6747674345970154 ,          0.383205341209734  ,                     22.544891 ,                     33.472454
SWAG,0.8997710943222046,0.9610721468925476,0.14366465986542207,3.4392023,11.224779,-0.7758688926696777,0.7937449812889099,0.33886639845246896,16.953777,25.163488
SWAG,0.9258328676223755,0.9686967730522156,0.09507200419773948,2.9826977,10.051637,0.07874548435211182,0.8535485863685608,0.09124456569752065,13.662437,21.317244
