{"train_error_energy": 8.246261399490894, "train_error_force": 10.662859832268841, "train_loss": 1.6891445120175679, "valid_error_energy": 16.292831446317457, "valid_error_force": 13.687603329638923, "valid_loss": 4.961939334869385, "test_error_energy": 19.063145726333573, "test_error_force": 21.989983237654062, "test_loss": 5.418759872776051, "lr": 0.001, "dataset_size": 947, "max_uncertainty": 4, "_timestamp": 1732715540.0131907, "_runtime": 179.8571527004242, "_step": 19, "_wandb": {"runtime": 179}}