{"train_error_energy": 8.692050153502786, "train_error_force": 4.066961942554058, "train_error_total": 2.339503688282437, "valid_error_energy": 3.3004703290348982, "valid_error_force": 3.5997226309944947, "valid_error_total": 2.264963984489441, "test_error_energy": 11.19908777507484, "test_error_force": 9.489267240989667, "test_error_total": 5.154478564936453, "lr": 0.001, "dataset_size": 1410, "_timestamp": 1732188842.2732573, "_runtime": 373.6330032348633, "_step": 19, "_wandb": {"runtime": 373}}