Method,Energy R2 Score In Distribution,Forces R2 Score In Distribution,Energy Errors In Distribution,Force Errors In Distribution,Energy R2 Score Out Distribution,Force R2 Score Out Distribution,Energy Errors Out Distribution,Force Errors Out Distribution,Energy Correlation In Distribution Energies,Energy Correlation In Distribution Forces,Energy Correlation Out Distribution Energy,Energy Correlation Out Distribution Forces
MVE,0.9722454886372696,0.9968661614592764,2.178038,3.2126303,0.584125198274251,0.9427943340643795,8.009599,9.400729,0.007217013651007611,0.26722194653456216,0.32309630800497546,0.8513844943384457
MVE,0.9857645873123883,0.9970977525609559,1.5186262,3.074643,0.19517754693223488,0.9503590331259816,10.799055,10.864081,0.01655760048314152,0.3497824644425996,0.6126844703921228,0.6184531102019909
MVE,0.9821539800422072,0.9965540967776466,1.6285048,3.284501,0.09214245382855535,0.9264348105144599,11.149308,12.87455,0.10066402063878449,0.30715448702505554,0.48919398547502085,0.7351877090388198
MVE,0.9816278349291595,0.9962452488489769,1.5286094,3.464867,0.7050760524893339,0.9633210520610427,7.227019,9.544408,0.09951000260409669,0.2075365765925798,0.1716254397250355,0.16812195279845563
MVE,0.9787416753665551,0.9964591035511593,1.907911,3.3045895,0.6657782460158956,0.9277884387312315,6.6972156,12.108533,0.05677752538058329,0.3705740118491413,0.5967993713730809,0.7572119130163595
