Method,Energy R2 Score In Distribution,Forces R2 Score In Distribution,Energy Losses In Distribution,Forces Losses In Distribution,Energy R2 Score Out Distribution,Forces R2 Score Out Distribution,Energy Losses Out Distribution,Forces Losses Out Distribution,Energy Correlation In Distribution Energies,Energy Correlation In Distribution Forces,Energy Correlation Out Distribution Energy,Energy Correlation Out Distribution Forces,Force Correlation In Distribution Energy,Force Correlation In Distribution Forces,Force Correlation Out Distribution Energy,Force Correlation Out Distribution Forces
SWAG,0.8784773902373247,0.9515256530002073,3.77388,12.666177,-0.9348615613514386,0.686695611913788,16.823107,31.730314,0.23102403225108056,0.46050130288064267,0.718690109966709,0.681877523418406,0.19963579505615686,0.5212889400243751,0.487768192250879,0.8205262959214177
SWAG,0.9577450401439076,0.9827422062010825,2.2191844,7.2830515,-1.4323788589429078,0.7929032064786458,17.654688,22.869263,0.2611818048955017,0.5545766384009109,0.8148830472578004,0.8273073166370345,0.13884698773165483,0.3778642090278499,0.652159947244219,0.6752888135331506
SWAG,0.8837958336018767,0.9368124395029241,3.8745844,14.758451,0.2824120243050068,0.7731473601006492,11.364116,27.671715,0.14857225325114723,0.5019351809459109,0.21454200707839596,0.34348601384512745,0.1147376980664771,0.3816489363658758,0.33502299941876335,0.6526899747964291
SWAG,0.7619686377672816,0.8864590616741067,5.447937,20.572557,-0.8689309868505442,0.6498789840814351,18.469172,35.135513,0.1409893903487375,0.3408363824673695,0.5937957280118024,0.5347701578062095,0.05107716947314014,0.24693750519961535,0.25661574306587337,0.5654549617304621
SWAG,0.9515183913597323,0.9777372758202357,2.5455294,8.052734,0.4595193292559907,0.8496309584093898,8.965948,19.114891,0.09150925883349229,0.5365992901522337,0.4941506895623995,0.651306687311823,0.06338618258395384,0.3766560966238363,0.6048888534373199,0.7604119014367626
