Method,Energy R2 Score In Distribution,Forces R2 Score In Distribution,Energy Errors In Distribution,Force LosErrorsses In Distribution,Energy R2 Score Out Distribution,Force R2 Score Out Distribution,Energy Errors Out Distribution,Force Errors Out Distribution,Energy Correlation In Distribution Energies,Energy Correlation In Distribution Forces,Energy Correlation Out Distribution Energy,Energy Correlation Out Distribution Forces
EvidentialRegression,0.8031065809980438,0.9953402737460276,0.42893234,0.2593675,0.2671250662087449,0.9538371094810101,0.7873439,0.7316969,0.06052582967205631,0.2872314212733011,-0.014060425541204154,0.03765071048548147
EvidentialRegression,0.9330671508784414,0.9944144350677009,0.2350865,0.2873135,0.7672662354162445,0.9619745908662573,0.43076122,0.68022394,-0.045330540801982275,0.24530361391221764,-0.026655975413719658,-0.18684095432074108
EvidentialRegression,0.9602395759257981,0.9956163991641755,0.17710274,0.24787132,0.37984998676256343,0.9392398983788857,0.5947316,0.78004646,-0.044518889243523596,0.1897048291211082,0.16794171160945143,-0.07824473071068776
EvidentialRegression,0.9645594827190571,0.9836271137210852,0.14092465,0.50651395,-0.5128702536263416,0.9046474739195651,0.8205166,1.0463253,0.0453699378329608,0.09201232175726243,0.10540527723236966,0.07300969388947798
EvidentialRegression,0.942248970455339,0.9956820716570528,0.21954128,0.2537013,0.8374750595756304,0.965813867725173,0.3500343,0.63798094,-0.0045953136976049705,0.03765353016598019,-0.1252118275095575,-0.23403104426236285
