{"train_error_energy": 1.7164205004793753, "train_error_force": 3.5162775872509675, "train_loss": 0.6391849666833878, "valid_error_energy": 2.177247441420894, "valid_error_force": 3.86479911576423, "valid_loss": 0.9810689687728882, "test_error_energy": 9.998199593771126, "test_error_force": 12.588873322944991, "test_loss": 16.432063906604707, "lr": 0.0001, "dataset_size": 1787, "max_uncertainty": 4, "_timestamp": 1733221794.4418406, "_runtime": 233.92986369132996, "_step": 19, "_wandb": {"runtime": 233}}