{"train_error_energy": 2.500508702575415, "train_error_force": 2.6849245033485887, "train_loss": -0.2595434308052063, "valid_error_energy": 1.617351501202157, "valid_error_force": 3.474734311086578, "valid_loss": -0.25967066628592356, "test_error_energy": 0.0, "test_error_force": 0.0, "test_loss": 0.0, "lr": 0.0001, "_timestamp": 1733422060.8631682, "_runtime": 1696.4380421638489, "_step": 3999, "_wandb": {"runtime": 1696}}