{"train_error_energy": 1.9576144315513142, "train_error_force": 1.8047470454385122, "train_loss": -2.6536382307489235, "valid_error_energy": 1.1849209823557836, "valid_error_force": 1.840984372928532, "valid_loss": -2.6540435949961343, "test_error_energy": 6.165890486328753, "test_error_force": 5.1600211215434975, "test_loss": 2.2820307515678606, "lr": 0.0001, "dataset_size": 5287, "max_uncertainty": 4, "_timestamp": 1732961382.3131647, "_runtime": 259.90996980667114, "_step": 19, "_wandb": {"runtime": 259}}