{"train_error_energy": 2.338408517106527, "train_error_force": 3.446545319075068, "train_loss": 1.5737774155356667, "valid_error_energy": 1.6648369164308097, "valid_error_force": 3.0304177455265418, "valid_loss": 1.4606918692588806, "test_error_energy": 5.729565580359556, "test_error_force": 5.7643620831304645, "test_loss": 3.03462572746876, "lr": 0.0001, "dataset_size": 1740, "max_uncertainty": 6, "_timestamp": 1732697140.4697807, "_runtime": 393.6770396232605, "_step": 19, "_wandb": {"runtime": 393}}