{"train_error_energy": 4.460577462572952, "train_error_force": 4.402416910078426, "train_loss": 1.8303239398532443, "valid_error_energy": 6.202752335195284, "valid_error_force": 4.599941078375675, "valid_loss": 2.371782064437866, "test_error_energy": 6.988512330574968, "test_error_force": 8.130857552470678, "test_loss": 4.266031307699793, "lr": 0.0001, "dataset_size": 1425, "max_uncertainty": 8, "_timestamp": 1733458806.4986036, "_runtime": 179.9367334842682, "_step": 19, "_wandb": {"runtime": 179}}