{"train_error_energy": 1.5859394063868313, "train_error_force": 1.8799704721975268, "train_loss": -2.576191780414987, "valid_error_energy": 1.167636772352955, "valid_error_force": 1.9418013543421484, "valid_loss": -2.5225001176198325, "test_error_energy": 8.76388152234382, "test_error_force": 6.60049577794011, "test_loss": 3.992938397442483, "lr": 0.0001, "dataset_size": 4509, "max_uncertainty": 4, "_timestamp": 1732901337.800472, "_runtime": 221.43264603614807, "_step": 19, "_wandb": {"runtime": 221}}