{"train_error_energy": 3.0970559636662123, "train_error_force": 4.61487097609655, "train_loss": 1.557636172343523, "valid_error_energy": 2.132521226093255, "valid_error_force": 4.576401164275628, "valid_loss": 1.25338876247406, "test_error_energy": 8.06469117327037, "test_error_force": 9.27107139929125, "test_loss": 6.943414957735551, "lr": 0.0001, "dataset_size": 2471, "max_uncertainty": 6, "_timestamp": 1733291077.0025756, "_runtime": 235.52785062789917, "_step": 19, "_wandb": {"runtime": 235}}