{"train_error_energy": 12.095032362420925, "train_error_force": 5.912338721074058, "train_loss": 2.7876946694321103, "valid_error_energy": 5.975821598706633, "valid_error_force": 5.431308844392377, "valid_loss": 2.217238982518514, "test_error_energy": 9.452271440893465, "test_error_force": 12.094065221500234, "test_loss": 4.679264795093636, "lr": 0.001, "dataset_size": 4591, "max_uncertainty": 4, "_timestamp": 1733591207.3486464, "_runtime": 246.37126541137695, "_step": 19, "_wandb": {"runtime": 246}}