{"train_error_energy": 1.9135804139079464, "train_error_force": 2.746978552745677, "train_loss": -1.604187744004386, "valid_error_energy": 1.6724099497511002, "valid_error_force": 2.4930261360566783, "valid_loss": -1.8494642972946167, "test_error_energy": 13.236883322713473, "test_error_force": 9.898820628549123, "test_loss": 5.490614174548244, "lr": 0.0001, "dataset_size": 1317, "max_uncertainty": 4, "_timestamp": 1732805031.1746175, "_runtime": 184.88627743721008, "_step": 19, "_wandb": {"runtime": 184}}