{"train_error_energy": 1.3640855922401358, "train_error_force": 2.9711696392768396, "train_loss": 0.16047477896686071, "valid_error_energy": 1.1106110741905135, "valid_error_force": 3.2373578213224232, "valid_loss": 0.13368768990039825, "test_error_energy": 10.887322678970525, "test_error_force": 17.1608322435884, "test_loss": 26.172399261234943, "lr": 0.0001, "dataset_size": 7100, "max_uncertainty": 3, "_timestamp": 1732941883.347863, "_runtime": 299.2043499946594, "_step": 19, "_wandb": {"runtime": 298}}