{"train_error_energy": 2.026829628117957, "train_error_force": 3.110156700012141, "train_loss": 1.4245779254497626, "valid_error_energy": 1.3557010547582027, "valid_error_force": 2.7499741949888925, "valid_loss": 1.394292414188385, "test_error_energy": 7.782605437781503, "test_error_force": 7.053214008454662, "test_loss": 3.870833172223955, "lr": 0.0001, "dataset_size": 2474, "max_uncertainty": 4, "_timestamp": 1732581561.3610075, "_runtime": 431.22214937210083, "_step": 19, "_wandb": {"runtime": 430}}