{"train_error_energy": 7.190196580541474, "train_error_force": 3.631431622324859, "train_loss": 1.6962611369597607, "valid_error_energy": 8.45467220870678, "valid_error_force": 3.7139390993795596, "valid_loss": 1.808487892150879, "test_error_energy": 17.59939074259459, "test_error_force": 10.050940462077884, "test_loss": 4.540839167789639, "lr": 0.001, "dataset_size": 2481, "max_uncertainty": 4, "_timestamp": 1733537541.2910879, "_runtime": 224.27301597595215, "_step": 19, "_wandb": {"runtime": 224}}