{"train_error_energy": 1.8434908395272585, "train_error_force": 2.1461923734897517, "train_loss": -2.2276791032046486, "valid_error_energy": 0.8653654478898208, "valid_error_force": 2.2921980499800823, "valid_loss": -2.1219550371170044, "test_error_energy": 12.376706690213442, "test_error_force": 8.993243039582172, "test_loss": 6.262936871713369, "lr": 0.0001, "dataset_size": 2325, "max_uncertainty": 4, "_timestamp": 1732812457.60479, "_runtime": 209.56679606437683, "_step": 19, "_wandb": {"runtime": 209}}