{"train_error_energy": 0.0, "train_error_force": 0.0, "train_loss": 0.0, "valid_error_energy": 0.0, "valid_error_force": 0.0, "valid_loss": 0.0, "test_error_energy": 9.371962061847533, "test_error_force": 10.673030821961817, "test_loss": 4.1984078210061755, "lr": null, "dataset_size": 800, "max_uncertainty": 6, "_timestamp": 1733562360.8508513, "_runtime": 250.46690940856934, "_step": 0, "_wandb": {"runtime": 250}}