{"train_error_energy": 0.0, "train_error_force": 0.0, "train_loss": 0.0, "valid_error_energy": 0.0, "valid_error_force": 0.0, "valid_loss": 0.0, "test_error_energy": 10.996635327488057, "test_error_force": 13.38648065756614, "test_loss": 16.63180811118081, "lr": null, "dataset_size": 800, "max_uncertainty": 6, "_timestamp": 1733005106.3160038, "_runtime": 163.62337589263916, "_step": 0, "_wandb": {"runtime": 163}}