{"train_error_energy": 2.6927809568499024, "train_error_force": 3.3352618101451847, "train_loss": 0.9566653134071663, "valid_error_energy": 2.210925648736894, "valid_error_force": 3.581692052570279, "valid_loss": 0.8530946671962738, "test_error_energy": 9.534350682912569, "test_error_force": 11.339050624015679, "test_loss": 9.639527023774791, "lr": 0.0001, "dataset_size": 6983, "max_uncertainty": 4, "_timestamp": 1732971351.3156312, "_runtime": 273.24157524108887, "_step": 19, "_wandb": {"runtime": 272}}