{"train_error_energy": 2.0792607135053043, "train_error_force": 4.4338344726015455, "train_loss": 1.074950008922153, "valid_error_energy": 1.9836154654678195, "valid_error_force": 4.761848713100981, "valid_loss": 1.2952080368995667, "test_error_energy": 6.125472039956304, "test_error_force": 8.309608214814775, "test_loss": 5.840103072021644, "lr": 0.0001, "dataset_size": 1418, "max_uncertainty": 8, "_timestamp": 1733443010.5255723, "_runtime": 180.74288630485535, "_step": 19, "_wandb": {"runtime": 180}}