{"train_error_energy": 0.0, "train_error_force": 0.0, "train_error_total": 0.0, "valid_error_energy": 10.152804601497566, "valid_error_force": 11.220241675027179, "valid_error_total": 2.590485449236725, "test_error_energy": 0.0, "test_error_force": 0.0, "test_error_total": 0.0, "lr": null, "dataset_size": 800, "_timestamp": 1732119554.4076798, "_runtime": 16.87183380126953, "_step": 0, "_wandb": {"runtime": 16}}