{"train_error_energy": 1.568568682182747, "train_error_force": 2.471092693250943, "train_loss": 1.1558694353810064, "valid_error_energy": 1.234946352241261, "valid_error_force": 2.500946143573611, "valid_loss": 1.3026434183120728, "test_error_energy": 11.139442559093824, "test_error_force": 18.258318847118552, "test_loss": 8.869371231937908, "lr": 0.0001, "dataset_size": 852, "max_uncertainty": 6, "_timestamp": 1733679116.8771675, "_runtime": 314.9840815067291, "_step": 19, "_wandb": {"runtime": 314}}