{"train_error_energy": 1.235823481192425, "train_error_force": 1.5420346292999385, "train_loss": 0.5986707282066345, "valid_error_energy": 1.2506837615466542, "valid_error_force": 1.971525507344731, "valid_loss": 0.7433739559991019, "test_error_energy": 0.0, "test_error_force": 0.0, "test_loss": 0.0, "lr": 0.0001, "_timestamp": 1733140364.4473047, "_runtime": 2598.168245792389, "_step": 5999, "_wandb": {"runtime": 2597}}