{"train_error_energy": 2.683647584453847, "train_error_force": 3.539380178336065, "train_loss": 1.0401173035303752, "valid_error_energy": 3.8022261910596247, "valid_error_force": 3.680822741986022, "valid_loss": 1.5250566005706787, "test_error_energy": 10.946113521599267, "test_error_force": 14.084587703757546, "test_loss": 12.57168005399055, "lr": 0.0001, "dataset_size": 2957, "max_uncertainty": 4, "_timestamp": 1733227912.7352614, "_runtime": 264.4827435016632, "_step": 19, "_wandb": {"runtime": 264}}