{"train_loss_energy": 3.1203851066398913, "train_loss_force": 4.3323405127212995, "train_loss_total": 0.8948504734039306, "valid_loss_energy": 5.207189710541281, "valid_loss_force": 4.816392831323827, "valid_loss_total": 1.8250269378934587, "lr": 0.0006, "_timestamp": 1731683539.984406, "_runtime": 1733.9476780891418, "_step": 3999, "_wandb": {"runtime": 1733}}