{"train_error_energy": 2.020230055616546, "train_error_force": 4.502594255301679, "train_loss": 1.0852350403622884, "valid_error_energy": 2.3671902349642373, "valid_error_force": 5.068163746365688, "valid_loss": 1.5989460945129395, "test_error_energy": 7.6560913575847955, "test_error_force": 8.782542171387258, "test_loss": 7.202832930999277, "lr": 0.0001, "dataset_size": 1310, "max_uncertainty": 8, "_timestamp": 1733357384.2736156, "_runtime": 229.52118253707886, "_step": 19, "_wandb": {"runtime": 229}}