{"train_error_energy": 8.044003934850304, "train_error_force": 6.0931522390902115, "train_loss": 1.3947301256656646, "valid_error_energy": 8.036422509129904, "valid_error_force": 7.522173460669181, "valid_loss": 3.3981387615203857, "test_error_energy": 14.945829762654366, "test_error_force": 16.23587473527276, "test_loss": 4.461417452827174, "lr": 0.001, "dataset_size": 1580, "_timestamp": 1732209542.3718994, "_runtime": 179.76073145866394, "_step": 19, "_wandb": {"runtime": 179}}