{"train_error_energy": 0.0, "train_error_force": 0.0, "train_loss": 0.0, "valid_error_energy": 0.0, "valid_error_force": 0.0, "valid_loss": 0.0, "test_error_energy": 12.772676397174088, "test_error_force": 21.023475997797508, "test_loss": 735.6050063527691, "lr": null, "dataset_size": 800, "max_uncertainty": 4, "_timestamp": 1733693160.3616588, "_runtime": 258.67685890197754, "_step": 0, "_wandb": {"runtime": 258}}