{"train_error_energy": 3.0212872332177816, "train_error_force": 4.25611931361808, "train_loss": 1.4025384240290697, "valid_error_energy": 3.4248440731806045, "valid_error_force": 4.407441375029644, "valid_loss": 1.6782605648040771, "test_error_energy": 8.488405462808462, "test_error_force": 9.878157211600717, "test_loss": 7.076932772291893, "lr": 0.0001, "dataset_size": 1070, "max_uncertainty": 8, "_timestamp": 1733256728.7717168, "_runtime": 217.80805492401123, "_step": 19, "_wandb": {"runtime": 217}}