{"train_error_energy": 12.49097220580132, "train_error_force": 5.679607687190748, "train_loss": 2.7363186431919924, "valid_error_energy": 5.27714864859591, "valid_error_force": 4.560479318330634, "valid_loss": 1.8791010975837708, "test_error_energy": 9.598359883064568, "test_error_force": 11.207917807492134, "test_loss": 4.392533382196077, "lr": 0.001, "dataset_size": 6931, "max_uncertainty": 4, "_timestamp": 1733605630.03491, "_runtime": 276.7032079696655, "_step": 19, "_wandb": {"runtime": 276}}