{"train_loss_energy": 3.8569807072540816, "train_loss_force": 3.0359855523967743, "train_loss_total": 1.1412345051765442, "valid_loss_energy": 4.602316043487617, "valid_loss_force": 4.018932341156261, "valid_loss_total": 1.7189181532178606, "lr": 0.0006, "_timestamp": 1732094721.7858539, "_runtime": 2818.6048398017883, "_step": 5999, "_wandb": {"runtime": 2818}}