{"train_error_energy": 2.0506277473036083, "train_error_force": 3.4682300808200353, "train_loss": 1.5626788798798905, "valid_error_energy": 1.6388890581866988, "valid_error_force": 2.9203865664083364, "valid_loss": 1.4619380235671997, "test_error_energy": 6.876432359238301, "test_error_force": 6.675767051885125, "test_loss": 3.5354776657064546, "lr": 0.0001, "dataset_size": 1483, "max_uncertainty": 6, "_timestamp": 1732571492.7358005, "_runtime": 397.64245343208313, "_step": 19, "_wandb": {"runtime": 397}}