{"train_loss_energy": 2.9722716823994517, "train_loss_force": 4.560856519488215, "train_loss_total": 1.472939567565918, "valid_loss_energy": 4.041711657955603, "valid_loss_force": 5.477248229609643, "valid_loss_total": 2.2186571529933383, "lr": 0.001, "_timestamp": 1731936813.954127, "_runtime": 2849.597102165222, "_step": 5999, "_wandb": {"runtime": 2849}}