{"train_error_energy": 2.376246887849544, "train_error_force": 2.085077602578192, "train_loss": -4.900884266557364, "valid_error_energy": 4.481396033128348, "valid_error_force": 2.503310667234218, "valid_loss": -3.8715426921844482, "test_error_energy": 11.709796197586185, "test_error_force": 11.253806066641365, "test_loss": 89.77595835580875, "lr": 0.0001, "dataset_size": 908, "max_uncertainty": 4, "_timestamp": 1733699165.986468, "_runtime": 195.40496110916138, "_step": 19, "_wandb": {"runtime": 195}}