{"train_error_energy": 2.994108765340997, "train_error_force": 4.421548930092328, "train_loss": 1.4382226506868998, "valid_error_energy": 2.6725740658606743, "valid_error_force": 4.737232193680372, "valid_loss": 1.4344396591186523, "test_error_energy": 7.749260008046835, "test_error_force": 8.32073134306073, "test_loss": 5.6170996945565905, "lr": 0.0001, "dataset_size": 1415, "max_uncertainty": 8, "_timestamp": 1733437679.6073637, "_runtime": 181.6592357158661, "_step": 19, "_wandb": {"runtime": 181}}