{"train_loss_energy": 4.247445451946735, "train_loss_force": 2.612033539760828, "train_loss_total": 1.158234441280365, "valid_loss_energy": 5.279460291337541, "valid_loss_force": 3.6991729306223133, "valid_loss_total": 1.5910570280892509, "lr": 0.001, "_timestamp": 1731514019.6642687, "_runtime": 2581.5503327846527, "_step": 5999, "_wandb": {"runtime": 2581}}