{"train_error_energy": 2.9383408249827854, "train_error_force": 4.440837111352047, "train_loss": 1.4215739545497028, "valid_error_energy": 3.8953617920576944, "valid_error_force": 4.784269046735304, "valid_loss": 1.8950212001800537, "test_error_energy": 8.364526460942734, "test_error_force": 8.338857530195206, "test_loss": 5.949910218803046, "lr": 0.0001, "dataset_size": 1397, "max_uncertainty": 8, "_timestamp": 1733419099.1795561, "_runtime": 215.36574721336365, "_step": 19, "_wandb": {"runtime": 215}}