{"train_error_energy": 1.4385264434039025, "train_error_force": 2.693938384885181, "train_error_total": 1.2140803635120392, "valid_error_energy": 1.2588798340567362, "valid_error_force": 2.6243692018007785, "valid_error_total": 1.2864179611206055, "test_error_energy": 9.879690019369, "test_error_force": 8.702904670258503, "test_error_total": 4.764566456460204, "lr": 0.0001, "dataset_size": 1147, "_timestamp": 1732160371.047093, "_runtime": 326.23140597343445, "_step": 19, "_wandb": {"runtime": 325}}