{"train_error_energy": 2.5174711691267326, "train_error_force": 3.222926368736596, "train_loss": 0.8487292633337133, "valid_error_energy": 2.8249346496197525, "valid_error_force": 3.7828521940107396, "valid_loss": 1.170389711856842, "test_error_energy": 10.352507292645791, "test_error_force": 13.58757109278021, "test_loss": 13.850585772729044, "lr": 0.0001, "dataset_size": 2150, "max_uncertainty": 3, "_timestamp": 1732917057.2278888, "_runtime": 238.7794167995453, "_step": 19, "_wandb": {"runtime": 238}}