{"train_loss_energy": 5.334793975950508, "train_loss_force": 4.39407584805125, "train_loss_total": 2.4089996147155763, "valid_loss_energy": 5.692710594574893, "valid_loss_force": 4.788785434468728, "valid_loss_total": 2.264522041593279, "lr": 0.0006, "_timestamp": 1731945646.3557713, "_runtime": 2924.9638352394104, "_step": 5999, "_wandb": {"runtime": 2924}}