{"train_loss_energy": 7.907319281170368, "train_loss_force": 3.881056900452376, "train_loss_total": 2.1544580078125, "valid_loss_energy": 8.46474064377376, "valid_loss_force": 4.6015195227265355, "valid_loss_total": 2.4664981365203857, "lr": 0.001, "_timestamp": 1731944281.4293053, "_runtime": 1560.0373692512512, "_step": 3189}