{"train_loss_energy": 0.052186916097998616, "train_loss_force": 1.8021994908320604, "train_loss_total": 12.278501734362603, "valid_loss_energy": 0.9033680409124919, "valid_loss_force": 2.5171659907064265, "valid_loss_total": 1.3026205130985804, "lr": 0.0001, "_timestamp": 1731621584.4436224, "_runtime": 6416.3804614543915, "_step": 5999, "_wandb": {"runtime": 6416}}