{"train_error_energy": 1.6627406839166676, "train_error_force": 3.475935161236405, "train_loss": 0.5716907860367162, "valid_error_energy": 1.9581774082333103, "valid_error_force": 3.608165354331492, "valid_loss": 0.7706756790479025, "test_error_energy": 10.032755882000052, "test_error_force": 12.173280607213506, "test_loss": 14.505773754020012, "lr": 0.0001, "dataset_size": 5000, "max_uncertainty": 4, "_timestamp": 1732944384.6257138, "_runtime": 295.2570059299469, "_step": 19, "_wandb": {"runtime": 294}}