{"train_error_energy": 4.577455996648781, "train_error_force": 4.61248371399827, "train_loss": 1.9419113315384964, "valid_error_energy": 3.254069975733601, "valid_error_force": 4.520128663055049, "valid_loss": 1.5848491191864014, "test_error_energy": 8.148987281326962, "test_error_force": 8.761336136543788, "test_loss": 5.408348452982478, "lr": 0.0001, "dataset_size": 2784, "max_uncertainty": 6, "_timestamp": 1733307704.1819694, "_runtime": 235.68062543869019, "_step": 19, "_wandb": {"runtime": 235}}