{"train_error_energy": 3.165610998654867, "train_error_force": 4.459749964648244, "train_loss": 1.5082022493535823, "valid_error_energy": 3.544134466282401, "valid_error_force": 4.368135223606081, "valid_loss": 1.6240148544311523, "test_error_energy": 6.773201530228038, "test_error_force": 8.07689433547541, "test_loss": 4.941176998677678, "lr": 0.0001, "dataset_size": 3508, "max_uncertainty": 6, "_timestamp": 1733364404.7829213, "_runtime": 232.56959438323975, "_step": 19, "_wandb": {"runtime": 232}}