{"train_error_energy": 2.145656553234584, "train_error_force": 2.24915591851462, "train_loss": -2.0888479484452143, "valid_error_energy": 2.0181546787038354, "valid_error_force": 2.5123169661795592, "valid_loss": -1.7997260093688965, "test_error_energy": 12.806457470349212, "test_error_force": 9.684564501194783, "test_loss": 6.927099764659142, "lr": 0.0001, "dataset_size": 1140, "max_uncertainty": 6, "_timestamp": 1733074492.4771812, "_runtime": 179.88699913024902, "_step": 19, "_wandb": {"runtime": 179}}