{"train_error_energy": 7.387644759058686, "train_error_force": 3.3190220723462995, "train_loss": 1.604941262474543, "valid_error_energy": 4.829493818280675, "valid_error_force": 4.912295566885382, "valid_loss": 1.9668624997138977, "test_error_energy": 12.211211267980488, "test_error_force": 11.601817885182069, "test_loss": 4.699187276251029, "lr": 0.001, "dataset_size": 2521, "max_uncertainty": 4, "_timestamp": 1733578995.5392244, "_runtime": 216.65675735473633, "_step": 19, "_wandb": {"runtime": 216}}