{"train_error_energy": 1.8196064638627847, "train_error_force": 1.882223137604621, "train_loss": -2.557601460210093, "valid_error_energy": 1.2882205763003975, "valid_error_force": 1.9705478668583771, "valid_loss": -2.475884199142456, "test_error_energy": 9.358615958735164, "test_error_force": 6.5129307212767, "test_loss": 3.961579378986858, "lr": 0.0001, "dataset_size": 4574, "max_uncertainty": 4, "_timestamp": 1732905734.4112117, "_runtime": 221.90414667129517, "_step": 19, "_wandb": {"runtime": 221}}