{"train_error_energy": 1.5393936126375858, "train_error_force": 2.7683346743025345, "train_loss": 1.2570570127384082, "valid_error_energy": 1.0890764627514047, "valid_error_force": 2.608043990697937, "valid_loss": 1.3028945922851562, "test_error_energy": 11.383470106182862, "test_error_force": 17.27207795407596, "test_loss": 8.340223894069332, "lr": 0.0001, "dataset_size": 1162, "max_uncertainty": 4, "_timestamp": 1733718573.9074285, "_runtime": 390.26944160461426, "_step": 19, "_wandb": {"runtime": 389}}