{"train_error_energy": 4.734409778455522, "train_error_force": 4.588309708926073, "train_loss": 1.9460218683365853, "valid_error_energy": 5.276495448656331, "valid_error_force": 4.585161636483864, "valid_loss": 2.074556350708008, "test_error_energy": 9.069990020066319, "test_error_force": 8.55985255388773, "test_loss": 5.479203393946143, "lr": 0.0001, "dataset_size": 2960, "max_uncertainty": 6, "_timestamp": 1733321243.9804683, "_runtime": 254.2440972328186, "_step": 19, "_wandb": {"runtime": 253}}