{"train_error_energy": 1.4854851720611975, "train_error_force": 3.1797937362850885, "train_loss": 0.3310505123092578, "valid_error_energy": 1.3761479274194541, "valid_error_force": 3.4593245017620955, "valid_loss": 0.44056785106658936, "test_error_energy": 11.549054162393967, "test_error_force": 15.721976212348396, "test_loss": 24.22129320474195, "lr": 0.0001, "dataset_size": 3320, "max_uncertainty": 3, "_timestamp": 1732922536.401285, "_runtime": 262.60223484039307, "_step": 19, "_wandb": {"runtime": 262}}