{"train_error_energy": 2.077472232038761, "train_error_force": 3.4784293784071103, "train_loss": 1.5564571420351665, "valid_error_energy": 1.4960201921110845, "valid_error_force": 3.102724540610808, "valid_loss": 1.513738989830017, "test_error_energy": 6.00063983461172, "test_error_force": 5.885751909748724, "test_loss": 3.13449033767141, "lr": 0.0001, "dataset_size": 1723, "max_uncertainty": 6, "_timestamp": 1732686163.8793674, "_runtime": 387.1145923137665, "_step": 19, "_wandb": {"runtime": 386}}