Method,Energy R2 Score In Distribution,Forces R2 Score In Distribution,Energy Errors In Distribution,Force LosErrorsses In Distribution,Energy R2 Score Out Distribution,Force R2 Score Out Distribution,Energy Errors Out Distribution,Force Errors Out Distribution,Energy Correlation In Distribution Energies,Energy Correlation In Distribution Forces,Energy Correlation Out Distribution Energy,Energy Correlation Out Distribution Forces
MVE,0.9810699055388603,0.993181440460169,0.10312378,0.3058883,-3.467864890938804,-1.6058397266806914,0.58816516,1.0127658,0.07062837948760856,0.19621968204805829,-0.21881908719099577,-0.37857473580133655
MVE,0.9658271913182516,0.9969627224792882,0.16191852,0.21418597,0.08155443863909273,0.9348439562719145,0.80503476,0.8156093,0.18504021541919907,0.46939859703264336,0.5392363262358242,0.8490755823986095
MVE,0.9878642485015472,0.9973028670974345,0.088633426,0.20519252,0.6337862933177327,0.9685543753534064,0.50735056,0.57351273,0.07767412493526168,0.3309160253559265,0.5988125557119424,0.7685443077853968
MVE,0.975433302137005,0.9931354684589874,0.115546815,0.29281378,-43.78374798944129,-78.66360877460436,0.8295584,2.1484718,0.06560576997258434,0.10808569817111036,-0.1176647176752518,-0.12664954810293433
MVE,0.9883389735758351,0.9973680664806296,0.08333532,0.1941013,0.552940689623945,0.9081877676371205,0.5101833,0.73550266,0.15263067541121228,0.42587864047902096,0.522143067554016,0.5165037333368208
