{"train_error_energy": 1.4512969639882747, "train_error_force": 2.1625921097442955, "train_loss": -2.2354953965062605, "valid_error_energy": 3.0315922139367384, "valid_error_force": 2.3867854538096016, "valid_loss": -1.8702348470687866, "test_error_energy": 14.75417559351158, "test_error_force": 9.127478451041807, "test_loss": 6.433383966615687, "lr": 0.0001, "dataset_size": 2152, "max_uncertainty": 4, "_timestamp": 1732810510.3510854, "_runtime": 215.90928530693054, "_step": 19, "_wandb": {"runtime": 215}}