{"train_error_energy": 12.006967675928506, "train_error_force": 5.478915608669473, "train_loss": 2.6367765586020537, "valid_error_energy": 4.706386579125482, "valid_error_force": 8.52783757890622, "valid_loss": 3.16839607556661, "test_error_energy": 9.131175346430961, "test_error_force": 14.105018085203763, "test_loss": 5.33064809519583, "lr": 0.001, "dataset_size": 5761, "max_uncertainty": 4, "_timestamp": 1733598319.893701, "_runtime": 259.0938801765442, "_step": 19, "_wandb": {"runtime": 258}}