{"train_error_energy": 2.9397337470071236, "train_error_force": 4.432040247920438, "train_loss": 1.43106479130008, "valid_error_energy": 2.6785618618638187, "valid_error_force": 4.971078885395443, "valid_loss": 1.614128053188324, "test_error_energy": 5.996175215644848, "test_error_force": 8.325243356747281, "test_loss": 4.792109953795428, "lr": 0.0001, "dataset_size": 1404, "max_uncertainty": 8, "_timestamp": 1733424332.7886467, "_runtime": 215.64277267456055, "_step": 19, "_wandb": {"runtime": 215}}