{"train_error_energy": 3.03709832997207, "train_error_force": 4.473043485617098, "train_loss": 1.4681103839430698, "valid_error_energy": 2.5277607414682457, "valid_error_force": 4.704325924626017, "valid_loss": 1.3772608637809753, "test_error_energy": 7.702769842719366, "test_error_force": 8.54242757637573, "test_loss": 5.611977355018336, "lr": 0.0001, "dataset_size": 1349, "max_uncertainty": 8, "_timestamp": 1733377949.967142, "_runtime": 196.76729106903076, "_step": 19, "_wandb": {"runtime": 196}}