{"train_error_energy": 8.168514478413707, "train_error_force": 3.4816905271941385, "train_loss": 1.7116269453151807, "valid_error_energy": 3.054351895349455, "valid_error_force": 4.8328893000869275, "valid_loss": 1.8214992880821228, "test_error_energy": 10.78961577950016, "test_error_force": 11.199021076922081, "test_loss": 4.469276091191157, "lr": 0.001, "dataset_size": 3546, "max_uncertainty": 4, "_timestamp": 1733555656.4213006, "_runtime": 271.43628573417664, "_step": 19, "_wandb": {"runtime": 271}}