{"train_error_energy": 4.261026562545632, "train_error_force": 4.53632147291134, "train_loss": 1.8470377980208978, "valid_error_energy": 5.685654903019852, "valid_error_force": 4.819315166282024, "valid_loss": 2.3670897483825684, "test_error_energy": 7.530814760583678, "test_error_force": 8.794608488829539, "test_loss": 4.769744266390176, "lr": 0.0001, "dataset_size": 1284, "max_uncertainty": 8, "_timestamp": 1733331632.8874705, "_runtime": 222.27344250679016, "_step": 19, "_wandb": {"runtime": 221}}