{"train_error_energy": 1.911190904250884, "train_error_force": 2.3784409196134884, "train_loss": 1.1400933584996633, "valid_error_energy": 1.043368944497662, "valid_error_force": 2.5254036772240274, "valid_loss": 1.2546972036361694, "test_error_energy": 12.729247258766657, "test_error_force": 19.368714264201074, "test_loss": 9.37191668854958, "lr": 0.0001, "dataset_size": 879, "max_uncertainty": 4, "_timestamp": 1733697223.1939046, "_runtime": 365.5552146434784, "_step": 19, "_wandb": {"runtime": 365}}