{"train_error_energy": 1.9041598447080796, "train_error_force": 2.2788320397866033, "train_loss": -4.663062937119427, "valid_error_energy": 1.6094488013905697, "valid_error_force": 2.5062942111205047, "valid_loss": -4.042623519897461, "test_error_energy": 13.479539932011054, "test_error_force": 10.563735343450466, "test_loss": 77.40970132238577, "lr": 0.0001, "dataset_size": 1064, "max_uncertainty": 4, "_timestamp": 1733712676.3543265, "_runtime": 207.60743641853333, "_step": 19, "_wandb": {"runtime": 207}}