{"train_error_energy": 2.6589349882426436, "train_error_force": 3.4912581284198647, "train_loss": 1.008370191946517, "valid_error_energy": 2.1153278651019654, "valid_error_force": 3.648284173914643, "valid_loss": 0.8839272061983744, "test_error_energy": 9.648032365877214, "test_error_force": 11.55937314025522, "test_loss": 9.955390241133605, "lr": 0.0001, "dataset_size": 4378, "max_uncertainty": 4, "_timestamp": 1732938380.1444438, "_runtime": 276.39248871803284, "_step": 19, "_wandb": {"runtime": 276}}