{"train_error_energy": 2.0878544057721746, "train_error_force": 1.8055075310661863, "train_loss": -2.6438595120395934, "valid_error_energy": 2.164524237757153, "valid_error_force": 2.0093833699304966, "valid_loss": -2.3538707892100015, "test_error_energy": 15.363844596411992, "test_error_force": 8.80615262264267, "test_loss": 7.671928852640521, "lr": 0.0001, "dataset_size": 3567, "max_uncertainty": 5, "_timestamp": 1733092338.8537552, "_runtime": 237.49938917160034, "_step": 19, "_wandb": {"runtime": 237}}