{"train_loss_energy": 3.495900161204785, "train_loss_force": 2.6812160757310393, "train_loss_total": 0.9196233177185058, "valid_loss_energy": 2.5678150090811505, "valid_loss_force": 3.3570226025898537, "valid_loss_total": 0.9103926420211792, "lr": 0.0006, "_timestamp": 1731939745.8802855, "_runtime": 2900.3022124767303, "_step": 5999, "_wandb": {"runtime": 2899}}