{"train_loss": 12.313924551010132, "train_uncertainty": 0.8019295930862427, "valid_loss": 12.670267105102539, "valid_uncertainty": 1.2165169715881348, "in_interval": 4.0, "_timestamp": 1723709092.524962, "_runtime": 5.4382078647613525, "_step": 4, "_wandb": {"runtime": 4}}