{"train_error_energy": 1.2835045365684576, "train_error_force": 2.1308770144754043, "train_loss": 0.9532138856790834, "valid_error_energy": 0.9532321402223745, "valid_error_force": 2.316735744523033, "valid_loss": 1.122904658317566, "test_error_energy": 12.06477576505157, "test_error_force": 10.287362764306481, "test_loss": 5.756558640465062, "lr": 0.0001, "dataset_size": 1880, "max_uncertainty": 4, "_timestamp": 1732375787.3824089, "_runtime": 423.0663568973541, "_step": 19, "_wandb": {"runtime": 422}}