{"train_error_energy": 2.4200582815078233, "train_error_force": 2.96765249462924, "train_loss": 0.6936270819547085, "valid_error_energy": 2.223054047444575, "valid_error_force": 3.152222054730101, "valid_loss": 0.6627779453992844, "test_error_energy": 11.590875811433701, "test_error_force": 17.201086730857792, "test_loss": 18.82027450281912, "lr": 0.0001, "dataset_size": 6650, "max_uncertainty": 3, "_timestamp": 1732939438.866196, "_runtime": 289.2654678821564, "_step": 19, "_wandb": {"runtime": 288}}