{"train_error_energy": 2.0276153795874037, "train_error_force": 1.9966637946083485, "train_loss": -2.3962573423858515, "valid_error_energy": 0.8759793067341878, "valid_error_force": 2.180969096414407, "valid_loss": -2.2426294883092246, "test_error_energy": 10.425506371350878, "test_error_force": 7.639257052534325, "test_loss": 5.089728647501681, "lr": 0.0001, "dataset_size": 3868, "max_uncertainty": 4, "_timestamp": 1732862722.6895573, "_runtime": 212.82579636573792, "_step": 19, "_wandb": {"runtime": 212}}