{"train_error_energy": 3.1383488261616583, "train_error_force": 4.60818034891404, "train_loss": 1.5647172212600708, "valid_error_energy": 2.7593353172182695, "valid_error_force": 4.549780399872523, "valid_loss": 1.4389622211456299, "test_error_energy": 8.39777030225135, "test_error_force": 9.231704389631028, "test_loss": 7.3028723731715015, "lr": 0.0001, "dataset_size": 2556, "max_uncertainty": 6, "_timestamp": 1733295121.1084747, "_runtime": 236.19762682914734, "_step": 19, "_wandb": {"runtime": 235}}