{"train_error_energy": 3.125916518489417, "train_error_force": 4.5520181620653934, "train_loss": 1.5462125128423665, "valid_error_energy": 2.853849240229633, "valid_error_force": 4.55269936970649, "valid_loss": 1.4389429092407227, "test_error_energy": 8.364164470859878, "test_error_force": 9.437753897554705, "test_loss": 6.944009963130451, "lr": 0.0001, "dataset_size": 2249, "max_uncertainty": 6, "_timestamp": 1733281075.036913, "_runtime": 240.51461791992188, "_step": 19, "_wandb": {"runtime": 240}}