{"train_error_energy": 4.349151545218527, "train_error_force": 4.480255076424614, "train_loss": 1.8387771344953967, "valid_error_energy": 5.552005318927659, "valid_error_force": 4.512831795142995, "valid_loss": 2.2442498207092285, "test_error_energy": 10.462707138978807, "test_error_force": 9.71868747293412, "test_loss": 7.521459547012888, "lr": 0.0001, "dataset_size": 1983, "max_uncertainty": 6, "_timestamp": 1733269245.6052577, "_runtime": 231.18224263191223, "_step": 19, "_wandb": {"runtime": 230}}