{"train_error_energy": 1.317804363237534, "train_error_force": 2.861731821896878, "train_loss": 0.08586495499593931, "valid_error_energy": 1.721913264401645, "valid_error_force": 3.002967761224002, "valid_loss": 0.4275930404663086, "test_error_energy": 9.3215616817575, "test_error_force": 14.850678620003517, "test_loss": 22.746403599284708, "lr": 0.0001, "dataset_size": 8990, "max_uncertainty": 3, "_timestamp": 1732952645.1139963, "_runtime": 310.18183636665344, "_step": 19, "_wandb": {"runtime": 309}}