{"train_error_energy": 2.6574446251829893, "train_error_force": 3.542750587897164, "train_loss": 1.0199458307998126, "valid_error_energy": 3.854148034060969, "valid_error_force": 3.660338293906395, "valid_loss": 1.5690749883651733, "test_error_energy": 10.638616347165286, "test_error_force": 12.14812224865694, "test_loss": 11.647450202422617, "lr": 0.0001, "dataset_size": 4119, "max_uncertainty": 4, "_timestamp": 1733236767.078639, "_runtime": 268.7138841152191, "_step": 19, "_wandb": {"runtime": 268}}