{"train_error_energy": 1.0955498055274306, "train_error_force": 2.1342484229433993, "train_loss": 0.9580613936696734, "valid_error_energy": 0.9009590830327345, "valid_error_force": 2.229315837831783, "valid_loss": 1.0751183032989502, "test_error_energy": 12.111741048046097, "test_error_force": 10.335684365872098, "test_loss": 5.80925284630341, "lr": 0.0001, "dataset_size": 2240, "max_uncertainty": 4, "_timestamp": 1732376821.5410066, "_runtime": 150.872145652771, "_step": 6}