{"train_error_energy": 1.9562705216237184, "train_error_force": 4.3777895738855275, "train_loss": 0.9947672989633348, "valid_error_energy": 2.3958126836546603, "valid_error_force": 4.577916650482813, "valid_loss": 1.3811662793159485, "test_error_energy": 7.250977785281485, "test_error_force": 8.169087615803404, "test_loss": 7.009328070735432, "lr": 0.0001, "dataset_size": 1429, "max_uncertainty": 8, "_timestamp": 1733471572.3239243, "_runtime": 185.09803128242493, "_step": 19, "_wandb": {"runtime": 184}}