{"train_error_energy": 1.9068966157862703, "train_error_force": 1.8631966649242384, "train_loss": -2.5771735827128093, "valid_error_energy": 2.7251639534113266, "valid_error_force": 2.193496499675829, "valid_loss": -2.073500394821167, "test_error_energy": 13.09062304058368, "test_error_force": 9.548234894578345, "test_loss": 8.080081555231704, "lr": 0.0001, "dataset_size": 1914, "max_uncertainty": 5, "_timestamp": 1733070873.9072664, "_runtime": 203.90555238723755, "_step": 19, "_wandb": {"runtime": 203}}