{"train_error_energy": 1.39818131030156, "train_error_force": 3.045933260412447, "train_loss": 0.21679232234871665, "valid_error_energy": 1.2159415035247998, "valid_error_force": 3.295729072022182, "valid_loss": 0.24560548861821493, "test_error_energy": 12.040416105565958, "test_error_force": 19.159987032724647, "test_loss": 27.549145843346082, "lr": 0.0001, "dataset_size": 5480, "max_uncertainty": 3, "_timestamp": 1732933266.23485, "_runtime": 277.9333748817444, "_step": 19, "_wandb": {"runtime": 277}}