{"train_error_energy": 3.1479244263715866, "train_error_force": 4.410262821795779, "train_loss": 1.4898915505624033, "valid_error_energy": 3.3282213249112083, "valid_error_force": 4.246951548979509, "valid_loss": 1.492525339126587, "test_error_energy": 6.867187441740824, "test_error_force": 8.035810327528361, "test_loss": 4.855694723378925, "lr": 0.0001, "dataset_size": 3530, "max_uncertainty": 6, "_timestamp": 1733369253.301747, "_runtime": 239.01690816879272, "_step": 19, "_wandb": {"runtime": 238}}