{"train_error_energy": 2.4623790284939657, "train_error_force": 3.0715400955193943, "train_loss": 0.751224329508841, "valid_error_energy": 2.445020115544096, "valid_error_force": 3.2683507871846307, "valid_loss": 0.8023806810379028, "test_error_energy": 11.539346771572664, "test_error_force": 18.300156971343476, "test_loss": 18.067183664331885, "lr": 0.0001, "dataset_size": 5120, "max_uncertainty": 3, "_timestamp": 1732931431.648872, "_runtime": 289.8650758266449, "_step": 19, "_wandb": {"runtime": 289}}