{"train_error_energy": 2.006727054181124, "train_error_force": 3.251228186955067, "train_loss": 1.4879445047939526, "valid_error_energy": 2.5661982234420195, "valid_error_force": 3.0519543053206775, "valid_loss": 1.5644900798797607, "test_error_energy": 8.048016576790463, "test_error_force": 7.615999658948178, "test_loss": 4.120324942453993, "lr": 0.0001, "dataset_size": 1072, "max_uncertainty": 8, "_timestamp": 1732465024.4433541, "_runtime": 372.80175018310547, "_step": 19, "_wandb": {"runtime": 372}}