{"train_error_energy": 2.0119008617276277, "train_error_force": 2.1977075072290417, "train_loss": -2.1559898873170216, "valid_error_energy": 0.9509749430901044, "valid_error_force": 2.380434707098595, "valid_loss": -2.017773389816284, "test_error_energy": 13.399708254060592, "test_error_force": 9.341037020081343, "test_loss": 6.786109934302525, "lr": 0.0001, "dataset_size": 938, "max_uncertainty": 6, "_timestamp": 1733018238.8208215, "_runtime": 173.05917644500732, "_step": 19, "_wandb": {"runtime": 172}}