{"train_error_energy": 1.3564476112303583, "train_error_force": 2.845283536614299, "train_loss": 0.08724871397018433, "valid_error_energy": 1.5243739890324217, "valid_error_force": 3.4312474585250023, "valid_loss": 0.5242595757756915, "test_error_energy": 0.0, "test_error_force": 0.0, "test_loss": 0.0, "lr": 0.0001, "_timestamp": 1733652349.003013, "_runtime": 2702.1430299282074, "_step": 5999, "_wandb": {"runtime": 2701}}