{"train_error_energy": 2.646140473073643, "train_error_force": 3.3808714569552887, "train_loss": 0.9567436057214553, "valid_error_energy": 3.5088286402884803, "valid_error_force": 3.454232281063873, "valid_loss": 1.3442323803901672, "test_error_energy": 10.611296661618937, "test_error_force": 12.42988895172101, "test_loss": 13.567025369374539, "lr": 0.0001, "dataset_size": 6639, "max_uncertainty": 4, "_timestamp": 1733272377.5683792, "_runtime": 291.07052421569824, "_step": 19, "_wandb": {"runtime": 290}}