{"train_error_energy": 2.1326545779214663, "train_error_force": 2.973679872538524, "train_loss": 1.3997213298624211, "valid_error_energy": 1.3635381180182773, "valid_error_force": 2.7510254160268177, "valid_loss": 1.4091335535049438, "test_error_energy": 8.466377326483382, "test_error_force": 12.646120310617878, "test_loss": 6.290154504526348, "lr": 0.0001, "dataset_size": 1053, "max_uncertainty": 6, "_timestamp": 1733733494.2018034, "_runtime": 375.9275875091553, "_step": 19, "_wandb": {"runtime": 375}}