Method,Energy R2 Score In Distribution,Forces R2 Score In Distribution,Correlation In Distribution,Energy Losses In Distribution,Forces Losses In Distribution,Energy R2 Score Out Distribution,Forces R2 Score Out Distribution,Correlation Out Distribution,Energy Losses Out Distribution,Forces Losses Out Distribution
MVE,0.9375008940696716,0.9644144177436829,0.08024974361275553,2.8081279,10.801563,0.47651392221450806,0.8077608942985535,-0.0813970879249338,8.222778,23.05583
MVE,0.8792944550514221,0.9331113696098328,-0.015763336972746667,4.0290675,15.129212,-0.5262724161148071,0.7728021144866943,0.3463460237392503,17.737175,27.232134
MVE,0.9493615627288818,0.9726493954658508,0.008514934295480786,2.461454,9.425841,-0.35701072216033936,0.7461862564086914,-0.01612149807806037,14.998448,27.100113
MVE,0.9430219531059265,0.9818757176399231,0.1785974848342744,2.7237842,7.4065733,-1.5603151321411133,0.7509512901306152,0.4696669363785489,16.414145,24.455885
MVE,0.9388364553451538,0.9661436080932617,0.10228561822176341,2.7376988,10.296704,-2.3272523880004883,0.7179264426231384,0.5885548775221512,24.29255,28.660624
