Method,Energy R2 Score In Distribution,Forces R2 Score In Distribution,Energy Errors In Distribution,Force LosErrorsses In Distribution,Energy R2 Score Out Distribution,Force R2 Score Out Distribution,Energy Errors Out Distribution,Force Errors Out Distribution,Energy Correlation In Distribution Energies,Energy Correlation In Distribution Forces,Energy Correlation Out Distribution Energy,Energy Correlation Out Distribution Forces,Force Correlation In Distribution Energy,Force Correlation In Distribution Forces,Force Correlation Out Distribution Energy,Force Correlation Out Distribution Forces
ModelEnsemble,0.9926068833477341,0.997791877719948,0.06823547,0.17245476,0.18464741896883607,0.9466952827079321,0.83192235,0.71753436,0.39932819685258664,0.5003508724073115,0.2938735369873798,0.5774747358376275,0.42917200589965504,0.8559812937952602,0.3792256438578209,0.9466156588421075
ModelEnsemble,0.7844007575744361,0.9968340102016819,0.5059276,0.2315195,0.46111536469923375,0.9595162055047474,0.7792256,0.65753216,0.265509530632881,-0.14268341022742115,0.21101070646995485,0.5836276492074772,-0.2851530829543615,0.680226120995324,0.36767916606158324,0.9336509554512992
ModelEnsemble,0.8505624439348499,0.9973928831115746,0.42501432,0.19292784,-0.002318963384152717,0.9608574377427037,1.0291668,0.6272256,0.24733787575115074,0.0123984337060856,0.2990603618475614,0.3559144246590364,0.3113973335777304,0.7830094418734125,0.28528403127659696,0.9371822348949487
