{"train_error_energy": 10.377849307056582, "train_error_force": 7.3845367748861745, "train_loss": 3.165381847201167, "valid_error_energy": 11.244191553335865, "valid_error_force": 7.513599807874376, "valid_loss": 3.266542911529541, "test_error_energy": 10.84680422034315, "test_error_force": 12.586461394072446, "test_loss": 4.937345170225773, "lr": 0.001, "dataset_size": 1171, "max_uncertainty": 4, "_timestamp": 1733571664.5316439, "_runtime": 204.63620686531067, "_step": 19, "_wandb": {"runtime": 204}}