{"train_loss_energy": 0.41183506875203546, "train_loss_force": 2.9136007431178093, "train_loss_total": -0.9969346117973328, "valid_loss_energy": 0.8767253757523639, "valid_loss_force": 3.622962403142878, "valid_loss_total": 1.912593560559409, "lr": 1e-05, "_timestamp": 1731524405.3074973, "_runtime": 2799.4041311740875, "_step": 5999, "_wandb": {"runtime": 2799}}