{"train_error_energy": 0.0, "train_error_force": 0.0, "train_loss": 0.0, "valid_error_energy": 0.0, "valid_error_force": 0.0, "valid_loss": 0.0, "test_error_energy": 13.237398026524605, "test_error_force": 20.395767180075097, "test_loss": 9.853732952896838, "lr": null, "dataset_size": 800, "max_uncertainty": 4, "_timestamp": 1733692971.8619394, "_runtime": 276.1985583305359, "_step": 0, "_wandb": {"runtime": 275}}