{"train_error_energy": 1.4728819330509735, "train_error_force": 3.1776206646157883, "train_loss": 0.3179031337721873, "valid_error_energy": 1.4902650296981481, "valid_error_force": 3.445051595065746, "valid_loss": 0.47311095396677655, "test_error_energy": 11.705807687222359, "test_error_force": 16.639599763766594, "test_loss": 25.511313443408586, "lr": 0.0001, "dataset_size": 3770, "max_uncertainty": 3, "_timestamp": 1732924710.2680812, "_runtime": 264.10573625564575, "_step": 19, "_wandb": {"runtime": 263}}