{"train_error_energy": 2.0510235908854577, "train_error_force": 3.0912852596129947, "train_loss": 1.4342504850140325, "valid_error_energy": 1.7501118512393368, "valid_error_force": 2.821652840412496, "valid_loss": 1.4211786985397339, "test_error_energy": 10.2622312706075, "test_error_force": 8.628353720508304, "test_loss": 4.808936705764052, "lr": 0.0001, "dataset_size": 1706, "max_uncertainty": 4, "_timestamp": 1732452609.88892, "_runtime": 405.3130931854248, "_step": 19, "_wandb": {"runtime": 404}}