{"train_error_energy": 1.6425778649069762, "train_error_force": 3.3638692842918, "train_loss": 0.5164762526057487, "valid_error_energy": 1.4204753144730935, "valid_error_force": 3.4344800804706295, "valid_loss": 0.4495842903852463, "test_error_energy": 9.991320455508445, "test_error_force": 12.651097677171656, "test_loss": 16.373617666554075, "lr": 0.0001, "dataset_size": 6858, "max_uncertainty": 4, "_timestamp": 1733276779.0835059, "_runtime": 294.9222228527069, "_step": 19, "_wandb": {"runtime": 294}}