{"train_error_energy": 3.913902118475048, "train_error_force": 3.457382058070887, "train_loss": 1.3758181447074527, "valid_error_energy": 3.47952337666207, "valid_error_force": 3.809786253902165, "valid_loss": 1.3913195133209229, "test_error_energy": 10.210662210922159, "test_error_force": 12.018369388608168, "test_loss": 9.69991471255637, "lr": 0.0001, "dataset_size": 1337, "max_uncertainty": 4, "_timestamp": 1733219737.8191652, "_runtime": 200.62388515472412, "_step": 19, "_wandb": {"runtime": 200}}