{"train_error_energy": 5.264525665243453, "train_error_force": 2.9762423807135425, "train_loss": 1.8070455995099297, "valid_error_energy": 1.5664957004719535, "valid_error_force": 3.067799219075753, "valid_loss": 1.8997920751571655, "test_error_energy": 10.814770747889831, "test_error_force": 9.326095822461797, "test_loss": 5.21899633008148, "lr": 0.0006, "dataset_size": 901, "_timestamp": 1732312210.8747733, "_runtime": 431.80888533592224, "_step": 24, "_wandb": {"runtime": 431}}