{"train_error_energy": 2.1410677789316432, "train_error_force": 1.8329579923023513, "train_loss": -2.6025592431747655, "valid_error_energy": 1.032763528525078, "valid_error_force": 1.9793608147620043, "valid_loss": -2.4739948908487954, "test_error_energy": 10.172534901822534, "test_error_force": 6.996542719617604, "test_loss": 4.950857946385888, "lr": 0.0001, "dataset_size": 4433, "max_uncertainty": 5, "_timestamp": 1733140143.811064, "_runtime": 283.7278389930725, "_step": 19, "_wandb": {"runtime": 283}}