{"train_error_energy": 1.540451923211135, "train_error_force": 2.749184113473953, "train_error_total": 1.2459768240268414, "valid_error_energy": 0.9655667862264713, "valid_error_force": 2.772926151209118, "valid_error_total": 1.3045119643211365, "test_error_energy": 9.239837166843353, "test_error_force": 8.260385017716647, "test_error_total": 4.48207486237531, "lr": 0.0001, "dataset_size": 1236, "_timestamp": 1732174491.397494, "_runtime": 329.5975341796875, "_step": 19, "_wandb": {"runtime": 329}}