{"train_error_energy": 1.447416330919753, "train_error_force": 2.477983335943674, "train_error_total": 1.1132929126421611, "valid_error_energy": 1.7580123195387143, "valid_error_force": 2.5863531211856734, "valid_error_total": 1.299898624420166, "test_error_energy": 10.86428289492772, "test_error_force": 9.822875117093469, "test_error_total": 5.438900588070535, "lr": 0.0001, "dataset_size": 936, "_timestamp": 1732135605.6147738, "_runtime": 314.9962508678436, "_step": 19, "_wandb": {"runtime": 314}}