{"train_error_energy": 3.050219648715741, "train_error_force": 4.293525891371714, "train_loss": 1.426057645615111, "valid_error_energy": 2.636033391006487, "valid_error_force": 4.324219449746571, "valid_loss": 1.2786822319030762, "test_error_energy": 9.170593343828177, "test_error_force": 10.128044132886052, "test_loss": 7.923299102883064, "lr": 0.0001, "dataset_size": 1504, "max_uncertainty": 6, "_timestamp": 1733247502.784986, "_runtime": 208.9413230419159, "_step": 19, "_wandb": {"runtime": 208}}