{"train_loss_energy": 3.3654655585180517, "train_loss_force": 3.0306639908300044, "train_loss_total": 1.0451706314086915, "valid_loss_energy": 3.0247475733080083, "valid_loss_force": 3.7355785418442315, "valid_loss_total": 1.2073624644960677, "lr": 0.0006, "_timestamp": 1731950866.6932733, "_runtime": 2737.1396412849426, "_step": 5999, "_wandb": {"runtime": 2736}}