{"train_loss_energy": 2.4682797580265996, "train_loss_force": 2.7157406408281926, "train_loss_total": 1.073872411251068, "valid_loss_energy": 3.880096991143482, "valid_loss_force": 3.290834367568578, "valid_loss_total": 1.360779779297965, "lr": 0.0001, "_timestamp": 1731507309.599588, "_runtime": 2624.4123799800873, "_step": 5999, "_wandb": {"runtime": 2624}}