{"train_error_energy": 10.452231699242633, "train_error_force": 4.912237809449842, "train_loss": 2.3431204366234115, "valid_error_energy": 4.609668602684677, "valid_error_force": 5.230422084995829, "valid_loss": 2.0585979223251343, "test_error_energy": 9.245269454622914, "test_error_force": 10.877445919701472, "test_loss": 4.258327416724559, "lr": 0.001, "dataset_size": 3381, "max_uncertainty": 4, "_timestamp": 1733542599.7258494, "_runtime": 243.7128393650055, "_step": 19, "_wandb": {"runtime": 243}}