{"train_error_energy": 2.7929172513566454, "train_error_force": 2.4752962709562993, "train_loss": -1.8070708455109015, "valid_error_energy": 1.871504278190216, "valid_error_force": 2.5568615948186943, "valid_loss": -1.783596158027649, "test_error_energy": 12.875511495313948, "test_error_force": 8.835836718766341, "test_loss": 5.338798378150501, "lr": 0.0001, "dataset_size": 1286, "max_uncertainty": 6, "_timestamp": 1733088084.6727812, "_runtime": 208.7305042743683, "_step": 19, "_wandb": {"runtime": 208}}