{"train_error_energy": 1.4348767633474988, "train_error_force": 3.136012438428866, "train_loss": 0.26169771876111125, "valid_error_energy": 1.1725233580949135, "valid_error_force": 3.3288800544679114, "valid_loss": 0.23209295670191446, "test_error_energy": 12.625144219556303, "test_error_force": 19.981123487238396, "test_loss": 26.989837496692598, "lr": 0.0001, "dataset_size": 4760, "max_uncertainty": 3, "_timestamp": 1732929614.253376, "_runtime": 259.1265470981598, "_step": 19, "_wandb": {"runtime": 258}}