{"train_error_energy": 2.179606368262428, "train_error_force": 4.389739262181575, "train_loss": 1.0891893135534751, "valid_error_energy": 1.7422208463786615, "valid_error_force": 4.523309046466336, "valid_loss": 1.046248435974121, "test_error_energy": 7.210511750665388, "test_error_force": 9.386555611142514, "test_loss": 7.269548081602726, "lr": 0.0001, "dataset_size": 1175, "max_uncertainty": 8, "_timestamp": 1733293987.8885412, "_runtime": 197.5150933265686, "_step": 19, "_wandb": {"runtime": 197}}