{"train_error_energy": 1.0362541364460474, "train_error_force": 2.2625213528077697, "train_loss": 1.0161672257460082, "valid_error_energy": 1.3060996098150477, "valid_error_force": 2.588876407947327, "valid_loss": 1.2809723615646362, "test_error_energy": 12.575255358292551, "test_error_force": 10.566388463811302, "test_loss": 5.9684033094276305, "lr": 0.0001, "dataset_size": 804, "_timestamp": 1732206206.238537, "_runtime": 129.3679280281067, "_step": 7, "_wandb": {"runtime": 129}}