{"train_error_energy": 13.21180753956187, "train_error_force": 6.081664492554651, "train_loss": 2.919086904139132, "valid_error_energy": 2.2004868635085124, "valid_error_force": 6.0569116153635445, "valid_loss": 2.173919916152954, "test_error_energy": 8.343901438683604, "test_error_force": 10.910058910174493, "test_loss": 4.208919699903558, "lr": 0.001, "dataset_size": 1179, "max_uncertainty": 8, "_timestamp": 1733575552.3356574, "_runtime": 210.28881645202637, "_step": 19, "_wandb": {"runtime": 210}}