{"train_error_energy": 3.172462827510159, "train_error_force": 4.484535247488654, "train_loss": 1.5142899426045242, "valid_error_energy": 2.094588238181105, "valid_error_force": 4.194664973917136, "valid_loss": 1.1170985102653503, "test_error_energy": 6.439256274228134, "test_error_force": 8.135464758965822, "test_loss": 4.964566012327584, "lr": 0.0001, "dataset_size": 3456, "max_uncertainty": 6, "_timestamp": 1733359845.8567212, "_runtime": 255.89266920089722, "_step": 19, "_wandb": {"runtime": 255}}