{"train_error_energy": 8.5392395347073, "train_error_force": 5.861203209139394, "train_loss": 2.532628637371641, "valid_error_energy": 8.45068331362663, "valid_error_force": 5.1699513796979275, "valid_loss": 2.295407295227051, "test_error_energy": 13.550582819134306, "test_error_force": 10.773790741589423, "test_loss": 4.511758379911253, "lr": 0.001, "dataset_size": 1049, "max_uncertainty": 8, "_timestamp": 1733568555.0133865, "_runtime": 195.055668592453, "_step": 19, "_wandb": {"runtime": 194}}