{"train_error_energy": 4.045837088550942, "train_error_force": 3.4370310305991185, "train_loss": 1.402876228094101, "valid_error_energy": 2.9954208358610717, "valid_error_force": 3.9097856313234587, "valid_loss": 1.2823594808578491, "test_error_energy": 11.122392225334364, "test_error_force": 11.546790025212347, "test_loss": 11.544297143426865, "lr": 0.0001, "dataset_size": 1067, "max_uncertainty": 4, "_timestamp": 1733218573.1584554, "_runtime": 206.32510447502136, "_step": 19, "_wandb": {"runtime": 206}}