{"train_error_energy": 9.68278136494043, "train_error_force": 4.31339315597279, "train_error_total": 2.6744542244153147, "valid_error_energy": 12.010960773427456, "valid_error_force": 5.252013421399863, "valid_error_total": 3.023015022277832, "test_error_energy": 18.147303518756342, "test_error_force": 10.569151165371304, "test_error_total": 5.868724363636596, "lr": 0.001, "dataset_size": 1230, "_timestamp": 1732188451.7914016, "_runtime": 366.7767086029053, "_step": 19, "_wandb": {"runtime": 366}}