{"lr":0.001,"valid_loss_force":49.92646789550781,"train_loss_energy":2.9590426853724887,"_runtime":1126.812722312,"valid_loss_energy":10.013147830963135,"train_loss_total":53.10314777919224,"_step":2369,"_wandb":{"runtime":1127},"train_loss_force":46.20857184273856,"_timestamp":1.7266578777003424e+09,"valid_loss_total":67.20996856689453}