{"train_error_energy": 2.3701033226215995, "train_error_force": 3.465746613934372, "train_loss": 1.576825913928804, "valid_error_energy": 2.313689407937595, "valid_error_force": 3.097417110183046, "valid_loss": 1.572265088558197, "test_error_energy": 5.54388015443535, "test_error_force": 5.982341861145679, "test_loss": 3.151918489895566, "lr": 0.0001, "dataset_size": 1334, "max_uncertainty": 8, "_timestamp": 1732675289.6247652, "_runtime": 367.81627225875854, "_step": 19, "_wandb": {"runtime": 367}}