{"train_loss_energy":0.2795387316366722,"_wandb":{"runtime":1656},"valid_loss_energy":0.6968083849752137,"train_loss_total":2.4481922758036645,"lr":0.001,"_timestamp":1.7309018389654996e+09,"_step":50,"train_loss_force":0.27716132690166606,"valid_loss_total":5.090407848358154,"dataset_size":900,"valid_loss_force":0.5889225917336829,"_runtime":1656.522246315}