{"train_error_energy": 2.0410320459789837, "train_error_force": 2.250782434284427, "train_loss": -2.0950041841715574, "valid_error_energy": 0.8539141303876195, "valid_error_force": 2.435238259963488, "valid_loss": -1.9702922105789185, "test_error_energy": 13.513658147257637, "test_error_force": 8.879538530115552, "test_loss": 5.996865200122613, "lr": 0.0001, "dataset_size": 998, "max_uncertainty": 6, "_timestamp": 1733035673.5903325, "_runtime": 158.39327144622803, "_step": 19, "_wandb": {"runtime": 158}}