{"train_error_energy": 1.9650431229512086, "train_error_force": 3.0864388505986073, "train_loss": 1.4189941638923553, "valid_error_energy": 1.3075847573510995, "valid_error_force": 2.7382096933329434, "valid_loss": 1.4370304346084595, "test_error_energy": 7.406271635749246, "test_error_force": 6.745122969579456, "test_loss": 3.6189605128702693, "lr": 0.0001, "dataset_size": 2652, "max_uncertainty": 4, "_timestamp": 1732614853.640795, "_runtime": 434.12730503082275, "_step": 19, "_wandb": {"runtime": 433}}