{"train_error_energy": 9.16077122692595, "train_error_force": 4.026491138697933, "train_loss": 1.960321414510277, "valid_error_energy": 6.585119792582482, "valid_error_force": 2.956159589381938, "valid_loss": 1.4298208236694336, "test_error_energy": 10.24385619765823, "test_error_force": 10.867264320542606, "test_loss": 4.32174665890439, "lr": 0.001, "dataset_size": 9630, "max_uncertainty": 4, "_timestamp": 1733625175.4722304, "_runtime": 301.02429032325745, "_step": 19, "_wandb": {"runtime": 300}}