{"train_loss_energy": 2.9753490556286573, "train_loss_force": 2.700512992311358, "train_loss_total": 0.7954543840885162, "valid_loss_energy": 2.5332074862194913, "valid_loss_force": 3.5543407081286817, "valid_loss_total": 0.9274265170097351, "lr": 0.0006, "_timestamp": 1732103277.536647, "_runtime": 2785.596747159958, "_step": 5999, "_wandb": {"runtime": 2784}}