{"train_error_energy": 8.90464224941927, "train_error_force": 3.9410522045495484, "train_error_total": 1.9145929557936532, "valid_error_energy": 9.5721146052925, "valid_error_force": 3.4821573299892497, "valid_error_total": 1.8057129383087158, "test_error_energy": 11.829247580869087, "test_error_force": 12.620191013187755, "test_error_total": 5.014376927420731, "lr": 0.001, "dataset_size": 881, "_timestamp": 1732180851.8194234, "_runtime": 164.16937851905823, "_step": 19, "_wandb": {"runtime": 163}}