{"train_error_energy": 12.056337005806727, "train_error_force": 4.5178258709667345, "train_loss": 2.31849668933227, "valid_error_energy": 8.219489724785289, "valid_error_force": 7.228550791391504, "valid_loss": 2.9687496423721313, "test_error_energy": 10.712698954918983, "test_error_force": 13.475648178968877, "test_loss": 5.2258954822080925, "lr": 0.001, "dataset_size": 7201, "max_uncertainty": 4, "_timestamp": 1733607366.2063248, "_runtime": 277.1544268131256, "_step": 19, "_wandb": {"runtime": 276}}