{"train_error_energy": 2.662108187792173, "train_error_force": 3.4824546218463897, "train_loss": 1.0188456896023872, "valid_error_energy": 2.2195711679985455, "valid_error_force": 3.889952045157379, "valid_loss": 0.9779685735702515, "test_error_energy": 9.330251756707218, "test_error_force": 11.11040588225549, "test_loss": 10.623178317284708, "lr": 0.0001, "dataset_size": 1240, "max_uncertainty": 4, "_timestamp": 1732917067.457751, "_runtime": 222.55274510383606, "_step": 19, "_wandb": {"runtime": 222}}