{"train_error_energy": 8.727276040830121, "train_error_force": 4.553106400138744, "train_loss": 2.1075187928563968, "valid_error_energy": 3.7069513519093396, "valid_error_force": 5.759179475663196, "valid_loss": 2.175111413002014, "test_error_energy": 9.63285031252181, "test_error_force": 12.654706600761065, "test_loss": 4.8789416258247735, "lr": 0.001, "dataset_size": 8101, "max_uncertainty": 4, "_timestamp": 1733613358.6044068, "_runtime": 283.52647590637207, "_step": 19, "_wandb": {"runtime": 283}}