{"train_error_energy": 3.996990375999986, "train_error_force": 3.266406593950133, "train_loss": 1.3211013248988561, "valid_error_energy": 1.9918648006515793, "valid_error_force": 3.8723513851866627, "valid_loss": 1.0522915124893188, "test_error_energy": 11.593295625825114, "test_error_force": 12.352005715067138, "test_loss": 8.587271550562994, "lr": 0.0001, "dataset_size": 890, "max_uncertainty": 3, "_timestamp": 1732911748.4439716, "_runtime": 158.28354954719543, "_step": 19, "_wandb": {"runtime": 157}}