{"train_error_energy": 4.038031544684, "train_error_force": 3.242212958421294, "train_loss": 1.8399200078212854, "valid_error_energy": 4.437046128657327, "valid_error_force": 3.0509647636361743, "valid_loss": 1.9045500755310059, "test_error_energy": 9.925552122471336, "test_error_force": 8.169889385610118, "test_loss": 4.511227410501211, "lr": 0.0006, "dataset_size": 1028, "_timestamp": 1732339466.971217, "_runtime": 443.1639769077301, "_step": 24, "_wandb": {"runtime": 442}}