{"train_error_energy": 1.1753346667569708, "train_error_force": 1.84025760515067, "train_loss": -2.657240189354995, "valid_error_energy": 1.04163268183229, "valid_error_force": 2.1375227091145117, "valid_loss": -2.261086583137512, "test_error_energy": 14.912246587557041, "test_error_force": 9.153374275820003, "test_loss": 7.772742698329906, "lr": 0.0001, "dataset_size": 2775, "max_uncertainty": 5, "_timestamp": 1733079914.8507595, "_runtime": 223.00874042510986, "_step": 19, "_wandb": {"runtime": 222}}