{"train_error_energy": 1.3616693100255932, "train_error_force": 2.9794061490278163, "train_loss": 0.1613744776357304, "valid_error_energy": 1.5616450757970626, "valid_error_force": 3.147198193459678, "valid_loss": 0.3525615632534027, "test_error_energy": 9.803280148313718, "test_error_force": 15.445431793245715, "test_loss": 23.241232547460427, "lr": 0.0001, "dataset_size": 7010, "max_uncertainty": 3, "_timestamp": 1732941395.397633, "_runtime": 294.9903471469879, "_step": 19, "_wandb": {"runtime": 294}}