{"train_error_energy": 1.7387667568603302, "train_error_force": 2.5491892590117904, "train_loss": 1.1935248715536935, "valid_error_energy": 2.280885566690367, "valid_error_force": 2.571762502729609, "valid_loss": 1.3363587856292725, "test_error_energy": 11.01021482050796, "test_error_force": 17.18483054019535, "test_loss": 8.41897899318116, "lr": 0.0001, "dataset_size": 888, "max_uncertainty": 6, "_timestamp": 1733687383.8300107, "_runtime": 347.31640553474426, "_step": 19, "_wandb": {"runtime": 347}}