{"train_error_energy": 3.410446753267025, "train_error_force": 5.278705043469966, "train_loss": 2.165649706270637, "valid_error_energy": 2.036276495810595, "valid_error_force": 4.783063961317543, "valid_loss": 1.315472960472107, "test_error_energy": 8.846461040146048, "test_error_force": 10.953439387795802, "test_loss": 9.764733334486397, "lr": 0.0001, "dataset_size": 1285, "max_uncertainty": 6, "_timestamp": 1733234952.7843282, "_runtime": 201.41805624961853, "_step": 19, "_wandb": {"runtime": 201}}