{"train_error_energy": 1.6410461984838192, "train_error_force": 2.9832912067927526, "train_loss": 1.34679968746341, "valid_error_energy": 1.3538870248936155, "valid_error_force": 2.761422840461343, "valid_loss": 1.3868171572685242, "test_error_energy": 11.148099949477182, "test_error_force": 9.061197573268213, "test_loss": 5.041555172485831, "lr": 0.0001, "dataset_size": 1555, "_timestamp": 1732253266.492633, "_runtime": 356.9200060367584, "_step": 19, "_wandb": {"runtime": 356}}