{"train_error_energy": 1.4807875798494723, "train_error_force": 1.9048701747103407, "train_loss": -2.550426291094886, "valid_error_energy": 2.191180406554461, "valid_error_force": 2.0256312406166526, "valid_loss": -2.3436365127563477, "test_error_energy": 11.135944312562208, "test_error_force": 9.360166663973231, "test_loss": 7.451940968398649, "lr": 0.0001, "dataset_size": 2856, "max_uncertainty": 3, "_timestamp": 1732831187.6362073, "_runtime": 247.11605429649353, "_step": 19, "_wandb": {"runtime": 246}}