{"train_error_energy": 1.7716956676998532, "train_error_force": 1.8659804000984967, "train_loss": -2.5823665743782405, "valid_error_energy": 1.8325210898070599, "valid_error_force": 2.170483532109619, "valid_loss": -2.1596192121505737, "test_error_energy": 13.124719375963613, "test_error_force": 9.478943688501563, "test_loss": 8.117448869175936, "lr": 0.0001, "dataset_size": 2002, "max_uncertainty": 5, "_timestamp": 1733071655.8775737, "_runtime": 202.50633478164673, "_step": 19, "_wandb": {"runtime": 202}}