{"train_loss_total":39.3809563773019,"valid_loss_energy":17.072775840759277,"_step":146,"train_loss_force":62.84732001168387,"valid_loss_total":40.27890968322754,"_wandb":{"runtime":27},"lr":0.001,"train_loss_energy":15.914593424115862,"_runtime":26.965467637,"_timestamp":1.7264939995518174e+09,"valid_loss_force":63.485042572021484}