{"train_error_energy": 2.3066263455586227, "train_error_force": 3.2070788577492997, "train_loss": 1.4976885883431685, "valid_error_energy": 3.5297243582806357, "valid_error_force": 2.926532791508808, "valid_loss": 1.5708258152008057, "test_error_energy": 8.512502176846297, "test_error_force": 7.835631450833824, "test_loss": 4.226842222413468, "lr": 0.0001, "dataset_size": 1190, "max_uncertainty": 6, "_timestamp": 1732463940.5577276, "_runtime": 379.37062764167786, "_step": 19, "_wandb": {"runtime": 379}}