{"train_error_energy": 8.597762889573657, "train_error_force": 4.417572540858909, "train_loss": 2.0535016275466758, "valid_error_energy": 3.07057550252101, "valid_error_force": 4.189157742464734, "valid_loss": 1.6071904182434082, "test_error_energy": 9.004380227461109, "test_error_force": 12.083077788531295, "test_loss": 4.64561520321831, "lr": 0.001, "dataset_size": 9001, "max_uncertainty": 4, "_timestamp": 1733619427.6698487, "_runtime": 296.44650864601135, "_step": 19, "_wandb": {"runtime": 296}}