{"train_error_energy": 3.0455510153270673, "train_error_force": 5.030462282507477, "train_loss": 1.6991308967009287, "valid_error_energy": 1.8339844343225729, "valid_error_force": 3.9233311892546356, "valid_loss": 0.924930731455485, "test_error_energy": 11.208998300779196, "test_error_force": 13.43954974718884, "test_loss": 12.544467955983746, "lr": 0.0001, "dataset_size": 4813, "max_uncertainty": 4, "_timestamp": 1733243543.0031729, "_runtime": 269.90988087654114, "_step": 19, "_wandb": {"runtime": 269}}