{"train_error_energy": 8.57938792010167, "train_error_force": 4.167612444997675, "train_loss": 1.9686345073777407, "valid_error_energy": 6.505281324971781, "valid_error_force": 3.260685420391829, "valid_loss": 1.5263732969760895, "test_error_energy": 12.088498418240391, "test_error_force": 11.682268560042067, "test_loss": 4.7178943244574585, "lr": 0.001, "dataset_size": 6301, "max_uncertainty": 4, "_timestamp": 1733601637.9413035, "_runtime": 282.14005851745605, "_step": 19, "_wandb": {"runtime": 281}}