{"train_error_energy": 2.6496022595425095, "train_error_force": 3.515430328275589, "train_loss": 1.0171195057722238, "valid_error_energy": 2.0081937971299015, "valid_error_force": 3.8303887166291335, "valid_loss": 0.9155685007572174, "test_error_energy": 10.326755300477794, "test_error_force": 11.833547748762337, "test_loss": 11.83261576747395, "lr": 0.0001, "dataset_size": 2050, "max_uncertainty": 4, "_timestamp": 1732921123.194905, "_runtime": 241.61763310432434, "_step": 19, "_wandb": {"runtime": 241}}