{"train_error_energy": 1.4864752092144797, "train_error_force": 3.2016231507149167, "train_loss": 0.3382279231984128, "valid_error_energy": 1.3531755969723762, "valid_error_force": 3.522196693798828, "valid_loss": 0.4685846269130707, "test_error_energy": 11.436294702751717, "test_error_force": 14.84337693730836, "test_loss": 24.196956444785233, "lr": 0.0001, "dataset_size": 2960, "max_uncertainty": 3, "_timestamp": 1732920788.360936, "_runtime": 237.29569697380066, "_step": 19, "_wandb": {"runtime": 237}}