{"train_error_energy": 5.985943556171809, "train_error_force": 3.376330491710029, "train_loss": -0.8102611202001572, "valid_error_energy": 3.1348562550410524, "valid_error_force": 4.5483403985058075, "valid_loss": -0.15398994088172913, "test_error_energy": 11.950617481513305, "test_error_force": 11.09182414435943, "test_loss": 4.795035846570399, "lr": 0.001, "dataset_size": 1585, "max_uncertainty": 4, "_timestamp": 1732789271.3324504, "_runtime": 174.01893949508667, "_step": 19, "_wandb": {"runtime": 173}}