Method,Energy R2 Score In Distribution,Forces R2 Score In Distribution,Energy Errors In Distribution,Force Errors In Distribution,Energy R2 Score Out Distribution,Force R2 Score Out Distribution,Energy Errors Out Distribution,Force Errors Out Distribution,Energy Correlation In Distribution Energies,Energy Correlation In Distribution Forces,Energy Correlation Out Distribution Energy,Energy Correlation Out Distribution Forces
EvidentialRegression,0.9798950204631345,0.9959420348230373,1.8043427,3.4453628,0.3702975732587558,0.8719408221728754,9.402243,14.769937,0.018338428013153687,0.1286853187947052,0.2583857512729965,0.11030583048470312
EvidentialRegression,0.980403635677504,0.9962110486873885,1.606993,3.576456,0.6168003255334977,0.9627940781315444,7.4279623,9.843735,0.13709094058526727,0.31308549201195657,0.364406513524702,0.15514792389403675
EvidentialRegression,0.9543285251183172,0.9953837897931447,2.5950375,3.838392,0.5867253806241566,0.9575581685482368,8.390424,9.9815855,-0.053604536606631434,0.08331373099788013,nan,nan
EvidentialRegression,0.9732646132287823,0.9964422381183685,1.9034292,3.4642818,0.7053055185903274,0.9769461769260582,6.8198514,7.975191,0.08935749042585879,0.10612475830704834,0.2865394575354203,0.3818734907831385
EvidentialRegression,0.9132025805657675,0.995266023704893,4.024774,3.90155,0.7739955228516326,0.9779069658531663,5.9589148,7.93596,0.037566879000180846,-0.006858881724651017,-0.058937370066590056,-0.18403986477677847
