{"train_error_energy": 2.27166633436139, "train_error_force": 2.822225153263302, "train_loss": 0.5906622412935782, "valid_error_energy": 2.831291141194724, "valid_error_force": 2.938728291563615, "valid_loss": 0.8860111594200134, "test_error_energy": 10.70565776015035, "test_error_force": 14.066239365095475, "test_loss": 17.31615555348821, "lr": 0.0001, "dataset_size": 9170, "max_uncertainty": 3, "_timestamp": 1732953734.3027513, "_runtime": 314.57141733169556, "_step": 19, "_wandb": {"runtime": 314}}