{"train_error_energy": 4.0240163401368605, "train_error_force": 3.3195534461005556, "train_loss": 1.3588246155805626, "valid_error_energy": 5.660185738905656, "valid_error_force": 3.194583334459213, "valid_loss": 1.8153532505035401, "test_error_energy": 10.087719272840088, "test_error_force": 10.518133784233397, "test_loss": 8.469250761401591, "lr": 0.0001, "dataset_size": 8201, "max_uncertainty": 4, "_timestamp": 1732998289.4086215, "_runtime": 260.65146255493164, "_step": 19, "_wandb": {"runtime": 260}}