{"valid_loss_force":63.44999122619629,"_step":778,"lr":0.001,"_wandb":{"runtime":230},"train_loss_total":4.074828590665545,"_timestamp":1.726562204040245e+09,"train_loss_force":62.81312016078404,"train_loss_energy":11.023624011448451,"valid_loss_energy":4.268707990646362,"_runtime":230.605213265,"valid_loss_total":4.268707990646362}