Method,Energy R2 Score In Distribution,Forces R2 Score In Distribution,Energy Losses In Distribution,Force Losses In Distribution,Energy R2 Score Out Distribution,Force R2 Score Out Distribution,Energy Losses Out Distribution,Force Losses Out Distribution,Energy Correlation In Distribution Energies,Energy Correlation In Distribution Forces,Energy Correlation Out Distribution Energy,Energy Correlation Out Distribution Forces,Force Correlation In Distribution Energy,Force Correlation In Distribution Forces,Force Correlation Out Distribution Energy,Force Correlation Out Distribution Forces
SWAG,0.32813787111628334,0.3113856494063797,0.6315441,3.5181262,0.2895120020205607,0.2878723743069456,0.779215,3.574803,0.26502612965787914,0.44568452307308454,0.3485237242851387,0.33424776917285465,0.12756143366306524,0.15469155792428627,0.16101740527054037,0.1793409140483488
SWAG,0.3311811687502749,0.311978399061755,0.6312228,3.5163417,0.19914679417432757,0.2915464159481455,0.8225173,3.566018,0.28087462498761795,0.5214373960938788,0.373006147422414,0.38285248715767806,0.07387220258436107,0.12513646431320902,0.13404397780946053,0.09538176410991002
SWAG,-0.00037504340144733916,-5.921189464667501e-16,0.7784434,4.2408156,-0.2058913986425237,3.7007434154171886e-16,1.0172483,4.242753,nan,nan,nan,nan,nan,nan,nan,nan
SWAG,0.3024625802146099,0.3118847889361827,0.63973236,3.5166414,0.18140670730677588,0.2983383843872982,0.8318083,3.5478222,0.3999850913388224,0.5137197918591692,0.40916880077715495,0.3531856133637207,0.1421536062414883,0.16397391372378467,0.037452921352444615,0.026242224521439476
SWAG,0.33032641433335286,0.31274295317174,0.63144106,3.5146437,-0.01904083951162483,0.14789814819815264,0.8924365,3.854262,0.28230856637020085,0.5298597632836666,-0.20403720917591606,-0.18667576751968615,0.0817849909086896,0.1559677966383224,0.3219359931983613,0.5204287280470482
