{"train_error_energy": 2.3756328735156758, "train_error_force": 1.8614770797496865, "train_loss": -2.547955180131472, "valid_error_energy": 2.4966488517263503, "valid_error_force": 2.07750235216425, "valid_loss": -2.248625119527181, "test_error_energy": 14.248118913656182, "test_error_force": 7.7544462056169, "test_loss": 5.991699775476106, "lr": 0.0001, "dataset_size": 4156, "max_uncertainty": 5, "_timestamp": 1733119150.3607945, "_runtime": 244.84077644348145, "_step": 19, "_wandb": {"runtime": 244}}