{"train_error_energy": 4.099452003016379, "train_error_force": 3.3809754834410617, "train_loss": 1.3857303837852, "valid_error_energy": 2.4232406793790395, "valid_error_force": 3.3465600588776265, "valid_loss": 0.9536521881818771, "test_error_energy": 10.374143286454558, "test_error_force": 11.889372992772657, "test_loss": 9.883901576097099, "lr": 0.0001, "dataset_size": 7644, "max_uncertainty": 4, "_timestamp": 1733297122.9483612, "_runtime": 324.2758162021637, "_step": 19, "_wandb": {"runtime": 323}}