{"train_loss_energy": 4.499620231135427, "train_loss_force": 6.692987389869809, "train_loss_total": 2.6108023738861084, "valid_loss_energy": 3.3262918200714244, "valid_loss_force": 6.040971674653888, "valid_loss_total": 2.099902170045035, "lr": 0.001, "_timestamp": 1731936576.0418622, "_runtime": 2776.970521211624, "_step": 5999, "_wandb": {"runtime": 2776}}