{"train_error_energy": 8.663763877505845, "train_error_force": 4.437422521679681, "train_loss": 2.0645603214242803, "valid_error_energy": 11.437588791475303, "valid_error_force": 4.50957588235741, "valid_loss": 2.27432918548584, "test_error_energy": 19.034788318629097, "test_error_force": 12.270503929920883, "test_loss": 5.3795698899873265, "lr": 0.001, "dataset_size": 8641, "max_uncertainty": 4, "_timestamp": 1733616969.0471694, "_runtime": 287.7481803894043, "_step": 19, "_wandb": {"runtime": 287}}