{"train_error_energy": 1.9837454330288469, "train_error_force": 2.887082012007475, "train_loss": 0.4951727557182312, "valid_error_energy": 1.884860931165516, "valid_error_force": 3.5510553780885674, "valid_loss": 0.857894948550633, "test_error_energy": 0.0, "test_error_force": 0.0, "test_loss": 0.0, "lr": 0.0001, "_timestamp": 1732896946.5344346, "_runtime": 2790.361400604248, "_step": 5999, "_wandb": {"runtime": 2790}}