{"train_error_energy": 2.5904010591611213, "train_error_force": 3.2791728812558003, "train_loss": 0.9016791634045201, "valid_error_energy": 1.7431151135023506, "valid_error_force": 3.325269938160746, "valid_loss": 0.6240495145320892, "test_error_energy": 10.100895014237103, "test_error_force": 12.31149754818437, "test_loss": 13.355722996576919, "lr": 0.0001, "dataset_size": 7704, "max_uncertainty": 4, "_timestamp": 1733298857.0531487, "_runtime": 324.8683457374573, "_step": 19, "_wandb": {"runtime": 324}}