{"train_error_energy": 0.0, "train_error_force": 0.0, "train_loss": 0.0, "valid_error_energy": 0.0, "valid_error_force": 0.0, "valid_loss": 0.0, "test_error_energy": 12.430151239653613, "test_error_force": 10.723379281669217, "test_loss": 6.044998388639919, "lr": null, "dataset_size": 800, "max_uncertainty": 8, "_timestamp": 1732372186.0008256, "_runtime": 244.881014585495, "_step": 0, "_wandb": {"runtime": 244}}