{"valid_loss_force":10.535877227783203,"train_loss_energy":2.24190616607666,"_runtime":5540.510029354,"_wandb":{"runtime":10202},"valid_loss_energy":2.688837766647339,"_step":14999,"_timestamp":1.727108755302707e+09,"train_loss_total":1.6102707045418876,"valid_loss_total":1.814106047153473,"lr":0.001,"train_loss_force":6.904172897338867}