{"train_error_energy": 15.612351241683477, "train_error_force": 4.411903612483002, "train_loss": 0.4956992478282363, "valid_error_energy": 3.373258312143514, "valid_error_force": 5.04601595976598, "valid_loss": 0.03585761785507202, "test_error_energy": 10.620201827968781, "test_error_force": 11.409140240043264, "test_loss": 3.8664556073892804, "lr": 0.001, "dataset_size": 2583, "max_uncertainty": 4, "_timestamp": 1732791301.9189034, "_runtime": 188.4123113155365, "_step": 19, "_wandb": {"runtime": 188}}