{"train_loss_energy": 0.7617725658416749, "train_loss_force": 63.06196517944336, "train_loss_total": 63.82373779296875, "valid_loss_energy": 0.8360156416893005, "valid_loss_force": 63.78196062360491, "valid_loss_total": 64.61797659737724, "lr": 0.001, "_timestamp": 1728898297.882595, "_runtime": 268.1398639678955, "_step": 22, "_wandb": {"runtime": 278}}