{"train_error_energy": 12.148632114715069, "train_error_force": 5.237400817295495, "train_loss": 2.565445215182197, "valid_error_energy": 13.200644017918721, "valid_error_force": 5.396400260154792, "valid_loss": 2.6890482107798257, "test_error_energy": 11.978827661777466, "test_error_force": 11.215929471341987, "test_loss": 4.554516532658282, "lr": 0.001, "dataset_size": 4231, "max_uncertainty": 4, "_timestamp": 1733588978.9146516, "_runtime": 241.0296335220337, "_step": 19, "_wandb": {"runtime": 240}}