{"train_error_energy": 4.208056244734476, "train_error_force": 3.5863925769860314, "train_loss": 1.483194030414928, "valid_error_energy": 2.6144264677622377, "valid_error_force": 3.6405772978818876, "valid_loss": 1.0996237397193909, "test_error_energy": 10.676021732582832, "test_error_force": 13.15262921635316, "test_loss": 9.64866489889734, "lr": 0.0001, "dataset_size": 3497, "max_uncertainty": 4, "_timestamp": 1733231357.813076, "_runtime": 251.798504114151, "_step": 19, "_wandb": {"runtime": 251}}