{"train_error_energy": 4.083882995071917, "train_error_force": 3.598979857108669, "train_loss": 1.4596094458642668, "valid_error_energy": 3.766568622038186, "valid_error_force": 3.6453488007869255, "valid_loss": 1.3521379232406616, "test_error_energy": 11.639084399664208, "test_error_force": 12.927365044561292, "test_loss": 9.8638050693492, "lr": 0.0001, "dataset_size": 4378, "max_uncertainty": 4, "_timestamp": 1733239239.0807118, "_runtime": 257.9922728538513, "_step": 19, "_wandb": {"runtime": 257}}