{"train_error_energy": 1.6955426802183515, "train_error_force": 3.119578702269801, "train_loss": 1.4049258860381875, "valid_error_energy": 1.3346082189046147, "valid_error_force": 2.7895209033131056, "valid_loss": 1.3763357400894165, "test_error_energy": 8.299266130657855, "test_error_force": 7.216683810632919, "test_loss": 3.961195838388972, "lr": 0.0001, "dataset_size": 2356, "max_uncertainty": 4, "_timestamp": 1732555240.0046215, "_runtime": 425.5555884838104, "_step": 19, "_wandb": {"runtime": 425}}