{"train_error_energy": 2.2823700614009685, "train_error_force": 2.300717103288172, "train_loss": -4.74797557700764, "valid_error_energy": 1.2544840111124027, "valid_error_force": 2.751816448167726, "valid_loss": 8.343710899353027, "test_error_energy": 15.331286403533388, "test_error_force": 9.744782445535266, "test_loss": 70.21183742902666, "lr": 0.0001, "dataset_size": 1406, "max_uncertainty": 4, "_timestamp": 1733730702.7194118, "_runtime": 223.46880793571472, "_step": 19, "_wandb": {"runtime": 223}}