{"train_error_energy": 1.5023064683532035, "train_error_force": 3.2205544331612463, "train_loss": 0.36568922332570525, "valid_error_energy": 1.7068454548324001, "valid_error_force": 3.619272759337809, "valid_loss": 0.6637851893901825, "test_error_energy": 10.706712004125947, "test_error_force": 14.088988112403896, "test_loss": 21.585778580910247, "lr": 0.0001, "dataset_size": 2510, "max_uncertainty": 3, "_timestamp": 1732918725.4130237, "_runtime": 244.8197727203369, "_step": 19, "_wandb": {"runtime": 244}}