{"train_error_energy": 8.435422261406917, "train_error_force": 5.341187223849369, "train_loss": 2.3516820915814103, "valid_error_energy": 1.7981565605160243, "valid_error_force": 6.399514371332666, "valid_loss": 2.261631488800049, "test_error_energy": 12.842299611108096, "test_error_force": 11.877547750237957, "test_loss": 4.833680222795896, "lr": 0.001, "dataset_size": 902, "max_uncertainty": 6, "_timestamp": 1733533311.3592923, "_runtime": 181.7668652534485, "_step": 19, "_wandb": {"runtime": 181}}