{"train_error_energy": 11.015555250870033, "train_error_force": 5.767905676470239, "train_loss": 2.667127591722152, "valid_error_energy": 10.75572313859066, "valid_error_force": 6.126402647762981, "valid_loss": 2.7696938514709473, "test_error_energy": 15.265583770718205, "test_error_force": 14.107921448378798, "test_loss": 5.742138043748146, "lr": 0.001, "dataset_size": 1070, "max_uncertainty": 4, "_timestamp": 1733563415.3925493, "_runtime": 195.3539843559265, "_step": 19, "_wandb": {"runtime": 195}}