{"train_error_energy": 1.6912251948267452, "train_error_force": 2.2062278540659808, "train_loss": -2.1692520075066146, "valid_error_energy": 0.9212328582666705, "valid_error_force": 2.4169923048078736, "valid_loss": -1.981951355934143, "test_error_energy": 11.279719812205487, "test_error_force": 7.924816438357736, "test_loss": 4.8644581814711, "lr": 0.0001, "dataset_size": 1352, "max_uncertainty": 6, "_timestamp": 1733118292.6429513, "_runtime": 195.1005322933197, "_step": 19, "_wandb": {"runtime": 194}}