{"train_error_energy": 2.6194214054573983, "train_error_force": 3.2955929348459247, "train_loss": 0.9221466641569342, "valid_error_energy": 2.282460004553936, "valid_error_force": 3.3549692148408754, "valid_loss": 0.8049176931381226, "test_error_energy": 9.424585225611624, "test_error_force": 11.253298003267172, "test_loss": 9.826373479753265, "lr": 0.0001, "dataset_size": 7441, "max_uncertainty": 4, "_timestamp": 1732979190.898168, "_runtime": 253.27393198013306, "_step": 19, "_wandb": {"runtime": 252}}