{"train_error_energy": 2.5804223243140525, "train_error_force": 3.200463330407649, "train_loss": 0.8651402231012837, "valid_error_energy": 2.3331252624752183, "valid_error_force": 3.276744330329598, "valid_loss": 0.7792776346206665, "test_error_energy": 9.951084047574732, "test_error_force": 11.507711403572893, "test_loss": 12.282197987221922, "lr": 0.0001, "dataset_size": 8516, "max_uncertainty": 4, "_timestamp": 1733327663.6429026, "_runtime": 317.04928159713745, "_step": 19, "_wandb": {"runtime": 316}}