{"train_error_energy": 2.6932912490355965, "train_error_force": 2.830672976652145, "train_loss": 0.749949414730072, "valid_error_energy": 3.856638754911082, "valid_error_force": 3.620842843584078, "valid_loss": 1.5413671391350883, "test_error_energy": 0.0, "test_error_force": 0.0, "test_loss": 0.0, "lr": 0.0001, "_timestamp": 1732899807.1737387, "_runtime": 2807.2607986927032, "_step": 5999, "_wandb": {"runtime": 2806}}