{"train_loss_total":6.01278863634382,"_wandb":{"runtime":2623},"train_loss_force":6.526627063751221,"_timestamp":1.7265786650477347e+09,"_runtime":2622.867280603,"valid_loss_energy":69.139892578125,"valid_loss_force":8.801429748535156,"train_loss_energy":47.604587418692454,"_step":8709,"lr":0.001,"valid_loss_total":7.388556480407715}