{"train_error_energy": 1.5758105244611953, "train_error_force": 1.8264863178750754, "train_loss": -2.6491627209428428, "valid_error_energy": 1.6086278573610582, "valid_error_force": 2.106716210106257, "valid_loss": -2.2606987158457437, "test_error_energy": 11.018688433068466, "test_error_force": 7.113577909505781, "test_loss": 5.154992909955729, "lr": 0.0001, "dataset_size": 4396, "max_uncertainty": 5, "_timestamp": 1733137896.1490254, "_runtime": 274.10722947120667, "_step": 19, "_wandb": {"runtime": 273}}