{"train_error_energy": 17.353439585818656, "train_error_force": 7.703773970016831, "train_loss": 3.739010547769481, "valid_error_energy": 5.356742291480663, "valid_error_force": 6.727056676947814, "valid_loss": 2.6093711853027344, "test_error_energy": 15.412824753051856, "test_error_force": 12.172152632937044, "test_loss": 5.1042771514173575, "lr": 0.001, "dataset_size": 911, "max_uncertainty": 6, "_timestamp": 1733540781.7048903, "_runtime": 185.7305781841278, "_step": 19, "_wandb": {"runtime": 185}}