{"train_error_energy": 8.6183971377854, "train_error_force": 3.702235807881333, "train_error_total": 1.8155285332884108, "valid_error_energy": 5.401284136755474, "valid_error_force": 3.582217496087382, "valid_error_total": 1.560078740119934, "test_error_energy": 10.858628175826869, "test_error_force": 13.168907464084931, "test_error_total": 5.133024747459052, "lr": 0.001, "dataset_size": 890, "_timestamp": 1732181508.8204055, "_runtime": 164.80245351791382, "_step": 19, "_wandb": {"runtime": 164}}