{"train_error_energy": 7.100935773793358, "train_error_force": 5.411317867697748, "train_loss": 2.285843361669512, "valid_error_energy": 8.136909086642488, "valid_error_force": 4.737538586425169, "valid_loss": 2.1297225952148438, "test_error_energy": 17.014196482988222, "test_error_force": 10.442521371830363, "test_loss": 4.632701803876468, "lr": 0.001, "dataset_size": 2121, "max_uncertainty": 4, "_timestamp": 1733535861.1903985, "_runtime": 221.96241736412048, "_step": 19, "_wandb": {"runtime": 221}}