{"train_error_energy": 10.92344972335428, "train_error_force": 5.583521938181986, "train_loss": 2.599268440766768, "valid_error_energy": 8.348732463810425, "valid_error_force": 3.6645184617828974, "valid_loss": 1.7848620414733887, "test_error_energy": 10.21631146471958, "test_error_force": 11.213865759707843, "test_loss": 4.435877310667987, "lr": 0.001, "dataset_size": 3511, "max_uncertainty": 4, "_timestamp": 1733584675.3957393, "_runtime": 231.7333014011383, "_step": 19, "_wandb": {"runtime": 231}}