{"train_error_energy": 2.0352741383269093, "train_error_force": 1.8211496527362543, "train_loss": -2.625712367414518, "valid_error_energy": 0.9601419534915192, "valid_error_force": 2.1029436752128996, "valid_loss": -2.3074936072031655, "test_error_energy": 12.111725724678273, "test_error_force": 7.572883472115986, "test_loss": 5.872249326156696, "lr": 0.0001, "dataset_size": 4192, "max_uncertainty": 5, "_timestamp": 1733121428.4620934, "_runtime": 247.1882393360138, "_step": 19, "_wandb": {"runtime": 246}}