{"train_error_energy": 2.6377208006855484, "train_error_force": 3.5507855485824953, "train_loss": 1.03687534655366, "valid_error_energy": 3.2301370505909905, "valid_error_force": 3.7438443450196717, "valid_loss": 1.3136398792266846, "test_error_energy": 10.286596502650797, "test_error_force": 12.863802269233314, "test_loss": 10.306621906020878, "lr": 0.0001, "dataset_size": 3397, "max_uncertainty": 4, "_timestamp": 1732930001.0457656, "_runtime": 265.0154707431793, "_step": 19, "_wandb": {"runtime": 264}}