{"train_error_energy": 3.0895992140486648, "train_error_force": 4.463776094697367, "train_loss": 1.475021415635159, "valid_error_energy": 3.2147254509938907, "valid_error_force": 4.495321538845526, "valid_loss": 1.7016801834106445, "test_error_energy": 7.040268105916914, "test_error_force": 9.201831432765786, "test_loss": 5.672992658864765, "lr": 0.0001, "dataset_size": 1203, "max_uncertainty": 8, "_timestamp": 1733301346.7109075, "_runtime": 201.60185146331787, "_step": 19, "_wandb": {"runtime": 201}}