{"train_error_energy": 3.1810758998209265, "train_error_force": 4.609804966270404, "train_loss": 1.573322447498193, "valid_error_energy": 3.068378938197176, "valid_error_force": 4.561044341288426, "valid_loss": 1.5052037835121155, "test_error_energy": 7.745723182628427, "test_error_force": 8.807201513232307, "test_loss": 5.979958796376333, "lr": 0.0001, "dataset_size": 2839, "max_uncertainty": 6, "_timestamp": 1733312225.7372272, "_runtime": 242.2983841896057, "_step": 19, "_wandb": {"runtime": 242}}