{"train_error_energy": 11.975331854502793, "train_error_force": 4.961271265139074, "train_loss": 2.4614540388186774, "valid_error_energy": 10.987854832543796, "valid_error_force": 5.50681372508503, "valid_loss": 2.5779117345809937, "test_error_energy": 11.17525277539254, "test_error_force": 12.489864646020406, "test_loss": 4.927003555897019, "lr": 0.001, "dataset_size": 1531, "max_uncertainty": 4, "_timestamp": 1733573595.8367682, "_runtime": 216.3118290901184, "_step": 19, "_wandb": {"runtime": 216}}