{"train_loss": 0.560276648029685, "train_uncertainty": NaN, "valid_loss": 0.5687824860215187, "valid_uncertainty": 0.12344817910343409, "in_interval": 6.549999713897705, "_timestamp": 1723643176.8069818, "_runtime": 19.66152286529541, "_step": 4, "_wandb": {"runtime": 22}}