{"train_error_energy": 2.9637143675434148, "train_error_force": 4.25269857036106, "train_loss": 1.3915010240342882, "valid_error_energy": 3.1035116760416623, "valid_error_force": 4.404439572273391, "valid_loss": 1.4449913501739502, "test_error_energy": 9.109182648308488, "test_error_force": 10.767183516162325, "test_loss": 8.06507343022611, "lr": 0.0001, "dataset_size": 1431, "max_uncertainty": 6, "_timestamp": 1733243208.8439162, "_runtime": 208.81738710403442, "_step": 19, "_wandb": {"runtime": 208}}