Method,Energy R2 Score In Distribution,Forces R2 Score In Distribution,Energy Errors In Distribution,Force Errors In Distribution,Energy R2 Score Out Distribution,Force R2 Score Out Distribution,Energy Errors Out Distribution,Force Errors Out Distribution,Energy Correlation In Distribution Energies,Energy Correlation In Distribution Forces,Energy Correlation Out Distribution Energy,Energy Correlation Out Distribution Forces
EvidentialRegression,0.9669799040445339,0.9954147788049378,2.3605707,3.916814,0.5954398966449137,0.9553520228503342,7.61585,10.783855,0.19172134208371208,0.2111993067152342,0.07243134758795662,0.11523656213831572
EvidentialRegression,0.9699881237679933,0.9959332485886708,2.176398,3.5108795,0.7777689538123819,0.9657988705168824,6.0777993,9.390274,0.11302439319409448,0.03798007985848473,-0.30964661824121886,-0.349687540751583
EvidentialRegression,0.9814244122227438,0.9957247164647279,1.6153402,3.8063488,0.7645876884224879,0.9641530572939064,6.167443,9.795979,0.276540747484573,0.4233313852202613,-0.21861919622702936,-0.1296063397186325
EvidentialRegression,0.9840246188817312,0.9956174338036367,1.4501048,3.755865,0.49592231147898747,0.9392755079045134,7.911714,11.7200775,0.16138641983287247,0.18898082880738087,0.1249910329749106,-0.04100566585705416
EvidentialRegression,0.9776633347397047,0.9910351715504829,1.7089648,5.394926,-0.5139618209570849,0.9125257456029994,12.6269245,14.869435,0.03597869200858476,0.07029226021249406,0.10502295893612787,0.08099680691135341
