{"train_error_energy": 2.5404934808975277, "train_error_force": 3.1682108838612937, "train_loss": 0.835749702296988, "valid_error_energy": 1.7884941669322068, "valid_error_force": 3.2134927100682047, "valid_loss": 0.5751870632171631, "test_error_energy": 9.336576838176091, "test_error_force": 11.032985261153911, "test_loss": 11.73444393417598, "lr": 0.0001, "dataset_size": 8758, "max_uncertainty": 4, "_timestamp": 1733338107.6468654, "_runtime": 317.31503438949585, "_step": 19, "_wandb": {"runtime": 316}}