{"train_error_energy": 6.7888122606088235, "train_error_force": 3.2890483767051855, "train_loss": 1.5548377153350086, "valid_error_energy": 6.361667519268465, "valid_error_force": 3.6235598084043565, "valid_loss": 1.6381815671920776, "test_error_energy": 9.667961412987509, "test_error_force": 10.871029914609407, "test_loss": 4.2844674000565295, "lr": 0.001, "dataset_size": 2611, "max_uncertainty": 4, "_timestamp": 1733579495.1257741, "_runtime": 226.57175612449646, "_step": 19, "_wandb": {"runtime": 226}}