{"train_loss_energy": 9.791511353112726, "train_loss_force": 3.7823152678204774, "train_loss_total": 1.2710918831825255, "valid_loss_energy": 6.0084493248117825, "valid_loss_force": 4.580033947775194, "valid_loss_total": 1.8556254761559623, "lr": 0.0006, "_timestamp": 1731691094.195378, "_runtime": 1731.335576057434, "_step": 3999, "_wandb": {"runtime": 1730}}