{"train_error_energy": 1.8131566492738422, "train_error_force": 3.0190047731363774, "train_loss": 0.46536721229553224, "valid_error_energy": 1.860799467239316, "valid_error_force": 3.659472096470637, "valid_loss": 0.7386085391044617, "test_error_energy": 0.0, "test_error_force": 0.0, "test_loss": 0.0, "lr": 0.0001, "_timestamp": 1733655095.875724, "_runtime": 2690.4334061145782, "_step": 5999, "_wandb": {"runtime": 2690}}