{"train_error_energy": 1.5206104554427404, "train_error_force": 1.8028701681851032, "train_loss": -2.685241759833643, "valid_error_energy": 1.1217457004999192, "valid_error_force": 2.147547385398754, "valid_loss": -2.2316677570343018, "test_error_energy": 12.206546818027736, "test_error_force": 11.8098886880163, "test_loss": 11.098487804073313, "lr": 0.0001, "dataset_size": 1865, "max_uncertainty": 3, "_timestamp": 1732808612.6024933, "_runtime": 199.44752717018127, "_step": 19, "_wandb": {"runtime": 199}}