{"train_error_energy": 1.7004491771216852, "train_error_force": 2.981328008802629, "train_loss": 1.3712143638859624, "valid_error_energy": 1.7928101629877253, "valid_error_force": 2.7102512440356774, "valid_loss": 1.3388137221336365, "test_error_energy": 11.034126758792114, "test_error_force": 9.10427822863323, "test_loss": 5.087995187150246, "lr": 0.0001, "dataset_size": 1467, "max_uncertainty": 4, "_timestamp": 1732425232.2109435, "_runtime": 390.7858364582062, "_step": 19, "_wandb": {"runtime": 390}}