Method,Energy R2 Score In Distribution,Forces R2 Score In Distribution,Correlation In Distribution,Energy Losses In Distribution,Forces Losses In Distribution,Energy R2 Score Out Distribution,Forces R2 Score Out Distribution,Correlation Out Distribution,Energy Losses Out Distribution,Forces Losses Out Distribution
ModelEnsemble,0.7543192644609793,0.889712997198746,0.2631890811047254,5.665636,20.406475,-0.4285949337862991,0.6308943423200787,0.33779699042940214,17.457285,36.003685
ModelEnsemble,0.7416194905496281,0.9761683759555959,-0.19184370854962124,6.838014,8.493918,-2.0822661803265223,0.8351839517705897,0.6388762324096467,25.67259,21.994905
ModelEnsemble,0.9497151107473941,0.9822588528249635,0.16392517824426941,2.5946684,7.4279604,-0.6554802461283298,0.8906561275442583,0.6185512568563883,18.957575,17.701809
ModelEnsemble,0.9034973315088822,0.9782804637694333,0.1146193143009474,3.8792422,8.142382,-0.8991714512604074,0.7787011503288331,0.6039309128637983,18.557362,24.881407
ModelEnsemble,0.9054073912251329,0.9625609446553215,0.43255129330387415,3.2696846,10.868289,-3.5388313284363964,0.7132396450952673,0.6229681581814991,28.147854,29.643822
