{"train_error_energy": 3.0520141556061153, "train_error_force": 4.590801793897688, "train_loss": 1.5349397845082469, "valid_error_energy": 4.053998862367612, "valid_error_force": 4.536353005034785, "valid_loss": 1.8913453221321106, "test_error_energy": 8.864667336877545, "test_error_force": 9.243117621965723, "test_loss": 6.974080230553112, "lr": 0.0001, "dataset_size": 2439, "max_uncertainty": 6, "_timestamp": 1733288857.3523479, "_runtime": 253.81765794754028, "_step": 19, "_wandb": {"runtime": 253}}