{"train_error_energy": 1.8300155228216506, "train_error_force": 2.3505898633941724, "train_loss": -4.624101619971426, "valid_error_energy": 1.001752860465769, "valid_error_force": 2.437999580042139, "valid_loss": -4.2475457191467285, "test_error_energy": 14.557528366052162, "test_error_force": 9.859459970205695, "test_loss": 66.44892114369657, "lr": 0.0001, "dataset_size": 1194, "max_uncertainty": 4, "_timestamp": 1733726884.090704, "_runtime": 215.09234285354614, "_step": 19, "_wandb": {"runtime": 214}}