{"train_loss": 5763.516481839693, "train_uncertainty": NaN, "valid_loss": 6129.9176025390625, "valid_uncertainty": 25390.8505859375, "in_interval": 100.0, "learning_rate": 1e-05, "_timestamp": 1723642125.823095, "_runtime": 29.422999143600464, "_step": 49, "_wandb": {"runtime": 29}}