Method,Energy R2 Score In Distribution,Forces R2 Score In Distribution,Energy Errors In Distribution,Force Errors In Distribution,Energy R2 Score Out Distribution,Force R2 Score Out Distribution,Energy Errors Out Distribution,Force Errors Out Distribution,Energy Correlation In Distribution Energies,Energy Correlation In Distribution Forces,Energy Correlation Out Distribution Energy,Energy Correlation Out Distribution Forces,Force Correlation In Distribution Energy,Force Correlation In Distribution Forces,Force Correlation Out Distribution Energy,Force Correlation Out Distribution Forces
SWAG,0.9761086470751517,0.996018915899613,1.9048035,3.7113256,0.7049235202378561,0.9743245881065241,7.567505,8.116136,0.004780972352009838,0.0604544439252766,-0.04887002916404344,-0.0977895075672816,-0.010756582831496136,0.3809765794103988,0.1971550490244488,0.45017105981846894
SWAG,0.946638762199006,0.9953723329921584,3.0621781,4.152139,0.6545874444018775,0.956518413801953,8.206061,9.941311,0.051527421893460275,-0.0642698164762036,0.010598644812948447,0.039265855791901574,-0.08395024007220672,0.32365856965705614,0.40495915237027874,0.7956118656998025
SWAG,0.9294094201038484,0.9946039664613272,3.5981262,4.4677534,-0.1698143363817648,0.9240553962433902,12.875664,13.223758,0.09117008931821678,-0.07437502695777172,-0.0697636858193743,-0.1664707080319513,-0.01204257740817505,0.32569074508063284,0.7054985162845091,0.7955551915063207
SWAG,0.7529933459715699,0.9945081106541229,7.0873322,4.4283032,-0.013127477189877279,0.961244000295277,15.328417,9.8592825,0.026051740257233037,-0.004789341673635339,0.008906728996156695,0.021897320651883816,-0.023640586997809614,0.33073695071926706,0.35635369619741764,0.7460961452522058
SWAG,0.8677086230472216,0.9961705401112905,5.106791,3.6357894,-0.09376400486340519,0.9570286449149105,14.229084,10.220274,0.010819864139804177,0.03562154685259523,0.08846011376957899,0.16695742173867717,0.010232402793624197,0.4619036166917596,0.6185357844346588,0.7765346624622185
