{"train_error_energy": 18.016259117340073, "train_error_force": 9.24057637974479, "train_loss": 4.297585864220896, "valid_error_energy": 17.32953623728122, "valid_error_force": 7.558138981119437, "valid_loss": 3.688681125640869, "test_error_energy": 12.913943597671103, "test_error_force": 13.073974518544178, "test_loss": 5.238802887382308, "lr": 0.001, "dataset_size": 980, "max_uncertainty": 4, "_timestamp": 1733561212.5187867, "_runtime": 188.08788657188416, "_step": 19, "_wandb": {"runtime": 187}}