{"train_error_energy": 1.5338918094907115, "train_error_force": 2.2362005822662487, "train_loss": -2.14517175867444, "valid_error_energy": 2.9269600935998437, "valid_error_force": 2.322276309546581, "valid_loss": -1.9575653076171875, "test_error_energy": 10.822701388149932, "test_error_force": 8.279219381336507, "test_loss": 5.0599913147731606, "lr": 0.0001, "dataset_size": 1344, "max_uncertainty": 6, "_timestamp": 1733108074.5351882, "_runtime": 208.92132329940796, "_step": 19, "_wandb": {"runtime": 208}}