Method,Energy R2 Score In Distribution,Forces R2 Score In Distribution,Energy Errors In Distribution,Force Errors In Distribution,Energy R2 Score Out Distribution,Force R2 Score Out Distribution,Energy Errors Out Distribution,Force Errors Out Distribution,Energy Correlation In Distribution Energies,Energy Correlation In Distribution Forces,Energy Correlation Out Distribution Energy,Energy Correlation Out Distribution Forces,Force Correlation In Distribution Energy,Force Correlation In Distribution Forces,Force Correlation Out Distribution Energy,Force Correlation Out Distribution Forces
SWAG,0.9761086420245151,0.9960189161407368,1.9048041,3.7113261,0.7049235378862101,0.9743245873483658,7.5675054,8.116136,0.01597642464937268,0.030639175725489798,-0.005220053328982296,-0.0502886789050993,-0.0017707931949235832,0.3150901226218596,0.1483592446669408,0.3414365080554391
SWAG,0.9466387648477942,0.9953723332233572,3.0621786,4.152139,0.654587483938809,0.9565184122223022,8.206059,9.941311,0.07733233601955165,-0.04992852292290107,-0.0006351143244821066,0.020590921648658507,-0.0854750893889457,0.23688708515744483,0.3979628781790642,0.7676549366908259
SWAG,0.9294094136340725,0.9946039665831536,3.5981257,4.4677525,-0.1698143122413771,0.9240553960915218,12.875664,13.223758,0.06930839207634683,-0.057794256458443535,-0.06427742548682436,-0.1108231945697831,-0.004644855635992788,0.23974616029675969,0.6668705942017756,0.7542683384377903
SWAG,0.752993337345758,0.9945081099900679,7.0873327,4.4283032,-0.013127571641840863,0.9612439993976151,15.328419,9.859283,0.009392345504774269,-0.008120417335274589,0.01648871468103202,0.014868911210620417,-0.01603016855673813,0.22714036451851857,0.347497049612749,0.6988251626736576
SWAG,0.8677086432363696,0.9961705400639698,5.10679,3.635789,-0.09376401702788328,0.9570286456246131,14.229084,10.220274,0.014016586696597024,0.008979371732658644,0.04437218723455464,0.11858216878003704,-0.0009590420641637868,0.37441991933912083,0.5825665965371046,0.7361418930163246
