{"train_error_energy": 1.3281209593069685, "train_error_force": 1.8116366789541345, "train_loss": -2.6855795764923096, "valid_error_energy": 1.7581164173644355, "valid_error_force": 2.434233354107916, "valid_loss": -1.7794246673583984, "test_error_energy": 11.737291845384942, "test_error_force": 12.248246696189822, "test_loss": 11.64834106904674, "lr": 0.0001, "dataset_size": 1596, "max_uncertainty": 3, "_timestamp": 1732806114.4822743, "_runtime": 185.0365002155304, "_step": 19, "_wandb": {"runtime": 184}}