{"train_error_energy": 1.732755586191333, "train_error_force": 2.264137962574405, "train_loss": -2.100974961768749, "valid_error_energy": 1.8373732174986859, "valid_error_force": 2.437760544713985, "valid_loss": -1.9001674056053162, "test_error_energy": 12.61001116273946, "test_error_force": 7.896118822509265, "test_loss": 4.812604937877954, "lr": 0.0001, "dataset_size": 1353, "max_uncertainty": 6, "_timestamp": 1733120865.1080403, "_runtime": 197.69882035255432, "_step": 19, "_wandb": {"runtime": 197}}