{"train_error_energy": 3.6517435583920017, "train_error_force": 3.654276031942813, "train_loss": 0.8446172177791595, "valid_error_energy": 5.295273360401568, "valid_error_force": 3.5487156984022437, "valid_loss": 1.1256176233291626, "test_error_energy": 12.78991198699973, "test_error_force": 13.861309321056817, "test_loss": 3.2319748925913068, "lr": 0.001, "dataset_size": 2088, "_timestamp": 1732210546.353183, "_runtime": 201.34749293327332, "_step": 19, "_wandb": {"runtime": 201}}