Method,Energy R2 Score In Distribution,Forces R2 Score In Distribution,Energy Errors In Distribution,Force LosErrorsses In Distribution,Energy R2 Score Out Distribution,Force R2 Score Out Distribution,Energy Errors Out Distribution,Force Errors Out Distribution,Energy Correlation In Distribution Energies,Energy Correlation In Distribution Forces,Energy Correlation Out Distribution Energy,Energy Correlation Out Distribution Forces,Force Correlation In Distribution Energy,Force Correlation In Distribution Forces,Force Correlation Out Distribution Energy,Force Correlation Out Distribution Forces
ModelEnsemble,0.9927006975474206,0.9976242041184372,0.06377197,0.17039694,0.16258814793007048,0.8771595153222043,0.52534777,0.8736413,0.33564069370662614,0.5557359820450658,0.8897235186764307,0.7825177125124239,0.34924110271668113,0.9426093053583345,0.6894859991466169,0.9939177807369822
ModelEnsemble,0.9882138769542328,0.9959489676468462,0.07751588,0.23543291,0.7462471658385734,0.9217367604912967,0.38640055,0.8358746,0.3818640257956318,0.4796032081393959,0.5545103500813204,0.8136938149004368,0.2781870234650572,0.8699545312893516,0.5980893099867199,0.9448490296159783
ModelEnsemble,0.9920809370928634,0.9978958149796764,0.063556,0.17057401,0.8521906047914962,0.9659516684472247,0.34053442,0.561367,0.2075574430770269,0.49094535085221486,0.4264975540723606,0.7102876749902174,0.2924077647330388,0.8654393265648644,0.3377923628204023,0.9716065284733781
ModelEnsemble,0.9881206415333447,0.9973704182496501,0.0779157,0.19043513,0.30688753718254036,0.9109781684633712,0.49360853,0.75878507,0.3707430746620697,0.4381404856328677,0.8984184865909748,0.8319963726601262,0.3801217228145061,0.8350611878164421,0.8015143822223169,0.9917599868413125
ModelEnsemble,0.990027166843675,0.9978336776452893,0.0794451,0.17626251,0.5970230501921093,0.9666505610198568,0.5272416,0.5568776,0.3350381059705417,0.41822852747271294,0.3947423550362579,0.5881663911540378,0.24610360766161796,0.8342102069404396,0.6244451020761496,0.9559544355044939
