{"train_error_energy": 1.5445054228220738, "train_error_force": 3.2276599021861916, "train_loss": 0.3867194494780372, "valid_error_energy": 1.6230754851139126, "valid_error_force": 3.7653040839584624, "valid_loss": 0.7243804335594177, "test_error_energy": 11.61658450552798, "test_error_force": 12.480207459513762, "test_loss": 12.584062186835324, "lr": 0.0001, "dataset_size": 1070, "max_uncertainty": 3, "_timestamp": 1732912433.5139298, "_runtime": 172.62345695495605, "_step": 19, "_wandb": {"runtime": 172}}