{"train_error_energy": 3.123960829937068, "train_error_force": 4.538873588278122, "train_loss": 1.5284962365121553, "valid_error_energy": 3.1120930109220004, "valid_error_force": 4.491934741135964, "valid_loss": 1.4910725355148315, "test_error_energy": 7.533722973516026, "test_error_force": 8.580857584943432, "test_loss": 5.4873971140197435, "lr": 0.0001, "dataset_size": 3158, "max_uncertainty": 6, "_timestamp": 1733334486.5412083, "_runtime": 244.29707717895508, "_step": 19, "_wandb": {"runtime": 243}}