Method,Energy R2 Score In Distribution,Forces R2 Score In Distribution,Correlation In Distribution,Energy Losses In Distribution,Forces Losses In Distribution,Energy R2 Score Out Distribution,Forces R2 Score Out Distribution,Correlation Out Distribution,Energy Losses Out Distribution,Forces Losses Out Distribution
SWAG,0.8839009402469007,0.9368722011705665,0.12011432170666506,3.8732343,14.751189,0.2819190888677655,0.7732589614854928,0.3356293144700928,11.36823,27.664503
SWAG,0.9521281689578273,0.9783729189396824,0.09000620561530404,2.5484304,7.9407153,0.4790477484960608,0.8520951366944715,0.5800285937779609,8.787773,18.929495
SWAG,0.9577450846670927,0.9827422096959125,0.15916834216910167,2.2191827,7.2830515,-1.432378536290864,0.7929032328720663,0.6717851535187227,17.654688,22.869263
SWAG,0.882304621335506,0.9525252691783607,0.21156559875593392,3.7103157,12.522134,-0.9893747183760238,0.6891091619984273,0.4824717704467339,16.948181,31.523891
SWAG,0.7643888078119746,0.8871136234254591,0.05755950841882027,5.4202952,20.511683,-0.8730762056986237,0.6509692288669471,0.26696054829822097,18.492851,35.068096
