{"train_error_energy": 1.4013737531242514, "train_error_force": 2.0149628049097097, "train_loss": -2.4143467790940227, "valid_error_energy": 4.003397076286376, "valid_error_force": 2.59267870628319, "valid_loss": -1.5250651836395264, "test_error_energy": 11.85263958320008, "test_error_force": 10.145274434610931, "test_loss": 8.099981352920931, "lr": 0.0001, "dataset_size": 1067, "max_uncertainty": 6, "_timestamp": 1733070286.0874705, "_runtime": 169.94639348983765, "_step": 19, "_wandb": {"runtime": 169}}