{"train_error_energy": 2.651858637420888, "train_error_force": 3.5221250561863804, "train_loss": 1.024403310957409, "valid_error_energy": 2.810307364977659, "valid_error_force": 3.608349872830418, "valid_loss": 1.0982508460680644, "test_error_energy": 10.042191952215754, "test_error_force": 11.467550278795029, "test_loss": 10.301455862235024, "lr": 0.0001, "dataset_size": 4021, "max_uncertainty": 4, "_timestamp": 1732935141.9339063, "_runtime": 280.2420823574066, "_step": 19, "_wandb": {"runtime": 279}}