{"train_error_energy": 3.0941102160594496, "train_error_force": 4.407691239500594, "train_loss": 1.454955550034841, "valid_error_energy": 2.469845498623585, "valid_error_force": 4.591476533462377, "valid_loss": 1.37632817029953, "test_error_energy": 6.038418446160439, "test_error_force": 8.137083335158536, "test_loss": 4.677328775066356, "lr": 0.0001, "dataset_size": 1422, "max_uncertainty": 8, "_timestamp": 1733450735.5431108, "_runtime": 186.94265484809875, "_step": 19, "_wandb": {"runtime": 186}}