{"train_error_energy": 4.425907366366197, "train_error_force": 4.443068618075998, "train_loss": 1.8532256912766842, "valid_error_energy": 4.127683422792305, "valid_error_force": 4.413813720647806, "valid_loss": 1.721343219280243, "test_error_energy": 9.418037787433112, "test_error_force": 9.872124817649, "test_loss": 6.582767241912363, "lr": 0.0001, "dataset_size": 1815, "max_uncertainty": 6, "_timestamp": 1733261190.029743, "_runtime": 220.5529270172119, "_step": 19, "_wandb": {"runtime": 220}}