{"train_error_energy": 4.394357763228986, "train_error_force": 4.4878629561716545, "train_loss": 1.8443244751109633, "valid_error_energy": 5.935985346269665, "valid_error_force": 4.721921017868086, "valid_loss": 2.401457905769348, "test_error_energy": 7.4401933845290875, "test_error_force": 8.513026379653251, "test_loss": 4.676666916352916, "lr": 0.0001, "dataset_size": 1351, "max_uncertainty": 8, "_timestamp": 1733380548.0813084, "_runtime": 194.06878232955933, "_step": 19, "_wandb": {"runtime": 193}}