{"train_loss_energy": 3.4888076375175414, "train_loss_force": 4.355825745408952, "train_loss_total": 1.5595619130134581, "valid_loss_energy": 4.5483990951069755, "valid_loss_force": 4.805784599871294, "valid_loss_total": 2.08352073601314, "lr": 0.001, "_timestamp": 1731953638.8461359, "_runtime": 2739.334916830063, "_step": 5999, "_wandb": {"runtime": 2738}}