{"train_error_energy": 2.197643006272552, "train_error_force": 1.8028754847151796, "train_loss": -2.640073351770918, "valid_error_energy": 4.9026702477143616, "valid_error_force": 2.144259564124557, "valid_loss": -1.9823890924453735, "test_error_energy": 12.257329522207133, "test_error_force": 8.874343083032375, "test_loss": 7.57708062676235, "lr": 0.0001, "dataset_size": 3412, "max_uncertainty": 5, "_timestamp": 1733089726.000042, "_runtime": 236.02544784545898, "_step": 19, "_wandb": {"runtime": 235}}