{"train_error_energy": 3.983364602503048, "train_error_force": 3.1954517014500787, "train_loss": 1.292203286041816, "valid_error_energy": 3.7434484392782124, "valid_error_force": 3.5017153630872437, "valid_loss": 1.2833633422851562, "test_error_energy": 10.20501828253133, "test_error_force": 12.407047401508434, "test_loss": 10.756447093024928, "lr": 0.0001, "dataset_size": 3050, "max_uncertainty": 3, "_timestamp": 1732921221.182421, "_runtime": 256.0308139324188, "_step": 19, "_wandb": {"runtime": 255}}