Method,Energy R2 Score In Distribution,Forces R2 Score In Distribution,Energy Errors In Distribution,Force Errors In Distribution,Energy R2 Score Out Distribution,Force R2 Score Out Distribution,Energy Errors Out Distribution,Force Errors Out Distribution,Energy Correlation In Distribution Energies,Energy Correlation In Distribution Forces,Energy Correlation Out Distribution Energy,Energy Correlation Out Distribution Forces,Force Correlation In Distribution Energy,Force Correlation In Distribution Forces,Force Correlation Out Distribution Energy,Force Correlation Out Distribution Forces
SWAG,0.9617052532812513,0.9984705886170958,2.6705,2.2049916,-0.3483015152934208,0.9503137175672096,14.132791,10.703687,-0.006331471558769918,0.016331895252342014,0.06490394762871783,0.1648527643534828,0.03143478775476235,0.14490633032665898,0.2887684487695065,0.5358213749159583
SWAG,0.9907396227028473,0.9972881290162955,1.0673766,2.897963,0.2928088953435801,0.7510940382635493,8.94066,15.912159,-0.005293248140999683,-0.009481292820976013,0.10459919118190568,0.2831421957488919,0.08456334257727695,0.2183415110532796,0.519501903038112,0.7918675530981565
SWAG,0.9379237526337331,0.9981440999242825,3.5062852,2.4381988,-0.0933419238574742,0.9601427902959051,13.967922,9.86135,-0.023686601365486545,-0.03050609052243692,-0.11661278222711298,-0.09871341422862766,-0.012897395078618116,0.04284385274226003,-0.10007627544154081,0.05091871172994191
SWAG,0.9894969015216682,0.9979917571842506,1.216457,2.467078,-0.25223434250063215,0.903508748467849,13.460673,12.879552,-0.002630450733480476,0.005353654832633109,-0.027410193800133955,0.12353573981053134,0.10339270121757871,0.21818254874485335,0.32745122471155425,0.575472389538252
SWAG,0.9901165424726945,0.998579966088656,1.2394919,2.0075274,-1.6182929378024964,0.7419677628511036,17.640366,18.658672,0.0019707864915112076,0.007585290160586567,0.3864378860915217,0.423109158595865,0.10159725936532835,0.36444396684193026,0.42705841883790374,0.6223602084480966
