Method,Energy R2 Score In Distribution,Forces R2 Score In Distribution,Energy Losses In Distribution,Forces Losses In Distribution,Energy R2 Score Out Distribution,Forces R2 Score Out Distribution,Energy Losses Out Distribution,Forces Losses Out Distribution,Energy Correlation In Distribution Energies,Energy Correlation In Distribution Forces,Energy Correlation Out Distribution Energy,Energy Correlation Out Distribution Forces,Force Correlation In Distribution Energy,Force Correlation In Distribution Forces,Force Correlation Out Distribution Energy,Force Correlation Out Distribution Forces
ModelEnsemble,0.9779235371066142,0.9953278348755957,0.102785446,0.27693844,0.7436748227919203,0.9304601391978257,0.3465142,0.69546515,-0.05347635030260686,0.25737850569057585,0.5296857099015624,0.7541318887700517,0.25329805285593565,0.8092569585020943,0.5953111905991468,0.9826717293783656
ModelEnsemble,0.9578071645323806,0.9938223085608858,0.16336153,0.31419677,0.8094316285568667,0.9586615500048525,0.3641839,0.6894372,-0.15273889555565556,0.07843369607838921,0.17955114561301427,0.5947358107685128,0.07233601291152214,0.729070513972879,0.394398861391459,0.9201659104199419
ModelEnsemble,0.9748278459291944,0.9947048999099187,0.12295228,0.2967053,0.7038213484899367,0.9722591852688574,0.4013672,0.56083477,0.2998637409457011,0.17088919975769215,0.48653343383253944,0.7286791279507934,0.053320717988146075,0.6522040523093757,0.662898514543846,0.9394399038479152
ModelEnsemble,0.9738159574859157,0.9944890534949469,0.110350534,0.2958,0.7783647109535645,0.9504743395549661,0.34509757,0.7146452,-0.043117299828950864,0.18092749827291665,0.43706426577377977,0.6295191231781415,0.3627991813028969,0.8322700546978493,0.5195075625197735,0.9625158157278785
ModelEnsemble,0.9864272062671094,0.9960778538004847,0.08165729,0.25844672,0.6647218493066263,0.9657571975697751,0.37824965,0.59516233,0.35762938130002964,0.43276049828449825,0.6722908611669561,0.71615822381054,0.3053361020876045,0.803079998428572,0.7983563366027672,0.9561632335204081
