{"train_error_energy": 1.2062483245041913, "train_error_force": 1.7582240693322935, "train_loss": -2.768634686103234, "valid_error_energy": 1.297624822121036, "valid_error_force": 2.189825687470636, "valid_loss": -2.1400814056396484, "test_error_energy": 12.199239558111667, "test_error_force": 12.327035009476047, "test_loss": 12.126273275045824, "lr": 0.0001, "dataset_size": 1228, "max_uncertainty": 3, "_timestamp": 1732803712.2208607, "_runtime": 176.6498086452484, "_step": 19, "_wandb": {"runtime": 176}}