{"train_loss_energy":6.398436478206089,"train_loss_total":5.920099803379604,"valid_loss_force":6.008557319641113,"train_loss_force":5.44176299231393,"_runtime":2275.21420846,"lr":0.001,"valid_loss_total":5.869949817657471,"valid_loss_energy":5.731342315673828,"_step":199,"_wandb":{"runtime":2290},"_timestamp":1.7265630611835065e+09}