{"train_error_energy": 7.885997664145657, "train_error_force": 4.298679335971653, "train_loss": 1.9660877940606099, "valid_error_energy": 3.7369605283733143, "valid_error_force": 4.389823235530972, "valid_loss": 1.7189286351203918, "test_error_energy": 10.655671376795528, "test_error_force": 11.864959594245416, "test_loss": 4.683137629044618, "lr": 0.001, "dataset_size": 7831, "max_uncertainty": 4, "_timestamp": 1733611503.6392567, "_runtime": 282.40433263778687, "_step": 19, "_wandb": {"runtime": 282}}