{"train_error_energy": 1.176991949036049, "train_error_force": 1.7782504556305507, "train_loss": -2.7424926667843224, "valid_error_energy": 0.8763125032774254, "valid_error_force": 2.0600747061199196, "valid_loss": -2.362629532814026, "test_error_energy": 11.806766861927164, "test_error_force": 12.090347546766282, "test_loss": 11.640917073993784, "lr": 0.0001, "dataset_size": 1686, "max_uncertainty": 3, "_timestamp": 1732806887.0863752, "_runtime": 214.7624373435974, "_step": 19, "_wandb": {"runtime": 214}}