{"train_error_energy": 0.0, "train_error_force": 0.0, "train_loss": 0.0, "valid_error_energy": 0.0, "valid_error_force": 0.0, "valid_loss": 0.0, "test_error_energy": 12.431827418372507, "test_error_force": 10.721727356400123, "test_loss": 6.044196795418625, "lr": null, "dataset_size": 800, "max_uncertainty": 6, "_timestamp": 1732377159.2640486, "_runtime": 243.65507864952087, "_step": 0, "_wandb": {"runtime": 243}}