Method,Energy R2 Score In Distribution,Forces R2 Score In Distribution,Energy Losses In Distribution,Force Losses In Distribution,Energy R2 Score Out Distribution,Force R2 Score Out Distribution,Energy Losses Out Distribution,Force Losses Out Distribution,Energy Correlation In Distribution Energies,Energy Correlation In Distribution Forces,Energy Correlation Out Distribution Energy,Energy Correlation Out Distribution Forces,Force Correlation In Distribution Energy,Force Correlation In Distribution Forces,Force Correlation Out Distribution Energy,Force Correlation Out Distribution Forces
SWAG,0.9870402371639153,0.9954673937336183,0.08488306,0.2637667,0.5029456151594798,0.9500625287183478,0.5645212,0.7263492,0.16737222944002286,0.6092868386053948,-0.20913954015157127,-0.07608195741622938,0.05414182378615835,0.23910688023848475,0.36295972030535095,0.6982134120670028
SWAG,0.98704024540724,0.995467393534233,0.08488306,0.2637667,0.5029455375600651,0.9500625270423203,0.56452125,0.72634923,0.1675623015718936,0.6103595454779382,-0.21044681112285527,-0.07830085397695889,0.04416889063998091,0.24586686521831116,0.3647221298201785,0.6892268959781566
