{"train_error_energy": 10.125205608583167, "train_error_force": 4.56805375140081, "train_loss": 2.206070556156877, "valid_error_energy": 20.416450860304387, "valid_error_force": 5.961097675655206, "valid_loss": 3.360884110132853, "test_error_energy": 16.41728699572654, "test_error_force": 11.818143054240373, "test_loss": 5.053043655075952, "lr": 0.001, "dataset_size": 4411, "max_uncertainty": 4, "_timestamp": 1733590058.1982167, "_runtime": 246.97092270851135, "_step": 19, "_wandb": {"runtime": 246}}