{"_wandb":{"runtime":2953},"_step":199,"train_loss_energy":4.833872250148228,"train_loss_total":4.659163475036621,"lr":0.001,"train_loss_force":4.484454495566232,"valid_loss_force":5.670342445373535,"_runtime":2938.734462224,"valid_loss_energy":5.320573091506958,"_timestamp":1.7265690204833498e+09,"valid_loss_total":5.495457887649536}