{"train_error_energy": 0.0, "train_error_force": 0.0, "train_loss": 0.0, "valid_error_energy": 0.0, "valid_error_force": 0.0, "valid_loss": 0.0, "test_error_energy": 12.4286433428503, "test_error_force": 10.720735772221673, "test_loss": 6.0431686496235315, "lr": null, "dataset_size": 800, "_timestamp": 1732206898.5067215, "_runtime": 243.8398904800415, "_step": 0, "_wandb": {"runtime": 243}}