{"train_error_energy": 4.358681174119804, "train_error_force": 4.503817840620351, "train_loss": 1.8426346636953808, "valid_error_energy": 3.867036050004221, "valid_error_force": 4.816477248017175, "valid_loss": 1.8553853631019592, "test_error_energy": 6.798861488924534, "test_error_force": 8.472267027984195, "test_loss": 4.4414340164024795, "lr": 0.0001, "dataset_size": 1341, "max_uncertainty": 8, "_timestamp": 1733372789.6118672, "_runtime": 197.40648007392883, "_step": 19, "_wandb": {"runtime": 196}}