{"_runtime":563.662153898,"valid_loss_total":0.004043353760507719,"_wandb":{"runtime":572},"_timestamp":1.7309000783343976e+09,"_step":30,"valid_loss_energy":0.0024229249641474783,"dataset_size":1499,"valid_loss_force":0.00010590075452888814,"train_loss_energy":0.02895478047480054,"lr":0.001,"train_loss_force":0.00023244057105175478,"train_loss_total":0.031927031390567094}