{"train_error_energy": 4.1198550362066175, "train_error_force": 3.5453742113897766, "train_loss": 1.4624445935090382, "valid_error_energy": 3.444247239887606, "valid_error_force": 3.7068362876281817, "valid_loss": 1.3067260384559631, "test_error_energy": 11.857981768084617, "test_error_force": 14.4084818283968, "test_loss": 9.911997585396492, "lr": 0.0001, "dataset_size": 2860, "max_uncertainty": 4, "_timestamp": 1732926044.1120589, "_runtime": 259.6497027873993, "_step": 19, "_wandb": {"runtime": 259}}