{"train_error_energy": 4.427660661267996, "train_error_force": 4.4403758859540075, "train_loss": 1.849204311768214, "valid_error_energy": 6.266007740832158, "valid_error_force": 4.517808673223628, "valid_loss": 2.3226261138916016, "test_error_energy": 11.273871499186448, "test_error_force": 9.74450560833072, "test_loss": 6.82053831360103, "lr": 0.0001, "dataset_size": 1145, "max_uncertainty": 8, "_timestamp": 1733273926.9251995, "_runtime": 202.54503750801086, "_step": 19, "_wandb": {"runtime": 202}}