{"train_error_energy": 3.0511777820988915, "train_error_force": 4.43697981373714, "train_loss": 1.455774337053299, "valid_error_energy": 3.073899017659299, "valid_error_force": 4.610078313913184, "valid_loss": 1.4903363585472107, "test_error_energy": 7.933638170228859, "test_error_force": 8.314900796941087, "test_loss": 5.530172827356148, "lr": 0.0001, "dataset_size": 1392, "max_uncertainty": 8, "_timestamp": 1733413839.382219, "_runtime": 212.47433304786682, "_step": 19, "_wandb": {"runtime": 212}}