{"train_error_energy": 10.7439311060672, "train_error_force": 5.689965018709084, "train_loss": 2.6228711575996586, "valid_error_energy": 8.148782844626039, "valid_error_force": 7.091781018780472, "valid_loss": 2.9182542165120444, "test_error_energy": 9.63825640228542, "test_error_force": 12.954173602992523, "test_loss": 4.979506045735944, "lr": 0.001, "dataset_size": 5221, "max_uncertainty": 4, "_timestamp": 1733595013.8493052, "_runtime": 256.780433177948, "_step": 19, "_wandb": {"runtime": 256}}