{"train_error_energy": 20.007751004551707, "train_error_force": 7.426171610641206, "train_loss": 3.823752162068389, "valid_error_energy": 7.506630040937691, "valid_error_force": 6.955614308439664, "valid_loss": 2.829719305038452, "test_error_energy": 11.328162513143889, "test_error_force": 11.766104146335827, "test_loss": 4.6950638281737325, "lr": 0.001, "dataset_size": 1367, "max_uncertainty": 8, "_timestamp": 1733585962.9704673, "_runtime": 205.7675793170929, "_step": 19, "_wandb": {"runtime": 205}}