{"train_error_energy": 1.4709877639987612, "train_error_force": 3.163434773045237, "train_loss": 0.31123219158338467, "valid_error_energy": 1.8542646947953838, "valid_error_force": 3.42992738711299, "valid_loss": 0.7401898503303528, "test_error_energy": 10.820664354844247, "test_error_force": 15.176967111797966, "test_loss": 23.69957566386118, "lr": 0.0001, "dataset_size": 3680, "max_uncertainty": 3, "_timestamp": 1732924267.4180512, "_runtime": 269.76812529563904, "_step": 19, "_wandb": {"runtime": 269}}