{"train_error_energy": 0.0, "train_error_force": 0.0, "train_error_total": 0.0, "valid_error_energy": 0.0, "valid_error_force": 0.0, "valid_error_total": 0.0, "test_error_energy": 11.493678374305992, "test_error_force": 12.76040168939059, "test_error_total": 5.038835343266033, "lr": null, "dataset_size": 800, "_timestamp": 1732178343.5200155, "_runtime": 17.44000744819641, "_step": 0, "_wandb": {"runtime": 17}}