{"valid_loss_force":12.925002574920654,"valid_loss_total":10.000088691711426,"_wandb":{"runtime":2712},"lr":0.001,"train_loss_force":8.672962938036237,"_runtime":2712.233162073,"train_loss_energy":3.8474392890930176,"valid_loss_energy":7.075174808502197,"_step":9999,"train_loss_total":6.260201113564627,"_timestamp":1.726492599956046e+09}