{"train_error_energy": 2.6490006647392055, "train_error_force": 3.3229442065383954, "train_loss": 0.9477287323226756, "valid_error_energy": 2.1583161106341135, "valid_error_force": 3.35661128845752, "valid_loss": 0.7754384726285934, "test_error_energy": 9.372082144636575, "test_error_force": 11.333891666693065, "test_loss": 9.584369789243368, "lr": 0.0001, "dataset_size": 7062, "max_uncertainty": 4, "_timestamp": 1732972548.7469654, "_runtime": 270.76610040664673, "_step": 19, "_wandb": {"runtime": 270}}