{"train_error_energy": 2.6663169812147505, "train_error_force": 5.025657161411298, "train_loss": 1.9348386459880405, "valid_error_energy": 1.868618152055273, "valid_error_force": 3.8233658431011444, "valid_loss": 0.7978397011756897, "test_error_energy": 9.219020921917572, "test_error_force": 11.46993598633548, "test_loss": 13.503963755063362, "lr": 0.0001, "dataset_size": 1420, "max_uncertainty": 4, "_timestamp": 1732917949.6219308, "_runtime": 226.6194908618927, "_step": 19, "_wandb": {"runtime": 226}}