{"train_error_energy": 0.0, "train_error_force": 0.0, "train_loss": 0.0, "valid_error_energy": 0.0, "valid_error_force": 0.0, "valid_loss": 0.0, "test_error_energy": 10.996635108316337, "test_error_force": 13.38648040575182, "test_loss": 16.63180784155561, "lr": null, "dataset_size": 800, "max_uncertainty": 4, "_timestamp": 1732785900.5210023, "_runtime": 143.94867825508118, "_step": 0, "_wandb": {"runtime": 143}}