{"train_error_energy": 4.4952896808647935, "train_error_force": 4.608529497936522, "train_loss": 1.9069815815948858, "valid_error_energy": 4.876530225997316, "valid_error_force": 4.448673243450238, "valid_loss": 1.9917337894439697, "test_error_energy": 7.293312939682712, "test_error_force": 8.838018969660997, "test_loss": 4.677811203202652, "lr": 0.0001, "dataset_size": 1281, "max_uncertainty": 8, "_timestamp": 1733329084.5730038, "_runtime": 207.2736508846283, "_step": 19, "_wandb": {"runtime": 206}}