{"train_error_energy": 9.346906394903574, "train_error_force": 4.353851281532892, "train_loss": 2.0823134439332143, "valid_error_energy": 6.244874212192152, "valid_error_force": 4.460008661661984, "valid_loss": 1.910244107246399, "test_error_energy": 10.548865754362959, "test_error_force": 11.187737323781226, "test_loss": 4.449389395289396, "lr": 0.001, "dataset_size": 890, "max_uncertainty": 4, "_timestamp": 1733560869.253495, "_runtime": 179.76708889007568, "_step": 19, "_wandb": {"runtime": 179}}