{"train_error_energy": 3.1861503981572743, "train_error_force": 4.574066255611428, "train_loss": 1.5644515364066414, "valid_error_energy": 4.418432101403493, "valid_error_force": 4.5473263632152525, "valid_loss": 2.0205612182617188, "test_error_energy": 8.111430191770035, "test_error_force": 8.77040743972425, "test_loss": 5.933126349723776, "lr": 0.0001, "dataset_size": 2923, "max_uncertainty": 6, "_timestamp": 1733319078.3995512, "_runtime": 238.26075506210327, "_step": 19, "_wandb": {"runtime": 237}}