{"train_error_energy": 2.6850437627260413, "train_error_force": 3.4511926252275673, "train_loss": 0.9973853992693352, "valid_error_energy": 2.008768803087736, "valid_error_force": 3.525767898672742, "valid_loss": 0.8133290012677511, "test_error_energy": 9.947281959084137, "test_error_force": 11.675775467124849, "test_loss": 10.69232324031011, "lr": 0.0001, "dataset_size": 5264, "max_uncertainty": 4, "_timestamp": 1732947156.398544, "_runtime": 278.53012704849243, "_step": 19, "_wandb": {"runtime": 278}}