Method,Energy R2 Score In Distribution,Forces R2 Score In Distribution,Correlation In Distribution,Energy Losses In Distribution,Forces Losses In Distribution,Energy R2 Score Out Distribution,Forces R2 Score Out Distribution,Correlation Out Distribution,Energy Losses Out Distribution,Forces Losses Out Distribution
EvidentialRegression,-7.44574503877832,0.9928729598885836,0.0028246038796323368,42.755867,5.269036,-6.951835753414325,0.9728775057639236,0.3706373756735108,48.861443,8.910813
EvidentialRegression,-66.1295678877985,0.9912687975848029,-0.04043853386546501,120.72586,5.4440603,-49.50574710995094,0.9618457916221952,0.3828758968080241,126.093376,10.351288
EvidentialRegression,-17.969422185502513,0.9896651150584345,-0.08213174487838132,64.13524,5.9184318,-11.821823507141598,0.9601323503119398,0.45471662039077,62.67455,10.656915
EvidentialRegression,-5.343351494305158,0.9875616791619614,-0.03644307587615997,37.048042,6.8412805,-2.9550695701930327,0.9672429731252863,0.28335617811543257,34.262608,9.6901245
EvidentialRegression,0.964195486961254,0.9929592219807879,0.09088063095427995,2.234902,5.626926,0.711589303564224,0.9767417071191801,0.23463044315547316,6.1117244,8.784445
