{"train_error_energy": 4.524798769853336, "train_error_force": 4.713448267596759, "train_loss": 1.964664950966835, "valid_error_energy": 3.1756347690805375, "valid_error_force": 4.688045915359799, "valid_loss": 1.641585111618042, "test_error_energy": 7.242767780347156, "test_error_force": 8.982620951888764, "test_loss": 4.658198616267499, "lr": 0.0001, "dataset_size": 1261, "max_uncertainty": 8, "_timestamp": 1733316277.145233, "_runtime": 201.36841583251953, "_step": 19, "_wandb": {"runtime": 201}}