{"train_error_energy": 2.344585261504852, "train_error_force": 3.513213389724903, "train_loss": 1.5994215584718263, "valid_error_energy": 1.6078006600396988, "valid_error_force": 3.0550131113782877, "valid_loss": 1.4620850086212158, "test_error_energy": 6.35484852382552, "test_error_force": 6.13514735243091, "test_loss": 3.2478167623749576, "lr": 0.0001, "dataset_size": 1656, "max_uncertainty": 6, "_timestamp": 1732642517.157431, "_runtime": 405.2354497909546, "_step": 19, "_wandb": {"runtime": 404}}