{"train_error_energy": 3.022535491563301, "train_error_force": 4.507276055217152, "train_loss": 1.4830739110708238, "valid_error_energy": 4.25302433037335, "valid_error_force": 5.074739388914081, "valid_loss": 2.2289108633995056, "test_error_energy": 9.151175927461644, "test_error_force": 8.830915716651653, "test_loss": 6.459548555743632, "lr": 0.0001, "dataset_size": 1277, "max_uncertainty": 8, "_timestamp": 1733326526.3571458, "_runtime": 207.8946807384491, "_step": 19, "_wandb": {"runtime": 207}}