{"train_error_energy": 8.15311558810035, "train_error_force": 4.064466127317136, "train_loss": 1.1944781252832124, "valid_error_energy": 5.495852168369297, "valid_error_force": 7.266067870450584, "valid_loss": 2.4722158908843994, "test_error_energy": 14.064053061855521, "test_error_force": 14.200784578119713, "test_loss": 3.64548709130412, "lr": 0.001, "dataset_size": 1040, "_timestamp": 1732208606.912578, "_runtime": 164.86521315574646, "_step": 19, "_wandb": {"runtime": 164}}