{"dataset_size": 800, "_timestamp": 1729516772.500375, "_runtime": 1344.9401910305023, "_step": 4, "train_loss_energy": 0.673546124279499, "train_loss_force": 1.4505797562599183, "train_loss_total": 2.569626061916351, "valid_loss_energy": 0.7047990720492964, "valid_loss_force": 1.2826804650096466, "valid_loss_total": 2.716591153281946, "lr": null, "_wandb": {"runtime": 1557}}