{"train_error_energy": 3.0837810873014546, "train_error_force": 4.451185148193689, "train_loss": 1.4696845994439236, "valid_error_energy": 3.8303473001679906, "valid_error_force": 4.577098786709819, "valid_loss": 1.778428316116333, "test_error_energy": 8.642631266145195, "test_error_force": 8.480884683000168, "test_loss": 6.040087025827138, "lr": 0.0001, "dataset_size": 1356, "max_uncertainty": 8, "_timestamp": 1733385815.2990005, "_runtime": 206.4435064792633, "_step": 19, "_wandb": {"runtime": 206}}