{"train_error_energy": 1.3446203947904143, "train_error_force": 2.4591652720032235, "train_loss": 1.1055137250158522, "valid_error_energy": 1.6618331653195304, "valid_error_force": 2.609844493411909, "valid_loss": 1.3057379722595215, "test_error_energy": 11.029138121215802, "test_error_force": 10.050450939698957, "test_loss": 5.593750946184728, "lr": 0.0001, "dataset_size": 862, "max_uncertainty": 6, "_timestamp": 1732383706.7933345, "_runtime": 355.8012344837189, "_step": 19, "_wandb": {"runtime": 355}}