{"train_error_energy": 4.1014481456887335, "train_error_force": 3.5770894240072635, "train_loss": 1.4638056132528516, "valid_error_energy": 3.706683313924929, "valid_error_force": 3.6133842737737485, "valid_loss": 1.333308219909668, "test_error_energy": 11.392117013629257, "test_error_force": 12.641835792518425, "test_loss": 9.616845088479407, "lr": 0.0001, "dataset_size": 4293, "max_uncertainty": 4, "_timestamp": 1733238388.5412729, "_runtime": 254.86538696289062, "_step": 19, "_wandb": {"runtime": 254}}