{"train_error_energy": 4.354616883266842, "train_error_force": 4.045113138764791, "train_loss": 1.7014870643615723, "valid_error_energy": 3.7621537608818763, "valid_error_force": 4.296987235868748, "valid_loss": 1.5962423086166382, "test_error_energy": 10.614173421077163, "test_error_force": 10.19840702807508, "test_loss": 6.621717460492518, "lr": 0.0001, "dataset_size": 940, "max_uncertainty": 8, "_timestamp": 1733240362.8534753, "_runtime": 187.52406239509583, "_step": 19, "_wandb": {"runtime": 187}}