{"train_error_energy": 2.236831436053116, "train_error_force": 2.745393896675243, "train_error_total": 1.3149600447835148, "valid_error_energy": 2.760974496136017, "valid_error_force": 2.656362304687683, "valid_error_total": 1.397902250289917, "test_error_energy": 10.95723078816739, "test_error_force": 8.566204005912, "test_error_total": 4.77526955080282, "lr": 0.0001, "dataset_size": 1159, "_timestamp": 1732162919.1084843, "_runtime": 326.8652722835541, "_step": 19, "_wandb": {"runtime": 326}}