{"train_error_energy": 0.0, "train_error_force": 0.0, "train_loss": 0.0, "valid_error_energy": 0.0, "valid_error_force": 0.0, "valid_loss": 0.0, "test_error_energy": 12.426627769720731, "test_error_force": 10.718952353244166, "test_loss": 6.042872758435953, "lr": null, "dataset_size": 800, "max_uncertainty": 3, "_timestamp": 1732713207.0113947, "_runtime": 248.08513069152832, "_step": 0, "_wandb": {"runtime": 247}}