{"train_error_energy": 1.555560462454022, "train_error_force": 2.668314572100936, "train_loss": 1.2087474635669164, "valid_error_energy": 1.3148889176776823, "valid_error_force": 2.7249960608752968, "valid_loss": 1.3472251892089844, "test_error_energy": 9.810660602259407, "test_error_force": 9.351087605844297, "test_loss": 5.143424306240381, "lr": 0.0001, "dataset_size": 881, "max_uncertainty": 8, "_timestamp": 1732394413.8330479, "_runtime": 358.3382189273834, "_step": 19, "_wandb": {"runtime": 358}}