{"train_error_energy": 1.5812603070319173, "train_error_force": 3.221183397483105, "train_loss": 0.42421375604776235, "valid_error_energy": 1.4639713662704115, "valid_error_force": 3.298631772163887, "valid_loss": 0.39729526042938235, "test_error_energy": 9.523174354227844, "test_error_force": 12.224859394392844, "test_loss": 16.127095601945648, "lr": 0.0001, "dataset_size": 8302, "max_uncertainty": 4, "_timestamp": 1733319961.2153318, "_runtime": 312.38238072395325, "_step": 19, "_wandb": {"runtime": 311}}