{"train_error_energy": 1.8461887196989528, "train_error_force": 1.8450492913501668, "train_loss": -2.605534608610745, "valid_error_energy": 2.1681016773671535, "valid_error_force": 2.28079464345578, "valid_loss": -1.9862236579259236, "test_error_energy": 9.882791961453147, "test_error_force": 6.570426228700962, "test_loss": 4.299496841680317, "lr": 0.0001, "dataset_size": 4612, "max_uncertainty": 5, "_timestamp": 1733156864.605191, "_runtime": 219.7828390598297, "_step": 19, "_wandb": {"runtime": 219}}