{"train_error_energy": 1.8429946732044593, "train_error_force": 1.9587633806465814, "train_loss": -2.4564731879667803, "valid_error_energy": 0.8690116737101504, "valid_error_force": 2.1391582882144005, "valid_loss": -2.2918249368667603, "test_error_energy": 9.547555714045824, "test_error_force": 7.13942990693386, "test_loss": 4.548164753389608, "lr": 0.0001, "dataset_size": 4212, "max_uncertainty": 4, "_timestamp": 1732881249.2467866, "_runtime": 215.68176555633545, "_step": 19, "_wandb": {"runtime": 215}}