{"train_error_energy": 1.4260441989479504, "train_error_force": 3.102641694710873, "train_loss": 0.2561965383634977, "valid_error_energy": 1.4761775692888321, "valid_error_force": 3.339603280974453, "valid_loss": 0.4310345451037089, "test_error_energy": 12.693372279554879, "test_error_force": 20.09263506701781, "test_loss": 27.843162486690503, "lr": 0.0001, "dataset_size": 5210, "max_uncertainty": 3, "_timestamp": 1732931880.3725002, "_runtime": 271.72786808013916, "_step": 19, "_wandb": {"runtime": 271}}