{"train_error_energy": 1.9607211835927867, "train_error_force": 1.790137032711207, "train_loss": -2.6736976529612684, "valid_error_energy": 2.49463993069179, "valid_error_force": 1.942709992903631, "valid_loss": -2.421745220820109, "test_error_energy": 6.0431167021859356, "test_error_force": 5.301674745107456, "test_loss": 2.510430814083958, "lr": 0.0001, "dataset_size": 5260, "max_uncertainty": 4, "_timestamp": 1732959040.99099, "_runtime": 298.81421303749084, "_step": 19, "_wandb": {"runtime": 298}}