{"train_error_energy": 4.467865776564124, "train_error_force": 4.602189728438422, "train_loss": 1.9021287514613225, "valid_error_energy": 5.081089690286795, "valid_error_force": 5.302090153635001, "valid_loss": 2.302320659160614, "test_error_energy": 7.510983261212211, "test_error_force": 9.088403895737333, "test_loss": 4.851612542936315, "lr": 0.0001, "dataset_size": 1242, "max_uncertainty": 8, "_timestamp": 1733308703.185315, "_runtime": 210.23058485984802, "_step": 19, "_wandb": {"runtime": 209}}