Method,Energy R2 Score In Distribution,Forces R2 Score In Distribution,Energy Losses In Distribution,Force Losses In Distribution,Energy R2 Score Out Distribution,Force R2 Score Out Distribution,Energy Losses Out Distribution,Force Losses Out Distribution,Energy Correlation In Distribution Energies,Energy Correlation In Distribution Forces,Energy Correlation Out Distribution Energy,Energy Correlation Out Distribution Forces
MVE,0.7643926389649499,0.9957951576162292,0.46448037,0.25583616,0,0,0.0,0.7209204,-0.040044485250414326,0.13694976257866945,0,0
MVE,0.9808994927053454,0.9979329360785433,0.12406267,0.16693832,0,0,0.0,1.6742777,0.0672832244786361,0.32380177483230377,0,0
MVE,0.9605903843547251,0.9973263761917429,0.1802656,0.19868591,0,0,0.0,0.53530836,0.08893875531729638,0.3071096525820138,0,0
MVE,0.9760817415924344,0.9976936946650646,0.13461915,0.18031277,0,0,0.0,1.0072622,0.192024239859073,0.3345258131587739,0,0
MVE,0.973074317690117,0.9974439891021758,0.14173575,0.18937573,0,0,0.0,0.56288284,0.0944444153705277,0.29040929095023776,0,0
