{"train_error_energy": 1.6254204306597395, "train_error_force": 3.2939470775551976, "train_loss": 0.4845535331191378, "valid_error_energy": 1.6180573575739974, "valid_error_force": 3.341115018917681, "valid_loss": 0.4722168445587158, "test_error_energy": 9.022113602906026, "test_error_force": 11.216302473638203, "test_loss": 11.699528289715033, "lr": 0.0001, "dataset_size": 7645, "max_uncertainty": 4, "_timestamp": 1732983633.4588633, "_runtime": 254.00223231315613, "_step": 19, "_wandb": {"runtime": 253}}