Method        ,Energy R2 Score In Distribution ,Forces R2 Score In Distribution ,Correlation In Distribution Energies ,Correlation In Distribution Forces ,Energy Losses In Distribution ,Forces Losses In Distribution ,Energy R2 Score Out Distribution ,Forces R2 Score Out Distribution ,Correlation Out Distribution Energy ,Correlation Out Distribution Forces ,Energy Losses Out Distribution ,Forces Losses Out Distribution
ModelEnsemble ,             0.9834940433502197 ,             0.9946442246437073 ,0.31711693876090424                  ,                0.8281751259083571 ,                    1.4250677 ,                    3.9092727 ,-0.09791326522827148             ,              0.9224820137023926 ,                0.6797953492533486  ,                0.9578805845631269 ,                    13.150403  ,                     12.960392
ModelEnsemble ,             0.9797108769416809 ,             0.9952046871185303 ,0.38558278229927057                  ,                0.8181119106827331 ,                    1.5154188 ,                    3.7310424 ,0.18444794416427612              ,              0.9416767954826355 ,                0.828401312658156   ,                0.9547345997527444 ,                     9.061322  ,                     11.67187
ModelEnsemble ,             0.9633921384811401 ,             0.9949561953544617 ,-0.007744327172229702                ,                0.787305131273776  ,                    2.4562767 ,                    3.851486  ,0.8127089142799377               ,              0.9589188694953918 ,                0.42997600932391267 ,                0.9520132312823295 ,                     5.6308346 ,                     10.11568
