{"train_error_energy": 2.5616007447700415, "train_error_force": 3.2518875605058697, "train_loss": 0.8773036430863773, "valid_error_energy": 3.8605133581787285, "valid_error_force": 3.3156322942524987, "valid_loss": 1.4511734008789063, "test_error_energy": 11.255382746060437, "test_error_force": 12.103979962762871, "test_loss": 13.424861892979807, "lr": 0.0001, "dataset_size": 8151, "max_uncertainty": 4, "_timestamp": 1733313948.6298635, "_runtime": 324.5517325401306, "_step": 19, "_wandb": {"runtime": 324}}