{"train_error_energy": 2.1747798753713727, "train_error_force": 1.8563790979902446, "train_loss": -2.5685277041172823, "valid_error_energy": 0.7630441137263162, "valid_error_force": 1.898727418300342, "valid_loss": -2.605419158935547, "test_error_energy": 7.936654975755997, "test_error_force": 6.209094826826592, "test_loss": 3.6062319041546727, "lr": 0.0001, "dataset_size": 4757, "max_uncertainty": 4, "_timestamp": 1732916698.153761, "_runtime": 295.11293292045593, "_step": 19, "_wandb": {"runtime": 294}}