{"train_error_energy": 15.476818190954521, "train_error_force": 5.750364355308031, "train_loss": 2.959808817276588, "valid_error_energy": 17.78037891042413, "valid_error_force": 4.820119892575407, "valid_loss": 2.802701950073242, "test_error_energy": 13.570042857406467, "test_error_force": 11.262611397938956, "test_loss": 4.67662159185759, "lr": 0.001, "dataset_size": 812, "max_uncertainty": 6, "_timestamp": 1733532494.8594995, "_runtime": 172.81036043167114, "_step": 19, "_wandb": {"runtime": 172}}