{"train_error_energy": 5.480180592720688, "train_error_force": 3.417144933809155, "train_loss": 1.828571403727812, "valid_error_energy": 1.8925819725418809, "valid_error_force": 3.1885985667564536, "valid_loss": 1.8841556310653687, "test_error_energy": 8.937996250375527, "test_error_force": 7.814515134169055, "test_loss": 4.281136040912249, "lr": 0.0006, "dataset_size": 1078, "_timestamp": 1732360152.0238507, "_runtime": 466.8035156726837, "_step": 24, "_wandb": {"runtime": 466}}