{"train_error_energy": 14.383543798777628, "train_error_force": 6.7635484836919995, "train_loss": 3.22566079538922, "valid_error_energy": 4.770874829600309, "valid_error_force": 4.8858184240814015, "valid_loss": 1.9540804624557495, "test_error_energy": 10.484057412133332, "test_error_force": 10.702099679737868, "test_loss": 4.28255647764156, "lr": 0.001, "dataset_size": 1351, "max_uncertainty": 4, "_timestamp": 1733572616.2653716, "_runtime": 210.8227195739746, "_step": 19, "_wandb": {"runtime": 210}}