{"train_error_energy": 1.4243702007604917, "train_error_force": 1.817907923449147, "train_loss": -2.6708464588437764, "valid_error_energy": 1.6223706815997647, "valid_error_force": 2.070082904887363, "valid_loss": -2.3099855184555054, "test_error_energy": 13.554426289111827, "test_error_force": 8.813820135589095, "test_loss": 7.402393116376787, "lr": 0.0001, "dataset_size": 3343, "max_uncertainty": 5, "_timestamp": 1733088163.6832843, "_runtime": 240.47893619537354, "_step": 19, "_wandb": {"runtime": 240}}