{"train_error_energy": 2.1812378481771355, "train_error_force": 3.4331225903929887, "train_loss": 1.5530283901426527, "valid_error_energy": 1.9151848392085784, "valid_error_force": 3.000950044758177, "valid_loss": 1.497176706790924, "test_error_energy": 7.694741841249561, "test_error_force": 6.879265016215949, "test_loss": 3.666902301199149, "lr": 0.0001, "dataset_size": 1431, "max_uncertainty": 6, "_timestamp": 1732551658.1311123, "_runtime": 395.1179232597351, "_step": 19, "_wandb": {"runtime": 394}}