{"train_error_energy": 2.983461901025098, "train_error_force": 4.453142810367174, "train_loss": 1.4376639005812732, "valid_error_energy": 3.122141290135711, "valid_error_force": 4.7480628209383, "valid_loss": 1.6118482947349548, "test_error_energy": 6.081829477252823, "test_error_force": 8.327823786707137, "test_loss": 4.8485188896119285, "lr": 0.0001, "dataset_size": 1406, "max_uncertainty": 8, "_timestamp": 1733426980.1351004, "_runtime": 176.02761125564575, "_step": 19, "_wandb": {"runtime": 175}}