{"train_error_energy": 0.0, "train_error_force": 0.0, "train_loss": 0.0, "valid_error_energy": 0.0, "valid_error_force": 0.0, "valid_loss": 0.0, "test_error_energy": 12.430180342860728, "test_error_force": 10.72158229736091, "test_loss": 6.043909340004646, "lr": null, "dataset_size": 800, "max_uncertainty": 4, "_timestamp": 1732371836.1725638, "_runtime": 244.90811586380005, "_step": 0, "_wandb": {"runtime": 244}}