{"train_error_energy": 2.003797156118489, "train_error_force": 1.854650749040681, "train_loss": -2.582098577333533, "valid_error_energy": 1.4501704810519043, "valid_error_force": 2.0672279153213253, "valid_loss": -2.3272457917531333, "test_error_energy": 9.657603982146625, "test_error_force": 7.227899354735081, "test_loss": 5.1478087864621145, "lr": 0.0001, "dataset_size": 4385, "max_uncertainty": 5, "_timestamp": 1733135311.512954, "_runtime": 273.0817348957062, "_step": 19, "_wandb": {"runtime": 272}}