{"train_error_energy": 4.1088029937356785, "train_error_force": 3.490814562302886, "train_loss": 1.4368030312014561, "valid_error_energy": 3.2978769014922773, "valid_error_force": 3.933663111848733, "valid_loss": 1.3646342158317566, "test_error_energy": 11.648532048675499, "test_error_force": 12.51142281521396, "test_loss": 11.18456812554005, "lr": 0.0001, "dataset_size": 1607, "max_uncertainty": 4, "_timestamp": 1733220961.2522411, "_runtime": 213.63143801689148, "_step": 19, "_wandb": {"runtime": 213}}