{"train_error_energy": 2.590490839939063, "train_error_force": 3.2629419285569137, "train_loss": 0.8984057449618814, "valid_error_energy": 2.2580597525413095, "valid_error_force": 3.278334956240076, "valid_loss": 0.7546066343784332, "test_error_energy": 9.233749522964075, "test_error_force": 10.72160128602609, "test_loss": 9.24516248703003, "lr": 0.0001, "dataset_size": 7901, "max_uncertainty": 4, "_timestamp": 1732989860.583458, "_runtime": 260.7959940433502, "_step": 19, "_wandb": {"runtime": 260}}