{"train_error_energy": 1.2349882851235379, "train_error_force": 2.1183290655096307, "train_loss": 0.9418693432441124, "valid_error_energy": 0.8915503931070585, "valid_error_force": 2.243673321692061, "valid_loss": 1.0801413655281067, "test_error_energy": 12.231745667394646, "test_error_force": 10.33956008207254, "test_loss": 5.820266703660575, "lr": 0.0001, "dataset_size": 2060, "max_uncertainty": 4, "_timestamp": 1732376427.3474686, "_runtime": 423.8458867073059, "_step": 19, "_wandb": {"runtime": 423}}