{"train_error_energy": 2.7098122001453975, "train_error_force": 3.4251254224126733, "train_loss": 0.9996633928125076, "valid_error_energy": 2.3775950817036264, "valid_error_force": 3.52514739398609, "valid_loss": 0.8948930899302164, "test_error_energy": 10.270959024440968, "test_error_force": 11.598469575426346, "test_loss": 10.889234313165954, "lr": 0.0001, "dataset_size": 5778, "max_uncertainty": 4, "_timestamp": 1732953251.7005696, "_runtime": 295.8234386444092, "_step": 19, "_wandb": {"runtime": 295}}