{"train_error_energy": 2.9163077697108437, "train_error_force": 1.8371754540367737, "train_loss": -2.544351537272615, "valid_error_energy": 1.091336554582572, "valid_error_force": 1.7910783908167962, "valid_loss": -2.7298336029052734, "test_error_energy": 7.184335295146515, "test_error_force": 5.61783733300889, "test_loss": 2.812370752164831, "lr": 0.0001, "dataset_size": 5071, "max_uncertainty": 4, "_timestamp": 1732939850.8161666, "_runtime": 294.01397252082825, "_step": 19, "_wandb": {"runtime": 293}}