{"train_error_energy": 2.2435825576463806, "train_error_force": 2.791510093956929, "train_loss": 0.5651683520133558, "valid_error_energy": 1.484414108419006, "valid_error_force": 2.8848885398299555, "valid_loss": 0.28968009948730467, "test_error_energy": 9.649645115366308, "test_error_force": 13.48722269371365, "test_loss": 15.891692855595293, "lr": 0.0001, "dataset_size": 9710, "max_uncertainty": 3, "_timestamp": 1732957140.9756703, "_runtime": 318.0516302585602, "_step": 19, "_wandb": {"runtime": 317}}