Method,Energy R2 Score In Distribution,Forces R2 Score In Distribution,Energy Losses In Distribution,Forces Losses In Distribution,Energy R2 Score Out Distribution,Forces R2 Score Out Distribution,Energy Losses Out Distribution,Forces Losses Out Distribution,Energy Correlation In Distribution Energies,Energy Correlation In Distribution Forces,Energy Correlation Out Distribution Energy,Energy Correlation Out Distribution Forces,Force Correlation In Distribution Energy,Force Correlation In Distribution Forces,Force Correlation Out Distribution Energy,Force Correlation Out Distribution Forces
ModelEnsemble,0.9779235274510919,0.9953278349436762,0.10278546,0.2769384,0.7436748222613785,0.9304601386637649,0.3465142,0.69546515,0.253297805682716,0.8092568625183048,0.595311141719149,0.9826717552878762,0.2532982955529125,0.8092567211698437,0.5953111574375928,0.9826717373157499
ModelEnsemble,0.9578071626943616,0.9938223086342238,0.16336155,0.31419677,0.8094316407832305,0.9586615505072063,0.36418387,0.6894372,0.07233636388145859,0.729070619185005,0.39439896523952545,0.9201659248652106,0.0723362479333688,0.7290704472733452,0.39439886014998354,0.9201659201470668
ModelEnsemble,0.9748278400208035,0.994704899984626,0.12295227,0.2967053,0.7038214015635951,0.9722591851257077,0.40136713,0.56083477,0.05332122625250631,0.6522041343872351,0.6628985224567547,0.9394398695211046,0.05332160405935276,0.6522038680612222,0.6628984908069464,0.9394398754929439
ModelEnsemble,0.9738159684863898,0.9944890535502041,0.110350534,0.29580003,0.7783647052362703,0.9504743403053415,0.34509757,0.7146452,0.36279911380729957,0.8322699706607453,0.5195076316053103,0.9625158170809441,0.36279893484939096,0.8322700789410664,0.5195076601601509,0.9625158185970879
ModelEnsemble,0.9864272164558214,0.9960778539997626,0.08165728,0.25844672,0.6647218449877075,0.965757197671589,0.37824965,0.59516233,0.30533567704625997,0.8030798427753274,0.7983563021868691,0.9561632265678409,0.30533605865124996,0.8030799978103675,0.7983563006725163,0.9561632234219256
