{"train_error_energy": 2.5432340018630057, "train_error_force": 3.1640015857466275, "train_loss": 0.8367998744698538, "valid_error_energy": 3.316279727061198, "valid_error_force": 3.1604123491898184, "valid_loss": 1.1702970266342163, "test_error_energy": 9.727296916005258, "test_error_force": 11.07839636014214, "test_loss": 11.964585683732757, "lr": 0.0001, "dataset_size": 8809, "max_uncertainty": 4, "_timestamp": 1733340190.941454, "_runtime": 314.43900203704834, "_step": 19, "_wandb": {"runtime": 314}}