{"train_error_energy": 0.0, "train_error_force": 0.0, "train_loss": 0.0, "valid_error_energy": 0.0, "valid_error_force": 0.0, "valid_loss": 0.0, "test_error_energy": 10.996634842512329, "test_error_force": 13.386480610933857, "test_loss": 16.631807986354328, "lr": null, "dataset_size": 800, "max_uncertainty": 6, "_timestamp": 1733061559.5054712, "_runtime": 158.75487732887268, "_step": 0, "_wandb": {"runtime": 158}}