{"train_error_energy": 1.956890853741783, "train_error_force": 1.9132972699286914, "train_loss": -2.5073470786998144, "valid_error_energy": 2.173223698619406, "valid_error_force": 2.5923959164678614, "valid_loss": -1.6010419130325317, "test_error_energy": 12.950151591997402, "test_error_force": 10.004388117265771, "test_loss": 8.175962937439923, "lr": 0.0001, "dataset_size": 1198, "max_uncertainty": 5, "_timestamp": 1733065668.6036081, "_runtime": 183.01225805282593, "_step": 19, "_wandb": {"runtime": 182}}