{"train_error_energy": 1.488454743458577, "train_error_force": 1.793485739188353, "train_loss": -2.7002215555735996, "valid_error_energy": 0.8038741385615595, "valid_error_force": 2.1408393660431067, "valid_loss": -2.2558268308639526, "test_error_energy": 12.228134622036418, "test_error_force": 12.063726711248947, "test_loss": 11.608334925786362, "lr": 0.0001, "dataset_size": 1775, "max_uncertainty": 3, "_timestamp": 1732807805.6544232, "_runtime": 220.11859726905823, "_step": 19, "_wandb": {"runtime": 219}}