{"train_error_energy": 2.435414132674393, "train_error_force": 3.0142548470624764, "train_loss": 0.7217068185088455, "valid_error_energy": 1.5006796274905532, "valid_error_force": 3.1920790525091642, "valid_loss": 0.4300711005926132, "test_error_energy": 11.982912094745096, "test_error_force": 18.248985685022483, "test_loss": 20.40354611861144, "lr": 0.0001, "dataset_size": 5930, "max_uncertainty": 3, "_timestamp": 1732935620.1270502, "_runtime": 281.04827308654785, "_step": 19, "_wandb": {"runtime": 280}}