{"train_error_energy": 1.6383449408253121, "train_error_force": 2.6388509013067347, "train_loss": 1.2261240807446567, "valid_error_energy": 1.3915798455761201, "valid_error_force": 2.579258882196414, "valid_loss": 1.3336821794509888, "test_error_energy": 12.11464446717987, "test_error_force": 18.43163718904049, "test_loss": 8.942605190876266, "lr": 0.0001, "dataset_size": 1029, "max_uncertainty": 4, "_timestamp": 1733707355.735858, "_runtime": 375.4738738536835, "_step": 19, "_wandb": {"runtime": 375}}