{"train_error_energy": 2.6468204085121845, "train_error_force": 3.5114460492981174, "train_loss": 1.6381632298231126, "valid_error_energy": 1.41333011208306, "valid_error_force": 2.8548057155459654, "valid_loss": 1.395051896572113, "test_error_energy": 6.813965638389846, "test_error_force": 6.419814618401485, "test_loss": 3.4097212634161504, "lr": 0.0001, "dataset_size": 1272, "max_uncertainty": 8, "_timestamp": 1732594759.808301, "_runtime": 386.7218780517578, "_step": 19, "_wandb": {"runtime": 386}}