{"train_error_energy": 2.594511147089679, "train_error_force": 3.202766718710444, "train_loss": 0.8798273334786353, "valid_error_energy": 2.8124173926490803, "valid_error_force": 3.2351163780322274, "valid_loss": 0.9625647664070129, "test_error_energy": 9.121205649024137, "test_error_force": 10.890011379762425, "test_loss": 10.154972670590066, "lr": 0.0001, "dataset_size": 8322, "max_uncertainty": 4, "_timestamp": 1733001531.8329816, "_runtime": 262.74377250671387, "_step": 19, "_wandb": {"runtime": 262}}