{"train_loss_energy": 8.686275994122653, "train_loss_force": 3.876151499352515, "train_loss_total": 1.878260419368744, "valid_loss_energy": 30.601450704462188, "valid_loss_force": 4.262868955502978, "valid_loss_total": 3.4742319583892822, "lr": 0.001, "_timestamp": 1731533896.039193, "_runtime": 2710.104362010956, "_step": 5999, "_wandb": {"runtime": 2709}}