{"train_loss": 11.748533487319946, "train_uncertainty": 1.6115323901176453, "valid_loss": 12.4284029006958, "valid_uncertainty": 2.144702434539795, "in_interval": 4.5, "_timestamp": 1723709138.139804, "_runtime": 28.56676483154297, "_step": 43, "_wandb": {"runtime": 28}}