{"train_error_energy": 1.9835635103103886, "train_error_force": 4.121600687696995, "train_loss": 0.9439838246295327, "valid_error_energy": 1.7670377680306053, "valid_error_force": 4.268025996072796, "valid_loss": 0.9639536738395691, "test_error_energy": 8.648313708137621, "test_error_force": 11.021537940621169, "test_loss": 10.324892358630116, "lr": 0.0001, "dataset_size": 1193, "max_uncertainty": 6, "_timestamp": 1733231171.1126506, "_runtime": 204.55321669578552, "_step": 19, "_wandb": {"runtime": 204}}