{"train_error_energy": 1.5782618488674496, "train_error_force": 1.873726100280125, "train_loss": -2.5847513469782744, "valid_error_energy": 4.681856158441298, "valid_error_force": 2.171136732049198, "valid_loss": -1.9795809388160706, "test_error_energy": 12.455477054734372, "test_error_force": 9.641843669843125, "test_loss": 7.927305388825102, "lr": 0.0001, "dataset_size": 1735, "max_uncertainty": 5, "_timestamp": 1733069466.435727, "_runtime": 201.8587567806244, "_step": 19, "_wandb": {"runtime": 201}}