{"train_error_energy": 1.967301840073497, "train_error_force": 1.8549306327199286, "train_loss": -2.584142635850345, "valid_error_energy": 2.8458227968609466, "valid_error_force": 1.8918019625236957, "valid_loss": -2.4756898085276284, "test_error_energy": 9.121063793622692, "test_error_force": 6.04805973339058, "test_loss": 3.468433699682745, "lr": 0.0001, "dataset_size": 4878, "max_uncertainty": 4, "_timestamp": 1732925979.2466414, "_runtime": 296.13767433166504, "_step": 19, "_wandb": {"runtime": 295}}