{"train_loss_energy": 1.1146877099880426, "train_loss_force": 2.725086321982145, "train_loss_total": 0.9864164280891419, "valid_loss_energy": 1.2222051701091228, "valid_loss_force": 3.8405797321240813, "valid_loss_total": 1.3668585164206368, "lr": 1e-05, "_timestamp": 1731496823.9291272, "_runtime": 2525.7213792800903, "_step": 5999, "_wandb": {"runtime": 2525}}