{"train_loss_energy": 1.0145662097922563, "train_loss_force": 1.9461617046176196, "train_loss_total": 0.35350969672203064, "valid_loss_energy": 1.2644752847217557, "valid_loss_force": 2.405080155423922, "valid_loss_total": -0.3502087720802852, "lr": 0.0001, "_timestamp": 1731526317.7544272, "_runtime": 2685.213441133499, "_step": 5999, "_wandb": {"runtime": 2684}}