{"train_error_energy": 2.6948986881600896, "train_error_force": 3.4867635138997333, "train_loss": 1.0132360951258585, "valid_error_energy": 1.8064005145287574, "valid_error_force": 3.5983207060517337, "valid_loss": 0.7887910803159078, "test_error_energy": 10.768982748146614, "test_error_force": 12.883814508334467, "test_loss": 12.652815249577866, "lr": 0.0001, "dataset_size": 4984, "max_uncertainty": 4, "_timestamp": 1733245249.1881099, "_runtime": 296.98551177978516, "_step": 19, "_wandb": {"runtime": 296}}