{"train_error_energy": 1.6911301413565878, "train_error_force": 2.040746212682948, "train_loss": -2.364279386244322, "valid_error_energy": 3.5916410027891437, "valid_error_force": 2.230729415793182, "valid_loss": -2.0017900466918945, "test_error_energy": 14.343858411144152, "test_error_force": 7.888457043001896, "test_loss": 5.572233444733145, "lr": 0.0001, "dataset_size": 3618, "max_uncertainty": 4, "_timestamp": 1732850944.0987108, "_runtime": 235.03104877471924, "_step": 19, "_wandb": {"runtime": 234}}