{"train_error_energy": 0.0, "train_error_force": 0.0, "train_loss": 0.0, "valid_error_energy": 0.0, "valid_error_force": 0.0, "valid_loss": 0.0, "test_error_energy": 12.429314460661287, "test_error_force": 10.721971835464283, "test_loss": 6.044342495384017, "lr": null, "dataset_size": 800, "max_uncertainty": 8, "_timestamp": 1732377351.816855, "_runtime": 245.4115710258484, "_step": 0, "_wandb": {"runtime": 245}}