{"train_error_energy": 4.099258692671497, "train_error_force": 3.5493927837619985, "train_loss": 1.4572827122104701, "valid_error_energy": 5.6435372567367565, "valid_error_force": 3.85615198215127, "valid_loss": 1.9843065738677979, "test_error_energy": 10.151661420433987, "test_error_force": 11.656248516191427, "test_loss": 8.169263475228355, "lr": 0.0001, "dataset_size": 2140, "max_uncertainty": 4, "_timestamp": 1732921600.6784017, "_runtime": 235.31719779968262, "_step": 19, "_wandb": {"runtime": 235}}