{"train_error_energy": 2.4588476961302357, "train_error_force": 1.9656372810086522, "train_loss": -2.4066896675197222, "valid_error_energy": 1.20240295967172, "valid_error_force": 2.161786891723214, "valid_loss": -2.23848819732666, "test_error_energy": 10.031941920183243, "test_error_force": 7.2198883623900905, "test_loss": 4.707782389605857, "lr": 0.0001, "dataset_size": 4185, "max_uncertainty": 4, "_timestamp": 1732879059.5692937, "_runtime": 245.41892862319946, "_step": 19, "_wandb": {"runtime": 245}}