{"train_error_energy": 4.283633960992086, "train_error_force": 3.6719972256461575, "train_loss": 1.5003653014147724, "valid_error_energy": 3.627877808482188, "valid_error_force": 4.080722945254427, "valid_loss": 1.467538833618164, "test_error_energy": 9.726990392690073, "test_error_force": 11.656225381916395, "test_loss": 8.785870352340618, "lr": 0.0001, "dataset_size": 853, "max_uncertainty": 6, "_timestamp": 1733218625.886071, "_runtime": 183.74714589118958, "_step": 19, "_wandb": {"runtime": 183}}