{"train_error_energy": 1.6779460640607093, "train_error_force": 1.8098533432992507, "train_loss": -2.665420847396328, "valid_error_energy": 3.4670954693973535, "valid_error_force": 2.1222992649457213, "valid_loss": -2.111563523610433, "test_error_energy": 11.15302948996268, "test_error_force": 6.464529623328563, "test_loss": 4.350235620718352, "lr": 0.0001, "dataset_size": 4642, "max_uncertainty": 5, "_timestamp": 1733159105.821897, "_runtime": 221.7098879814148, "_step": 19, "_wandb": {"runtime": 221}}