{"train_error_energy": 1.4520129705438267, "train_error_force": 2.6548367852707466, "train_error_total": 1.1994377479833715, "valid_error_energy": 2.34532267748468, "valid_error_force": 2.645922016442567, "valid_error_total": 1.3835134506225586, "test_error_energy": 11.35610696867627, "test_error_force": 9.057330535335428, "test_error_total": 5.060763663646438, "lr": 0.0001, "dataset_size": 1062, "_timestamp": 1732149544.1435554, "_runtime": 324.07123851776123, "_step": 19, "_wandb": {"runtime": 323}}