{"train_error_energy": 1.7987501768579106, "train_error_force": 1.8522005309047325, "train_loss": -2.5992586973687293, "valid_error_energy": 1.6868675233924726, "valid_error_force": 2.118128059502342, "valid_loss": -2.244439721107483, "test_error_energy": 15.520151304705193, "test_error_force": 9.416985492686898, "test_loss": 8.12909427862517, "lr": 0.0001, "dataset_size": 2262, "max_uncertainty": 5, "_timestamp": 1733074011.5800078, "_runtime": 209.6876618862152, "_step": 19, "_wandb": {"runtime": 209}}