{"train_error_energy": 2.6025733937100464, "train_error_force": 3.252172470563915, "train_loss": 0.8948283741871516, "valid_error_energy": 2.1560454865523444, "valid_error_force": 3.1800578689952474, "valid_loss": 0.688071870803833, "test_error_energy": 10.159203968191456, "test_error_force": 12.021753689159034, "test_loss": 12.453584641062152, "lr": 0.0001, "dataset_size": 8049, "max_uncertainty": 4, "_timestamp": 1733309959.8569944, "_runtime": 329.1980793476105, "_step": 19, "_wandb": {"runtime": 328}}