{"train_error_energy": 0.0, "train_error_force": 0.0, "train_loss": 0.0, "valid_error_energy": 0.0, "valid_error_force": 0.0, "valid_loss": 0.0, "test_error_energy": 11.451026409508195, "test_error_force": 12.623542335388883, "test_loss": 10.204819549440714, "lr": null, "dataset_size": 800, "max_uncertainty": 4, "_timestamp": 1733216834.2025614, "_runtime": 171.75176429748535, "_step": 0, "_wandb": {"runtime": 171}}