{"train_error_energy": 16977.726916401756, "train_error_force": 14884.88636958585, "train_error_total": 6116.690828561783, "valid_error_energy": 37848.09802811042, "valid_error_force": 40493.831928314445, "valid_error_total": 16082.18359375, "test_error_energy": 17.39221228577976, "test_error_force": 18.804710832651057, "test_error_total": 7.456014101417901, "lr": 0.001, "dataset_size": 971, "_timestamp": 1732187292.9805307, "_runtime": 191.51686573028564, "_step": 19, "_wandb": {"runtime": 191}}