Method,Energy R2 Score In Distribution,Forces R2 Score In Distribution,Energy Losses In Distribution,Forces Losses In Distribution,Energy R2 Score Out Distribution,Forces R2 Score Out Distribution,Energy Losses Out Distribution,Forces Losses Out Distribution,Energy Correlation In Distribution Energies,Energy Correlation In Distribution Forces,Energy Correlation Out Distribution Energy,Energy Correlation Out Distribution Forces,Force Correlation In Distribution Energy,Force Correlation In Distribution Forces,Force Correlation Out Distribution Energy,Force Correlation Out Distribution Forces
ModelEnsemble,0.3560594323876871,0.32380790176300633,0.5931524,3.3290906,0.2280286300307175,0.2958373299893558,0.77321184,3.3949049,0.10484793880281182,0.13431484199704496,0.251743178637572,0.17160161479034156,0.10484791197157578,0.13431484315384512,0.2517431603121779,0.17160162552593508
ModelEnsemble,0.3580287007285946,0.3236129301068078,0.5925874,3.329467,0.324842876529142,0.30083926272805145,0.7299326,3.384421,0.07875859393696932,0.09927821868764729,0.11439822521250669,0.10363078015101393,0.0787586291537817,0.09927821621145726,0.11439825157026177,0.1036307952229307
ModelEnsemble,0.35507573507152135,0.3248429929019411,0.5924302,3.3264518,0.28179090510358107,0.29655101535622624,0.7508945,3.3944633,0.06470976066770391,0.08773340327851542,0.14617232871617142,0.14025482216319504,0.06470975108598123,0.08773336056468682,0.14617231322737761,0.1402548361489207
ModelEnsemble,0.36019962315695697,0.3247128780140163,0.5918722,3.3268037,0.2661017018766293,0.3006952460239791,0.7570834,3.3831072,0.08106370260120295,0.1027023949820232,0.11417786959446002,0.12916272476858193,0.08106375431003951,0.10270229162895268,0.11417787752669682,0.12916270056487622
ModelEnsemble,0.35784385924486894,0.3222974920486354,0.5954331,3.332305,0.33392114463942246,0.3091309082390588,0.7244515,3.3634567,0.09805189465338114,0.153735442982855,0.1157484987561736,0.12145936703876953,0.09805186854635596,0.15373538651647878,0.11574850367376499,0.12145936529127145
