{"_runtime":1847.672187091,"_wandb":{"runtime":1857},"valid_loss_total":3.8721269369125366,"valid_loss_force":3.711140751838684,"train_loss_force":3.4641046864645824,"train_loss_total":3.794067519051688,"train_loss_energy":4.124030249459403,"lr":0.001,"_step":199,"_timestamp":1.7265607716495059e+09,"valid_loss_energy":4.033113241195679}