{"train_error_energy": 2.506097552963115, "train_error_force": 3.2148084994024466, "train_loss": 0.8361413680738018, "valid_error_energy": 3.183204072692634, "valid_error_force": 3.649589497559596, "valid_loss": 1.3263360857963562, "test_error_energy": 11.614037487598083, "test_error_force": 13.309419025760075, "test_loss": 16.83015616152299, "lr": 0.0001, "dataset_size": 1970, "max_uncertainty": 3, "_timestamp": 1732916223.8262208, "_runtime": 235.03887176513672, "_step": 19, "_wandb": {"runtime": 234}}