{"train_error_energy": 3.0454566755624692, "train_error_force": 4.351282015931566, "train_loss": 1.4580513145409377, "valid_error_energy": 2.9668863414832902, "valid_error_force": 4.413944650105611, "valid_loss": 1.4465932250022888, "test_error_energy": 9.460923468564406, "test_error_force": 10.08039212891903, "test_loss": 7.985994144259947, "lr": 0.0001, "dataset_size": 1623, "max_uncertainty": 6, "_timestamp": 1733250749.778107, "_runtime": 211.09561491012573, "_step": 19, "_wandb": {"runtime": 210}}