{"train_loss": 0.2349334692081656, "train_uncertainty": 0.19442347826554335, "valid_loss": 0.22341665320367698, "valid_uncertainty": 0.13649648531194192, "in_interval": 18.079002380371094, "_timestamp": 1720431721.26351, "_runtime": 1072.5886969566345, "_step": 9, "_wandb": {"runtime": 1072}}