{"train_loss_energy": 2.705235506009728, "train_loss_force": 3.1292587060981987, "train_loss_total": 0.8539455819129944, "valid_loss_energy": 2.815684476495641, "valid_loss_force": 4.207726465774008, "valid_loss_total": 1.3097878353936332, "lr": 0.0006, "_timestamp": 1731948591.1138873, "_runtime": 2915.32869720459, "_step": 5999, "_wandb": {"runtime": 2915}}