{"train_error_energy": 3.0250573421089637, "train_error_force": 4.368647738705162, "train_loss": 1.4127768238385519, "valid_error_energy": 3.4906704167763607, "valid_error_force": 4.595739534261164, "valid_loss": 1.706952691078186, "test_error_energy": 5.935813249833425, "test_error_force": 8.087258057011116, "test_loss": 4.722727384866844, "lr": 0.0001, "dataset_size": 1433, "max_uncertainty": 8, "_timestamp": 1733476886.4766607, "_runtime": 187.64704966545105, "_step": 19, "_wandb": {"runtime": 187}}