{"train_error_energy": 1.8813429592960083, "train_error_force": 2.9860606725455976, "train_loss": 1.355655962421048, "valid_error_energy": 2.239634103384931, "valid_error_force": 2.892133303161862, "valid_loss": 1.4537971019744873, "test_error_energy": 9.196259597882728, "test_error_force": 8.31806236772406, "test_loss": 4.533241399295667, "lr": 0.0001, "dataset_size": 975, "max_uncertainty": 8, "_timestamp": 1732423912.721414, "_runtime": 368.53403306007385, "_step": 19, "_wandb": {"runtime": 368}}