{"train_error_energy": 1.2883513852465958, "train_error_force": 1.8042247364503732, "train_loss": -2.69907975455989, "valid_error_energy": 1.288120746299973, "valid_error_force": 2.080048573847934, "valid_loss": -2.3156425952911377, "test_error_energy": 13.870074637193332, "test_error_force": 9.094598593346097, "test_loss": 7.888792162790349, "lr": 0.0001, "dataset_size": 2938, "max_uncertainty": 5, "_timestamp": 1733082105.3565404, "_runtime": 231.11168336868286, "_step": 19, "_wandb": {"runtime": 230}}