{"train_error_energy": 1.8131975508964608, "train_error_force": 2.0871542082581906, "train_loss": -2.300306066344766, "valid_error_energy": 0.7900799798068359, "valid_error_force": 2.2201110293428474, "valid_loss": -2.2053065299987793, "test_error_energy": 12.658744886422557, "test_error_force": 8.894645911197996, "test_loss": 6.499736820840087, "lr": 0.0001, "dataset_size": 2701, "max_uncertainty": 4, "_timestamp": 1732819121.543981, "_runtime": 222.36556601524353, "_step": 19, "_wandb": {"runtime": 222}}