{"train_error_energy": 3.900351228678156, "train_error_force": 3.234906257529724, "train_loss": 1.3020805743005541, "valid_error_energy": 3.616207829878686, "valid_error_force": 3.702391588806317, "valid_loss": 1.3305882811546326, "test_error_energy": 9.851214426809353, "test_error_force": 11.701115048055211, "test_loss": 10.340391992898512, "lr": 0.0001, "dataset_size": 1430, "max_uncertainty": 3, "_timestamp": 1732913885.4595263, "_runtime": 203.87020230293274, "_step": 19, "_wandb": {"runtime": 203}}