{"train_loss_energy": 3.9474571537770036, "train_loss_force": 3.395363344459652, "train_loss_total": 1.2958167552948, "valid_loss_energy": 3.532086255249381, "valid_loss_force": 4.207615958061388, "valid_loss_total": 1.4773353849138533, "lr": 0.0006, "_timestamp": 1732097717.6598392, "_runtime": 2848.978132247925, "_step": 5999, "_wandb": {"runtime": 2848}}