{"train_error_energy": 2.6490828717697554, "train_error_force": 3.5104833039257652, "train_loss": 1.0137913662811806, "valid_error_energy": 2.2601680582380026, "valid_error_force": 3.6360261632082698, "valid_loss": 0.9380824367205302, "test_error_energy": 10.890831086676362, "test_error_force": 12.788730161764171, "test_loss": 12.647647757804831, "lr": 0.0001, "dataset_size": 4636, "max_uncertainty": 4, "_timestamp": 1733241951.95237, "_runtime": 265.61898493766785, "_step": 19, "_wandb": {"runtime": 265}}