{"train_error_energy": 7656858.549652566, "train_error_force": 46975.90022041891, "train_error_total": 512411.0479392665, "valid_error_energy": 51353.830935312726, "valid_error_force": 40961.791638293944, "valid_error_total": 3459.31787109375, "test_error_energy": 21.356749762928168, "test_error_force": 76.35355794900462, "test_error_total": 19.83188381494652, "lr": 0.001, "dataset_size": 887, "_timestamp": 1732122272.0970688, "_runtime": 68.29613971710205, "_step": 8}