{"train_error_energy": 1.945820711132408, "train_error_force": 3.1058671884532174, "train_loss": 1.4199753192754891, "valid_error_energy": 1.3990569641618023, "valid_error_force": 2.762127365639058, "valid_loss": 1.356755018234253, "test_error_energy": 9.175372956864239, "test_error_force": 7.85945729659919, "test_loss": 4.281717590012476, "lr": 0.0001, "dataset_size": 2066, "max_uncertainty": 4, "_timestamp": 1732506194.2009287, "_runtime": 416.2921106815338, "_step": 19, "_wandb": {"runtime": 415}}