{"train_loss_total":1.4482957976205009,"valid_loss_energy":2.692893385887146,"_wandb":{"runtime":4842},"_runtime":4842.555389338,"lr":0.001,"_step":14999,"valid_loss_force":7.463691473007202,"valid_loss_total":1.6981548070907593,"train_loss_force":5.357491493225098,"_timestamp":1.7272624908576279e+09,"train_loss_energy":1.2395467247281755}