{"train_error_energy": 3.1587025002236717, "train_error_force": 4.497983534782376, "train_loss": 1.5379569860605093, "valid_error_energy": 2.792367505674646, "valid_error_force": 4.5160689591864935, "valid_loss": 1.4121657013893127, "test_error_energy": 8.797151512704495, "test_error_force": 9.612259385455568, "test_loss": 7.170718864620668, "lr": 0.0001, "dataset_size": 2072, "max_uncertainty": 6, "_timestamp": 1733273199.9790275, "_runtime": 223.42662453651428, "_step": 19, "_wandb": {"runtime": 223}}