{"train_error_energy": 1.4891379095515753, "train_error_force": 2.8799012584396917, "train_loss": 1.2927056550979614, "valid_error_energy": 1.4215160978948034, "valid_error_force": 2.7158046125351167, "valid_loss": 1.3327301144599915, "test_error_energy": 11.359506909694474, "test_error_force": 9.44378444486806, "test_loss": 5.251607962303761, "lr": 0.0001, "dataset_size": 1360, "_timestamp": 1732234940.9470034, "_runtime": 345.50262427330017, "_step": 19, "_wandb": {"runtime": 345}}