{"train_error_energy": 4.509304449754715, "train_error_force": 4.516945955195117, "train_loss": 1.886181933123891, "valid_error_energy": 5.443863598847224, "valid_error_force": 4.56559681197692, "valid_loss": 2.1315139532089233, "test_error_energy": 9.73766523082073, "test_error_force": 8.728147815629965, "test_loss": 5.554120618011315, "lr": 0.0001, "dataset_size": 1293, "max_uncertainty": 8, "_timestamp": 1733336787.2694182, "_runtime": 238.40340423583984, "_step": 19, "_wandb": {"runtime": 238}}