{"train_loss_total":33.640215737479075,"valid_loss_force":63.473405838012695,"valid_loss_total":34.00168418884277,"lr":0.001,"_runtime":203.913941782,"train_loss_force":62.80911145891462,"valid_loss_energy":4.529959201812744,"_step":173,"train_loss_energy":4.471319675445557,"_wandb":{"runtime":203},"_timestamp":1.7264979980561297e+09}