{"train_loss_energy": 2.2862774946843385, "train_loss_force": 2.1362176135507225, "train_loss_total": 0.4850157880783081, "valid_loss_energy": 2.189020590747467, "valid_loss_force": 2.803680297875404, "valid_loss_total": -0.024966870035443987, "lr": 0.00021599999999999996, "_timestamp": 1731677024.045505, "_runtime": 1725.152899980545, "_step": 3999, "_wandb": {"runtime": 1724}}