{"train_error_energy": 1.7128258259236722, "train_error_force": 3.5419302877165797, "train_loss": 0.6374490906384366, "valid_error_energy": 1.4488951435186028, "valid_error_force": 3.699285873781965, "valid_loss": 0.5939110517501831, "test_error_energy": 9.48798025063203, "test_error_force": 12.007038709402067, "test_loss": 12.65671383523192, "lr": 0.0001, "dataset_size": 3843, "max_uncertainty": 4, "_timestamp": 1732933702.9460468, "_runtime": 276.2597427368164, "_step": 19, "_wandb": {"runtime": 275}}