{"train_error_energy": 11.979215269009316, "train_error_force": 5.167476709033135, "train_loss": 2.5307108914410628, "valid_error_energy": 1.983549889404344, "valid_error_force": 4.598382171685035, "valid_loss": 1.6713737845420837, "test_error_energy": 11.200792254925597, "test_error_force": 10.778415446848339, "test_loss": 4.356056313240091, "lr": 0.001, "dataset_size": 2571, "max_uncertainty": 4, "_timestamp": 1733537954.8190937, "_runtime": 226.64830470085144, "_step": 19, "_wandb": {"runtime": 226}}