{"train_loss_energy": 0.0, "train_loss_force": 0.0, "train_loss_total": 0.0, "valid_loss_energy": 12.436345797365536, "valid_loss_force": 10.722518090677331, "valid_loss_total": 6.044372618510461, "test_loss_energy": 0.0, "test_loss_force": 0.0, "test_loss_total": 0.0, "lr": null, "dataset_size": 800, "_timestamp": 1732117156.6433647, "_runtime": 25.266120672225952, "_step": 0, "_wandb": {"runtime": 24}}