{"train_error_energy": 2.9879572283443445, "train_error_force": 4.3923647935331, "train_loss": 1.422785386774275, "valid_error_energy": 2.8130229636583453, "valid_error_force": 4.7713967660783645, "valid_loss": 1.505728542804718, "test_error_energy": 7.455600007295905, "test_error_force": 8.143933384203786, "test_loss": 5.248771248063492, "lr": 0.0001, "dataset_size": 1426, "max_uncertainty": 8, "_timestamp": 1733466195.677504, "_runtime": 188.14738011360168, "_step": 19, "_wandb": {"runtime": 187}}