{"train_error_energy": 1.9710360717386324, "train_error_force": 1.7932634360345954, "train_loss": -2.668523933359249, "valid_error_energy": 0.8129428034235228, "valid_error_force": 1.9027958062655888, "valid_loss": -2.5920822620391846, "test_error_energy": 6.396505831377491, "test_error_force": 5.227037455687374, "test_loss": 2.384480430817729, "lr": 0.0001, "dataset_size": 5336, "max_uncertainty": 4, "_timestamp": 1732966226.257142, "_runtime": 261.486221075058, "_step": 19, "_wandb": {"runtime": 261}}