{"train_loss_energy": 3.950469396165222, "train_loss_force": 7.987269243319154, "train_loss_total": 2.958698925971985, "valid_loss_energy": 4.116770379514992, "valid_loss_force": 7.098646399825385, "valid_loss_total": 2.665147611073085, "lr": 0.001, "_timestamp": 1732097642.9338148, "_runtime": 2888.215479850769, "_step": 5999, "_wandb": {"runtime": 2887}}