{"train_loss_energy": 9.652933694107322, "train_loss_force": 6.0842172704926725, "train_loss_total": 3.8108253479003906, "valid_loss_energy": 6.372359683910863, "valid_loss_force": 5.846142442013962, "valid_loss_total": 2.6337641988481795, "lr": 0.0006, "_timestamp": 1731956416.922076, "_runtime": 2741.7117540836334, "_step": 5999, "_wandb": {"runtime": 2741}}