{"train_error_energy": 4.349744743804251, "train_error_force": 4.3704373504237966, "train_loss": 1.812113533417384, "valid_error_energy": 2.0190629461500746, "valid_error_force": 4.47849732618666, "valid_loss": 1.3251875638961792, "test_error_energy": 7.85056844455316, "test_error_force": 9.589848689548102, "test_loss": 5.534554826027436, "lr": 0.0001, "dataset_size": 1149, "max_uncertainty": 8, "_timestamp": 1733278679.2793906, "_runtime": 199.38847160339355, "_step": 19, "_wandb": {"runtime": 199}}