Method,Energy R2 Score In Distribution,Forces R2 Score In Distribution,Correlation In Distribution,Energy Losses In Distribution,Forces Losses In Distribution,Energy R2 Score Out Distribution,Forces R2 Score Out Distribution,Correlation Out Distribution,Energy Losses Out Distribution,Forces Losses Out Distribution
ModelEnsemble,0.6491607427597046,0.8388506770133972,0.0027431006673499358,6.686914,25.233036,-0.8568469285964966,0.6487171649932861,0.46941085905636376,20.01148,36.22662
ModelEnsemble,0.620384693145752,0.8322518467903137,0.23890585340801512,6.9477844,25.863155,-0.9244022369384766,0.5683216452598572,0.2457871516844713,19.860828,40.178204
ModelEnsemble,0.846050500869751,0.9086599946022034,0.39941577532461775,4.467742,18.466599,-0.467801570892334,0.7376158833503723,0.3722759564134184,16.96644,30.671513
