{"train_error_energy": 1.8075721374128264, "train_error_force": 1.7654223089436276, "train_loss": -2.7186867972215016, "valid_error_energy": 1.0216177873141383, "valid_error_force": 1.9318399903183987, "valid_loss": -2.5346177419026694, "test_error_energy": 13.596642312022562, "test_error_force": 8.422332826152783, "test_loss": 7.278386912420782, "lr": 0.0001, "dataset_size": 3830, "max_uncertainty": 5, "_timestamp": 1733101893.331586, "_runtime": 241.77461886405945, "_step": 19, "_wandb": {"runtime": 241}}