{"train_error_energy": 2.383434018936176, "train_error_force": 2.933738114696508, "train_loss": 0.6754537901845395, "valid_error_energy": 1.5372049938409582, "valid_error_force": 3.0890532673909927, "valid_loss": 0.3983127176761627, "test_error_energy": 11.239374382659989, "test_error_force": 16.610245842851477, "test_loss": 17.595772843086284, "lr": 0.0001, "dataset_size": 6920, "max_uncertainty": 3, "_timestamp": 1732940911.4759974, "_runtime": 308.4630825519562, "_step": 19, "_wandb": {"runtime": 308}}