{"train_error_energy": 2.639960821739657, "train_error_force": 3.265641490852119, "train_loss": 0.9132311789371707, "valid_error_energy": 2.3154406451030303, "valid_error_force": 3.393285230795546, "valid_loss": 0.8201943635940552, "test_error_energy": 10.335497575603842, "test_error_force": 12.127073411235651, "test_loss": 12.72871068385259, "lr": 0.0001, "dataset_size": 7885, "max_uncertainty": 4, "_timestamp": 1733304106.9945107, "_runtime": 310.324857711792, "_step": 19, "_wandb": {"runtime": 310}}