{"train_error_energy": 1.4530115621763429, "train_error_force": 2.5313701400864166, "train_error_total": 1.1465922920934615, "valid_error_energy": 1.0772059705819945, "valid_error_force": 2.5813942793058615, "valid_error_total": 1.2611323595046997, "test_error_energy": 10.905448912737283, "test_error_force": 9.563224431221277, "test_error_total": 5.3033720835341205, "lr": 0.0001, "dataset_size": 980, "_timestamp": 1732139029.269141, "_runtime": 316.5500168800354, "_step": 19, "_wandb": {"runtime": 316}}