{"train_error_energy": 2.456572313031312, "train_error_force": 3.5520779074640445, "train_loss": 1.6241138039565668, "valid_error_energy": 2.6102387291347737, "valid_error_force": 2.792565792549095, "valid_loss": 1.4471265077590942, "test_error_energy": 6.370831358383261, "test_error_force": 6.298097218656002, "test_loss": 3.346868924445507, "lr": 0.0001, "dataset_size": 1281, "max_uncertainty": 8, "_timestamp": 1732606187.548457, "_runtime": 392.0541138648987, "_step": 19, "_wandb": {"runtime": 391}}