{"train_error_energy": 2.0331010952687425, "train_error_force": 2.20643351232483, "train_loss": -2.1457798120587372, "valid_error_energy": 1.4459485812663027, "valid_error_force": 2.3792927483837043, "valid_loss": -1.991775393486023, "test_error_energy": 11.337450884933228, "test_error_force": 8.088645831387945, "test_loss": 4.954848484219057, "lr": 0.0001, "dataset_size": 1347, "max_uncertainty": 6, "_timestamp": 1733113183.34998, "_runtime": 194.06189703941345, "_step": 19, "_wandb": {"runtime": 193}}