{"train_error_energy": 2.2983648005468447, "train_error_force": 2.820056724430615, "train_loss": 0.5976676866145116, "valid_error_energy": 2.8353826422173176, "valid_error_force": 2.941476117892022, "valid_loss": 0.8903233647346497, "test_error_energy": 11.302853075320526, "test_error_force": 15.275382434904813, "test_loss": 17.872154879944485, "lr": 0.0001, "dataset_size": 8900, "max_uncertainty": 3, "_timestamp": 1732952120.2789538, "_runtime": 330.0120837688446, "_step": 19, "_wandb": {"runtime": 329}}