{"train_error_energy": 15.904798308201137, "train_error_force": 6.428865323884456, "train_loss": 3.215478090569377, "valid_error_energy": 13.158961838262012, "valid_error_force": 6.6805088053373405, "valid_loss": 3.115925669670105, "test_error_energy": 22.989383909863587, "test_error_force": 12.268032288411403, "test_loss": 5.643386933191908, "lr": 0.001, "dataset_size": 2031, "max_uncertainty": 4, "_timestamp": 1733535476.5480373, "_runtime": 219.40148639678955, "_step": 19, "_wandb": {"runtime": 219}}