Method,Energy R2 Score In Distribution,Forces R2 Score In Distribution,Energy Errors In Distribution,Force Errors In Distribution,Energy R2 Score Out Distribution,Force R2 Score Out Distribution,Energy Errors Out Distribution,Force Errors Out Distribution,Energy Correlation In Distribution Energies,Energy Correlation In Distribution Forces,Energy Correlation Out Distribution Energy,Energy Correlation Out Distribution Forces,Force Correlation In Distribution Energy,Force Correlation In Distribution Forces,Force Correlation Out Distribution Energy,Force Correlation Out Distribution Forces
SWAG,0.9761086018676975,0.996018915511923,1.9048054,3.7113261,0.7049232957616802,0.9743245918796027,7.5675077,8.116135,0.026562455522905117,0.1033149251005991,-0.024360873775088134,-0.12474934836762644,-0.013094285107178829,0.478365760337547,0.25874145154825806,0.4935860811103854
SWAG,0.9466383127538812,0.9953723275651277,3.062193,4.152142,0.6545866933744064,0.9565183999430821,8.206074,9.941311,0.1162634772356902,-0.11464873624513162,-0.01058728792529355,-0.0012297105539624035,-0.14233146786038361,0.45429363989155114,0.427668218584748,0.816407909753117
SWAG,0.929409777757954,0.9946039657971077,3.598116,4.467752,-0.16981366594649083,0.9240554022008799,12.875656,13.223756,0.1859718825473543,-0.22353588216608544,-0.12869744322746265,-0.27613510363274707,-0.02974648734841012,0.4242118553340856,0.7556206822165251,0.8402967905258135
SWAG,0.7529936994849199,0.994508110674747,7.0873265,4.4283032,-0.013127111413669512,0.961243998665093,15.328412,9.859283,0.0509925435893996,-0.03318049500753632,0.05997889319619445,0.0832421840374332,-0.062458354292302634,0.5011281182115529,0.4066419899949507,0.8303115367347618
SWAG,0.8677087393708802,0.9961705415948253,5.106788,3.635788,-0.09376365900256567,0.9570286449374047,14.229081,10.220274,0.0766369584695521,0.05256262957908554,0.259165577087199,0.4128777617576988,0.013433150809081465,0.58130669284855,0.6460298811644343,0.8162528157323689
