{"train_error_energy": 2.508830002512616, "train_error_force": 3.2144462033758967, "train_loss": 0.837221526001629, "valid_error_energy": 1.9425900113455001, "valid_error_force": 3.5970917950353583, "valid_loss": 0.8070892691612244, "test_error_energy": 11.657824491463044, "test_error_force": 14.69704733629157, "test_loss": 16.028024678454972, "lr": 0.0001, "dataset_size": 2420, "max_uncertainty": 3, "_timestamp": 1732918306.8077297, "_runtime": 239.6456687450409, "_step": 19, "_wandb": {"runtime": 239}}