{"train_error_energy": 1.5451990234958348, "train_error_force": 3.1552940297658925, "train_loss": 0.37443940155870975, "valid_error_energy": 1.9441141816493759, "valid_error_force": 3.1698131287940847, "valid_loss": 0.6433788657188415, "test_error_energy": 9.608805919904233, "test_error_force": 11.255718036830308, "test_loss": 15.719395407831481, "lr": 0.0001, "dataset_size": 8992, "max_uncertainty": 4, "_timestamp": 1733348512.8628068, "_runtime": 321.6460807323456, "_step": 19, "_wandb": {"runtime": 321}}