{"train_error_energy": 7.463421786262483, "train_error_force": 3.9433967190114703, "train_loss": 1.818930055256243, "valid_error_energy": 10.43514654733374, "valid_error_force": 3.0097475468453823, "valid_loss": 1.7053977966308593, "test_error_energy": 15.311274066504447, "test_error_force": 11.869058403945548, "test_loss": 4.996065007454438, "lr": 0.001, "dataset_size": 10350, "max_uncertainty": 4, "_timestamp": 1733630205.0762913, "_runtime": 313.84302735328674, "_step": 19, "_wandb": {"runtime": 313}}