{"train_error_energy": 2.487360220674481, "train_error_force": 3.11271802837001, "train_loss": 0.784441798042368, "valid_error_energy": 2.267947375966233, "valid_error_force": 3.2576077431241015, "valid_loss": 0.7354335983594259, "test_error_energy": 11.79988765371606, "test_error_force": 18.05358449545076, "test_loss": 17.725365793517746, "lr": 0.0001, "dataset_size": 4310, "max_uncertainty": 3, "_timestamp": 1732927374.2768357, "_runtime": 274.94272565841675, "_step": 19, "_wandb": {"runtime": 274}}