{"train_loss_total":0.8873829449926104,"valid_loss_force":0.1298064983093926,"_timestamp":1.7308945117286253e+09,"lr":0.001,"_wandb":{"runtime":894},"train_loss_force":0.10076273573296411,"dataset_size":1099,"_step":49,"train_loss_energy":0.2413891362292426,"_runtime":893.69867193,"valid_loss_energy":0.08579313801845331,"valid_loss_total":1.1439102482421235}