Method,Energy R2 Score In Distribution,Forces R2 Score In Distribution,Energy Losses In Distribution,Forces Losses In Distribution,Energy R2 Score Out Distribution,Forces R2 Score Out Distribution,Energy Losses Out Distribution,Forces Losses Out Distribution,Energy Correlation In Distribution Energies,Energy Correlation In Distribution Forces,Energy Correlation Out Distribution Energy,Energy Correlation Out Distribution Forces
MVE,0.3494410469073309,0.9973043353505827,0.60193884,0.033603474,0.31640568609380226,0.9727571522710731,0.7406569,0.09825587,0.04552854427558106,0.4492305842368477,0.08185146977520295,0.18425572097114523
MVE,0.32462851428301853,0.9977010487966392,0.6021248,0.03227812,0.23151942910080303,0.9617088485098665,0.7715538,0.1132554,-0.3724694336005487,-0.5138434276901329,-0.16233789164272688,0.16080017774972713
MVE,0.35548682510487484,0.9974326069062389,0.59642327,0.03397172,0.28763397563493975,0.9676821747684464,0.74801105,0.10053344,0.25025688026624426,0.2259795081633695,0.0845687291466787,0.48751440153848613
MVE,0.3486410593933055,0.9982658724277892,0.60217154,0.02696918,0.3596185641614782,0.9648158471799628,0.7122787,0.104914345,0.23158437541534474,0.47366056758412933,0.2551343229101667,0.4100177023728956
MVE,0.3491684822562613,0.9971241819752739,0.6021373,0.032746743,0.30393953543743346,0.6199025253884438,0.74153066,0.24859282,0.05220012622123445,-0.02654961177954209,-0.15297388083402927,-0.5516501072245813
