{"train_error_energy": 2.178663564172532, "train_error_force": 1.8351024388739259, "train_loss": -2.5974592020114264, "valid_error_energy": 1.7079827560509886, "valid_error_force": 1.8495284478384513, "valid_loss": -2.607537349065145, "test_error_energy": 7.234115253710798, "test_error_force": 5.152202743838768, "test_loss": 2.325951422072206, "lr": 0.0001, "dataset_size": 5373, "max_uncertainty": 4, "_timestamp": 1732971170.9726274, "_runtime": 268.1392114162445, "_step": 19, "_wandb": {"runtime": 267}}