{"train_error_energy": 1.8840831286276398, "train_error_force": 2.1468741166071523, "train_loss": -2.225265004805156, "valid_error_energy": 2.114398184306192, "valid_error_force": 2.3996061865592586, "valid_loss": -1.91323721408844, "test_error_energy": 14.325413445730815, "test_error_force": 9.194873392682185, "test_loss": 6.590078850691231, "lr": 0.0001, "dataset_size": 2237, "max_uncertainty": 4, "_timestamp": 1732811475.8474724, "_runtime": 210.5961353778839, "_step": 19, "_wandb": {"runtime": 210}}