{"train_loss_energy": 1.4397379349241257, "train_loss_force": 1.8877645865249633, "train_loss_total": 0.3667821741104126, "valid_loss_energy": 1.8678824104104723, "valid_loss_force": 2.495573629804807, "valid_loss_total": -0.3155444349561419, "lr": 7.775999999999999e-05, "_timestamp": 1731669500.7978623, "_runtime": 1734.563247203827, "_step": 3999, "_wandb": {"runtime": 1733}}