{"train_error_energy": 4.07466638039957, "train_error_force": 3.4509457742559246, "train_loss": 1.4151694697718467, "valid_error_energy": 5.296952508431009, "valid_error_force": 3.980041309570011, "valid_loss": 1.8655240535736084, "test_error_energy": 9.8472432496647, "test_error_force": 11.701646800628604, "test_loss": 9.39406985637405, "lr": 0.0001, "dataset_size": 977, "max_uncertainty": 4, "_timestamp": 1733218194.7953064, "_runtime": 183.68863153457642, "_step": 19, "_wandb": {"runtime": 183}}