{"train_error_energy": 10.65032010341377, "train_error_force": 4.696676550521254, "train_loss": 2.284249151364351, "valid_error_energy": 6.584346017300382, "valid_error_force": 7.389054163148015, "valid_loss": 2.9130297899246216, "test_error_energy": 9.803316787297582, "test_error_force": 13.15311423405366, "test_loss": 5.057118176165676, "lr": 0.001, "dataset_size": 7471, "max_uncertainty": 4, "_timestamp": 1733609163.09808, "_runtime": 277.1280770301819, "_step": 19, "_wandb": {"runtime": 276}}