{"train_error_energy": 1.6186897699571219, "train_error_force": 2.7751368160566177, "train_error_total": 1.288510476052761, "valid_error_energy": 3.0756846015404937, "valid_error_force": 2.7494407910498224, "valid_error_total": 1.480281114578247, "test_error_energy": 10.14600048058673, "test_error_force": 8.134954911906842, "test_error_total": 4.472109120553701, "lr": 0.0001, "dataset_size": 1265, "_timestamp": 1732179230.4370463, "_runtime": 331.75493335723877, "_step": 19, "_wandb": {"runtime": 331}}