{"train_error_energy": 2.2602588497266782, "train_error_force": 1.8796552233006956, "train_loss": -2.528868567943573, "valid_error_energy": 3.3492360966733865, "valid_error_force": 2.6498187264963033, "valid_loss": -1.4402918815612793, "test_error_energy": 12.632764941671095, "test_error_force": 10.335244287701638, "test_loss": 8.308200451716079, "lr": 0.0001, "dataset_size": 931, "max_uncertainty": 5, "_timestamp": 1733063817.9249365, "_runtime": 167.87605261802673, "_step": 19, "_wandb": {"runtime": 167}}