{"train_error_energy": 1.1897008563038478, "train_error_force": 2.536590101045645, "train_loss": 1.1373706229271427, "valid_error_energy": 1.1189471946738987, "valid_error_force": 2.6320898090975327, "valid_loss": 1.2794487476348877, "test_error_energy": 12.064742376337753, "test_error_force": 10.222051390325868, "test_loss": 5.731487503850647, "lr": 0.0001, "dataset_size": 969, "_timestamp": 1732213250.5971909, "_runtime": 341.5475947856903, "_step": 19, "_wandb": {"runtime": 341}}