{"train_error_energy": 4.653510395115256, "train_error_force": 4.6342918306055125, "train_loss": 1.9541957276932738, "valid_error_energy": 4.765123062891849, "valid_error_force": 4.52679025589377, "valid_loss": 1.9309728741645813, "test_error_energy": 8.245284668782308, "test_error_force": 8.551621914168676, "test_loss": 4.9524488523992565, "lr": 0.0001, "dataset_size": 2994, "max_uncertainty": 6, "_timestamp": 1733323415.1780882, "_runtime": 245.05917620658875, "_step": 19, "_wandb": {"runtime": 244}}