{"train_error_energy": 1.5848449942319849, "train_error_force": 1.9271307967684423, "train_loss": -2.514128281409482, "valid_error_energy": 2.2061483378782993, "valid_error_force": 2.032849617654767, "valid_loss": -2.3332165479660034, "test_error_energy": 13.894678407348076, "test_error_force": 9.803152198658722, "test_loss": 8.113124540338966, "lr": 0.0001, "dataset_size": 2648, "max_uncertainty": 3, "_timestamp": 1732823897.459175, "_runtime": 226.65331506729126, "_step": 19, "_wandb": {"runtime": 226}}