Method        ,Energy R2 Score In Distribution ,Forces R2 Score In Distribution ,Correlation In Distribution ,Energy Losses In Distribution ,Forces Losses In Distribution ,Energy R2 Score Out Distribution ,Forces R2 Score Out Distribution ,Correlation Out Distribution ,Energy Losses Out Distribution ,Forces Losses Out Distribution
ModelEnsemble ,             0.5747697831372875 ,             0.991815458517932  ,0.041836732801553304        ,                    9.096022  ,                    5.135667  ,             0.46248105195814493 ,              0.9693546701089885 ,         0.242862088808484   ,                    10.935786  ,                     9.159509
ModelEnsemble ,             0.8713169738340375 ,             0.9927354869587646 ,-0.18067752845075946        ,                    4.546057  ,                    5.027456  ,             0.7324017002849783  ,              0.9664798734592308 ,         0.09930644781997135 ,                     6.547848  ,                     9.659649
ModelEnsemble ,             0.953412564232678  ,             0.9941758203041441 ,0.198292173121588           ,                    2.5396929 ,                    4.4584537 ,             0.6021834618082837  ,              0.947989462905016  ,         0.46336294390006877 ,                     7.8199797 ,                    11.160547
ModelEnsemble ,             0.8310700729364107 ,             0.9927972895423176 ,-0.0894239438003434         ,                    5.374081  ,                    4.860277  ,             0.6609692443338459  ,              0.9546547483356401 ,         0.4835301649139813  ,                     6.8274155 ,                    10.6058855
