{"train_error_energy": 8.542626891769826, "train_error_force": 3.9359802860600204, "train_loss": 1.8886695886698095, "valid_error_energy": 13.395488486749812, "valid_error_force": 3.5900240982082936, "valid_loss": 2.097668170928955, "test_error_energy": 19.098959729173576, "test_error_force": 12.036188600094318, "test_loss": 5.305461618912782, "lr": 0.001, "dataset_size": 10260, "max_uncertainty": 4, "_timestamp": 1733629560.8135931, "_runtime": 310.7518961429596, "_step": 19, "_wandb": {"runtime": 310}}