{"train_error_energy": 2.210216156600649, "train_error_force": 2.2110720447217465, "train_loss": -2.128850802298515, "valid_error_energy": 2.7644793084929207, "valid_error_force": 2.3823196014188737, "valid_loss": -1.897542953491211, "test_error_energy": 12.520613767503242, "test_error_force": 9.044229699372782, "test_loss": 6.304565115124768, "lr": 0.0001, "dataset_size": 981, "max_uncertainty": 6, "_timestamp": 1733028409.5878403, "_runtime": 170.89192843437195, "_step": 19, "_wandb": {"runtime": 170}}