{"train_error_energy": 4.525296140357867, "train_error_force": 4.557149017350122, "train_loss": 1.9043116480112077, "valid_error_energy": 6.251584569573831, "valid_error_force": 4.619676022110109, "valid_loss": 2.3469990491867065, "test_error_energy": 10.173826406185055, "test_error_force": 8.8035784274189, "test_loss": 5.673298938112109, "lr": 0.0001, "dataset_size": 1274, "max_uncertainty": 8, "_timestamp": 1733323954.673617, "_runtime": 208.34042382240295, "_step": 19, "_wandb": {"runtime": 207}}