{"train_error_energy": 4.4599426056227935, "train_error_force": 4.457801866927945, "train_loss": 1.8563371022542319, "valid_error_energy": 5.5708012668737155, "valid_error_force": 4.700073611946234, "valid_loss": 2.2226173877716064, "test_error_energy": 9.906636833189518, "test_error_force": 8.295324429778573, "test_loss": 5.588593672707443, "lr": 0.0001, "dataset_size": 1410, "max_uncertainty": 8, "_timestamp": 1733432333.1716356, "_runtime": 180.32192659378052, "_step": 19, "_wandb": {"runtime": 179}}