{"train_error_energy": 2.6839597682600043, "train_error_force": 3.4626197911281023, "train_loss": 1.0057374397655585, "valid_error_energy": 1.6117555795193328, "valid_error_force": 3.542918098961246, "valid_loss": 0.7045270999272665, "test_error_energy": 10.111749591834998, "test_error_force": 11.995334715463459, "test_loss": 11.146896656895183, "lr": 0.0001, "dataset_size": 4911, "max_uncertainty": 4, "_timestamp": 1732943383.3673506, "_runtime": 292.0165264606476, "_step": 19, "_wandb": {"runtime": 291}}