{"train_error_energy": 4.14099874942084, "train_error_force": 3.5484829306245764, "train_loss": 1.464584722016987, "valid_error_energy": 5.352840905374863, "valid_error_force": 3.759628692767055, "valid_loss": 1.863542079925537, "test_error_energy": 12.832687877086595, "test_error_force": 14.591987537890867, "test_loss": 10.311542720694817, "lr": 0.0001, "dataset_size": 3040, "max_uncertainty": 4, "_timestamp": 1732927327.3322678, "_runtime": 258.31085777282715, "_step": 19, "_wandb": {"runtime": 257}}