{"train_error_energy": 6.200766105478902, "train_error_force": 3.266684987885015, "train_loss": 1.50800243504027, "valid_error_energy": 7.711806521430538, "valid_error_force": 3.90665623914659, "valid_loss": 1.823258638381958, "test_error_energy": 15.934377391468066, "test_error_force": 10.71400237849275, "test_loss": 4.651278028937535, "lr": 0.001, "dataset_size": 3726, "max_uncertainty": 4, "_timestamp": 1733556915.1133158, "_runtime": 254.24498581886292, "_step": 19, "_wandb": {"runtime": 253}}