{"train_error_energy": 1.387218038897058, "train_error_force": 1.798875616039922, "train_loss": -2.699264293021344, "valid_error_energy": 0.9096988470104002, "valid_error_force": 1.9610426591358223, "valid_loss": -2.5011179447174072, "test_error_energy": 12.430292101787456, "test_error_force": 12.123905498462344, "test_loss": 11.606100431911608, "lr": 0.0001, "dataset_size": 1504, "max_uncertainty": 3, "_timestamp": 1732805415.4709225, "_runtime": 213.0796844959259, "_step": 19, "_wandb": {"runtime": 212}}