{"train_error_energy": 0.8239719438010753, "train_error_force": 1.3849625324760375, "train_loss": -7.835696086883545, "valid_error_energy": 1.791915515219739, "valid_error_force": 2.114064090412749, "valid_loss": -2.7915317841938565, "test_error_energy": 0.0, "test_error_force": 0.0, "test_loss": 0.0, "lr": 0.0001, "_timestamp": 1733393001.7829478, "_runtime": 1742.224940776825, "_step": 3999, "_wandb": {"runtime": 1741}}