{"train_error_energy": 8.289660535916424, "train_error_force": 4.985872081781368, "train_loss": 2.2230380577895477, "valid_error_energy": 5.801205404525084, "valid_error_force": 5.6605938469163135, "valid_loss": 2.2822731018066404, "test_error_energy": 11.135726390582574, "test_error_force": 12.914462419112734, "test_loss": 5.066430209194802, "lr": 0.001, "dataset_size": 8371, "max_uncertainty": 4, "_timestamp": 1733615142.3563428, "_runtime": 285.077645778656, "_step": 19, "_wandb": {"runtime": 284}}