{"train_error_energy": 2.019048503019564, "train_error_force": 3.4641652459997023, "train_loss": 1.5762510321357033, "valid_error_energy": 1.3797129161130446, "valid_error_force": 2.9951486228301745, "valid_loss": 1.4838634729385376, "test_error_energy": 5.833977957143306, "test_error_force": 5.78080852883971, "test_loss": 3.026396137257521, "lr": 0.0001, "dataset_size": 1758, "max_uncertainty": 6, "_timestamp": 1732707730.8585536, "_runtime": 389.2890155315399, "_step": 19, "_wandb": {"runtime": 388}}