{"train_error_energy": 2.1792097433598085, "train_error_force": 4.413999998433587, "train_loss": 1.1112327704558502, "valid_error_energy": 2.628972218385398, "valid_error_force": 5.699984330567743, "valid_loss": 1.7087234258651733, "test_error_energy": 7.117976618405462, "test_error_force": 9.37618652689439, "test_loss": 7.237531439796168, "lr": 0.0001, "dataset_size": 1178, "max_uncertainty": 8, "_timestamp": 1733296531.6374125, "_runtime": 201.78446245193481, "_step": 19, "_wandb": {"runtime": 201}}