{"train_error_energy": 8.647526776354848, "train_error_force": 4.064268175866942, "train_loss": 1.938615105654064, "valid_error_energy": 5.476637602428897, "valid_error_force": 4.075409614094299, "valid_loss": 1.7301452159881592, "test_error_energy": 10.766937349009565, "test_error_force": 10.295374973754027, "test_loss": 4.165395586902559, "lr": 0.001, "dataset_size": 1205, "max_uncertainty": 4, "_timestamp": 1733524702.375149, "_runtime": 196.7293200492859, "_step": 19, "_wandb": {"runtime": 196}}