Method,Energy R2 Score In Distribution,Forces R2 Score In Distribution,Energy Errors In Distribution,Force Errors In Distribution,Energy R2 Score Out Distribution,Force R2 Score Out Distribution,Energy Errors Out Distribution,Force Errors Out Distribution,Energy Correlation In Distribution Energies,Energy Correlation In Distribution Forces,Energy Correlation Out Distribution Energy,Energy Correlation Out Distribution Forces,Force Correlation In Distribution Energy,Force Correlation In Distribution Forces,Force Correlation Out Distribution Energy,Force Correlation Out Distribution Forces
SWAG,0.9932565205059929,0.9984454988909239,0.75745696,2.2164056,-0.6583272478960227,0.9492945510843946,16.188032,10.811206,0.040884203601760295,0.11202622266568994,0.31337257841345084,0.47830802208822004,0.18104759994101136,0.4423834792793477,0.5335677790661973,0.7507204145605036
SWAG,0.9954831384118411,0.99852993609374,0.68801963,2.0414543,-1.7239898878114452,0.7507683983058211,17.574385,18.446014,0.136360496145854,0.251426177251851,0.7493128110401936,0.7652062388033876,0.3791043354263673,0.8620504371589623,0.44501338427328696,0.7593781121346426
SWAG,0.9934614806823303,0.9971893982796171,0.8716502,2.9523888,0.28069322499240923,0.7555891158843154,8.97195,15.800088,0.1242374350754637,0.280135572466113,0.4645287823610788,0.9095860145371475,0.2988136147043612,0.7375321596053143,0.5182109039047921,0.8167569979301209
SWAG,0.9941296709410699,0.9980772936053759,0.81714755,2.4653344,0.18357380541433033,0.9610994166530871,11.486407,9.704647,0.014340400771231936,0.04889169033745389,-0.04371620390901637,-0.11686651604408495,0.22574064473859595,0.5184653003305105,0.5268502446556792,0.7539725481119328
SWAG,0.9957067841400981,0.9981457819867786,0.6983113,2.3380084,-0.32629332582739523,0.9066367180759028,13.830849,12.7097,0.09922339955437147,0.15329194993733056,0.40185918037307333,0.822332998005344,0.29390969763703867,0.6770225958620373,0.42061122928532163,0.7840985854375346
