{"train_error_energy": 1.5441027716365905, "train_error_force": 1.9520851226716884, "train_loss": -2.48162133163876, "valid_error_energy": 1.2490236069813885, "valid_error_force": 2.21295299564328, "valid_loss": -2.162813663482666, "test_error_energy": 14.518923421142253, "test_error_force": 10.68504710296565, "test_loss": 9.943452380714616, "lr": 0.0001, "dataset_size": 847, "max_uncertainty": 8, "_timestamp": 1733009002.4738564, "_runtime": 163.77942752838135, "_step": 19, "_wandb": {"runtime": 163}}