Method,Energy R2 Score In Distribution,Forces R2 Score In Distribution,Correlation In Distribution,Energy Losses In Distribution,Forces Losses In Distribution,Energy R2 Score Out Distribution,Forces R2 Score Out Distribution,Correlation Out Distribution,Energy Losses Out Distribution,Forces Losses Out Distribution
MVE,-7.279722528414807,0.9922931801384548,-0.17051833980175715,42.308838,5.061083,-6.989309911234395,0.9683576508809275,0.15867765760501704,49.30378,9.124814
MVE,-3.0136912096673774,0.9924507529535194,-0.1929851030125695,29.425116,5.277936,-1.842744135376574,0.9504292854421222,0.15452596061360427,28.16347,11.309831
MVE,0.9271279576779894,0.9903646650139026,-0.07941153149554825,3.1022706,5.7366123,0.19244389310091026,0.9686061734178929,0.16109630796814642,11.507489,9.245649
MVE,0.2224945816202648,0.9894727452728014,-0.08581766476139853,12.66529,5.4965143,-15.578213047409747,-8.881906268708473,-0.27981367714191996,11.542122,11.255269
MVE,0.5323484777540728,0.9852419110460869,-0.12053378425997993,9.493713,7.7952547,0.6178512507675723,0.9590697703209363,0.13076482490543698,8.4303255,11.616648
