{"train_error_energy": 1.7123419963969313, "train_error_force": 3.595548154707844, "train_loss": 0.6492377809274976, "valid_error_energy": 2.0394249261994415, "valid_error_force": 3.7764887551584154, "valid_loss": 0.8575763702392578, "test_error_energy": 11.06270061023289, "test_error_force": 15.10509502342819, "test_loss": 17.139559266454885, "lr": 0.0001, "dataset_size": 3407, "max_uncertainty": 4, "_timestamp": 1733230806.3143945, "_runtime": 244.74144840240479, "_step": 19, "_wandb": {"runtime": 244}}