{"train_error_energy": 1.6359434967484092, "train_error_force": 1.8881402821477786, "train_loss": -2.5616977291722454, "valid_error_energy": 1.7637645315854669, "valid_error_force": 2.0504437088856777, "valid_loss": -2.3361724615097046, "test_error_energy": 11.25560630588295, "test_error_force": 9.214778046445833, "test_loss": 7.430404882780544, "lr": 0.0001, "dataset_size": 2962, "max_uncertainty": 3, "_timestamp": 1732834809.892518, "_runtime": 225.25178813934326, "_step": 19, "_wandb": {"runtime": 225}}