{"train_error_energy": 1.7345594431606424, "train_error_force": 2.0105499390247705, "train_loss": -2.3981074495562194, "valid_error_energy": 0.8987895711545546, "valid_error_force": 2.114923572156009, "valid_loss": -2.322686195373535, "test_error_energy": 11.160801673728987, "test_error_force": 7.760337676812808, "test_loss": 5.368602855043261, "lr": 0.0001, "dataset_size": 3706, "max_uncertainty": 4, "_timestamp": 1732854882.9854622, "_runtime": 209.4256191253662, "_step": 19, "_wandb": {"runtime": 209}}