{"train_error_energy": 1.5458475606998185, "train_error_force": 2.8356422005804847, "train_loss": 1.2867692156535824, "valid_error_energy": 1.2504930563426524, "valid_error_force": 2.2367134635323693, "valid_loss": 1.1952106952667236, "test_error_energy": 11.381673620839976, "test_error_force": 9.621478307787516, "test_loss": 5.337772686444028, "lr": 0.0001, "dataset_size": 1287, "_timestamp": 1732230070.5810564, "_runtime": 342.1493842601776, "_step": 19, "_wandb": {"runtime": 341}}