{"train_loss_energy": 0.273459820151329, "train_loss_force": 2.4100327904593946, "train_loss_total": 20.173477641218664, "valid_loss_energy": 2.7198741306047354, "valid_loss_force": 2.820366644381625, "valid_loss_total": 1.5587613242013114, "lr": 0.00021599999999999996, "_timestamp": 1731690814.0770638, "_runtime": 6572.344326734543, "_step": 5999, "_wandb": {"runtime": 6572}}