{"train_error_energy": 0.0, "train_error_force": 0.0, "train_loss": 0.0, "valid_error_energy": 0.0, "valid_error_force": 0.0, "valid_loss": 0.0, "test_error_energy": 14.46410977588576, "test_error_force": 12.648549367527552, "test_loss": 5.200192384070751, "lr": null, "dataset_size": 800, "max_uncertainty": 6, "_timestamp": 1733517531.8335001, "_runtime": 150.79761505126953, "_step": 0, "_wandb": {"runtime": 150}}