{"train_error_energy": 2.6382851605783246, "train_error_force": 2.2505076143346234, "train_loss": -2.051425420812198, "valid_error_energy": 1.6701471858901822, "valid_error_force": 2.5144779702407885, "valid_loss": -1.820005178451538, "test_error_energy": 14.955362259102518, "test_error_force": 9.682961996818015, "test_loss": 7.342024069181911, "lr": 0.0001, "dataset_size": 875, "max_uncertainty": 8, "_timestamp": 1733016234.4478607, "_runtime": 169.0515797138214, "_step": 19, "_wandb": {"runtime": 168}}