{"train_error_energy": 1.6150794983901495, "train_error_force": 2.037802583316246, "train_loss": -2.3727686443460096, "valid_error_energy": 0.8784570390997368, "valid_error_force": 2.3312574839899565, "valid_loss": -2.0531391302744546, "test_error_energy": 11.127783336809038, "test_error_force": 8.018228861404863, "test_loss": 5.6132109976563775, "lr": 0.0001, "dataset_size": 3476, "max_uncertainty": 4, "_timestamp": 1732844970.2674592, "_runtime": 233.77752709388733, "_step": 19, "_wandb": {"runtime": 233}}