{"train_error_energy": 5.6455056337079474, "train_error_force": 3.1911097263582042, "train_loss": -0.9787409932755712, "valid_error_energy": 6.676774643760131, "valid_error_force": 3.7630651456961584, "valid_loss": -0.46638019382953644, "test_error_energy": 11.12987467807019, "test_error_force": 10.721540803956502, "test_loss": 4.816016366968604, "lr": 0.001, "dataset_size": 2117, "max_uncertainty": 4, "_timestamp": 1732790257.696192, "_runtime": 179.16050910949707, "_step": 19, "_wandb": {"runtime": 178}}