{"train_error_energy": 2.332662083386079, "train_error_force": 2.8981246791395603, "train_loss": 0.6458189314725448, "valid_error_energy": 2.0929992897115266, "valid_error_force": 3.0265837725046705, "valid_loss": 0.5721368044614792, "test_error_energy": 11.048068188267743, "test_error_force": 16.09213529637305, "test_loss": 17.40130182835444, "lr": 0.0001, "dataset_size": 7820, "max_uncertainty": 3, "_timestamp": 1732945879.6590083, "_runtime": 307.1649193763733, "_step": 19, "_wandb": {"runtime": 306}}