{"train_error_energy": 2.0896735409609803, "train_error_force": 3.18046288009935, "train_loss": 1.4530255214588061, "valid_error_energy": 1.5680247694970397, "valid_error_force": 2.865790207183729, "valid_loss": 1.4568324089050293, "test_error_energy": 8.573664895880688, "test_error_force": 7.950375449822055, "test_loss": 4.281011546469483, "lr": 0.0001, "dataset_size": 1164, "max_uncertainty": 6, "_timestamp": 1732454286.6257207, "_runtime": 380.38636469841003, "_step": 19, "_wandb": {"runtime": 380}}