{"valid_loss_force":5.212488889694214,"_runtime":2981.723258001,"train_loss_force":4.40118316241673,"train_loss_energy":4.36735074860709,"valid_loss_energy":5.464260816574097,"_step":199,"_wandb":{"runtime":2996},"lr":0.001,"train_loss_total":4.384266955511911,"valid_loss_total":5.338375091552734,"_timestamp":1.7265660623108351e+09}