Method,Energy R2 Score In Distribution,Forces R2 Score In Distribution,Correlation In Distribution,Energy Losses In Distribution,Forces Losses In Distribution,Energy R2 Score Out Distribution,Forces R2 Score Out Distribution,Correlation Out Distribution,Energy Losses Out Distribution,Forces Losses Out Distribution
EvidentialRegression,-0.0025354623794555664,-0.06765711307525635,-0.015044541430643377,11.615431,66.014565,-0.042513132095336914,-0.05640149116516113,0.064376502156743,14.485306,65.35486
EvidentialRegression,0.5740806460380554,0.7552877068519592,-0.011478583510339214,7.41795,31.296831,0.4642956852912903,0.6275271773338318,-0.03295184930345315,10.317789,37.686466
