{"train_error_energy": 3.10797009612355, "train_error_force": 4.33922410889384, "train_loss": 1.450793743133545, "valid_error_energy": 4.073907933374161, "valid_error_force": 4.392526698743207, "valid_loss": 1.8016399145126343, "test_error_energy": 7.133003742999195, "test_error_force": 7.929408526667099, "test_loss": 5.050301674148799, "lr": 0.0001, "dataset_size": 3680, "max_uncertainty": 6, "_timestamp": 1733388092.213083, "_runtime": 265.78835892677307, "_step": 19, "_wandb": {"runtime": 265}}