{"train_error_energy": 1.6594451059940927, "train_error_force": 3.460489810584195, "train_loss": 0.5637136651203036, "valid_error_energy": 1.6379198072281183, "valid_error_force": 3.4535954473065194, "valid_loss": 0.5983817726373672, "test_error_energy": 9.672734432218911, "test_error_force": 12.397162108531798, "test_loss": 16.195089040626407, "lr": 0.0001, "dataset_size": 6122, "max_uncertainty": 4, "_timestamp": 1733262117.4747488, "_runtime": 291.0008809566498, "_step": 19, "_wandb": {"runtime": 290}}