{"train_error_energy": 0.0, "train_error_force": 0.0, "train_loss": 0.0, "valid_error_energy": 0.0, "valid_error_force": 0.0, "valid_loss": 0.0, "test_error_energy": 19.990273720219147, "test_error_force": 14.350190771912224, "test_loss": 6.139381436153232, "lr": null, "dataset_size": 800, "max_uncertainty": 4, "_timestamp": 1733517054.4207, "_runtime": 163.3184700012207, "_step": 0, "_wandb": {"runtime": 162}}