{"train_error_energy": 2.011202404872492, "train_error_force": 4.4684892278918795, "train_loss": 1.0624006695863677, "valid_error_energy": 1.699132139950175, "valid_error_force": 4.78542625828669, "valid_loss": 1.1041526794433594, "test_error_energy": 6.810669249016759, "test_error_force": 8.714643596439462, "test_loss": 6.603090126476987, "lr": 0.0001, "dataset_size": 1305, "max_uncertainty": 8, "_timestamp": 1733352195.7077847, "_runtime": 214.14657974243164, "_step": 19, "_wandb": {"runtime": 213}}