{"train_error_energy": 1.9253009863285662, "train_error_force": 1.9730949981867576, "train_loss": -2.4314086393073753, "valid_error_energy": 2.75389324618027, "valid_error_force": 1.9956420858200496, "valid_loss": -2.347766160964966, "test_error_energy": 11.597393246402058, "test_error_force": 7.014654163956164, "test_loss": 4.552284185799005, "lr": 0.0001, "dataset_size": 4313, "max_uncertainty": 4, "_timestamp": 1732887896.6932747, "_runtime": 249.0902497768402, "_step": 19, "_wandb": {"runtime": 248}}