{"train_error_energy": 4.673533937175349, "train_error_force": 4.352908721067056, "train_loss": 1.8558239356065407, "valid_error_energy": 6.591293814214669, "valid_error_force": 4.346426911677386, "valid_loss": 2.35291322072347, "test_error_energy": 8.515505570929168, "test_error_force": 7.724556496104396, "test_loss": 4.640205545575207, "lr": 0.0001, "dataset_size": 3744, "max_uncertainty": 6, "_timestamp": 1733397799.9927201, "_runtime": 264.0676221847534, "_step": 19, "_wandb": {"runtime": 263}}