{"train_loss_energy": 4.2295828656735415, "train_loss_force": 3.3435840096842644, "train_loss_total": 1.3469115686416626, "valid_loss_energy": 3.3817611886878103, "valid_loss_force": 4.753854245523044, "valid_loss_total": 1.6381196635110038, "lr": 0.001, "_timestamp": 1732100460.8570619, "_runtime": 2786.660220861435, "_step": 5999, "_wandb": {"runtime": 2786}}