{"train_error_energy": 8.490934807866946, "train_error_force": 4.053095214228719, "train_loss": 1.9243973539721582, "valid_error_energy": 14.513047651035654, "valid_error_force": 4.4365567018745775, "valid_loss": 2.455708408355713, "test_error_energy": 18.273413632821665, "test_error_force": 11.811487317250446, "test_loss": 5.175029794583146, "lr": 0.001, "dataset_size": 9900, "max_uncertainty": 4, "_timestamp": 1733627057.303823, "_runtime": 325.7221291065216, "_step": 19, "_wandb": {"runtime": 325}}