{"train_error_energy": 2.3046147589800356, "train_error_force": 1.8525979003632367, "train_loss": 0.7741100788116455, "valid_error_energy": 3.498467257913734, "valid_error_force": 2.398090399456024, "valid_loss": 1.0365264926637923, "test_error_energy": 0.0, "test_error_force": 0.0, "test_loss": 0.0, "lr": 0.0001, "_timestamp": 1733135047.7933102, "_runtime": 2504.133842229843, "_step": 5999, "_wandb": {"runtime": 2503}}