{"train_error_energy": 9.649546253238324, "train_error_force": 5.805694340283939, "train_loss": 2.588357599576314, "valid_error_energy": 2.429250018622052, "valid_error_force": 5.039623128586394, "valid_loss": 1.8488409519195557, "test_error_energy": 11.927230874537328, "test_error_force": 11.054671599174181, "test_loss": 4.497106235064761, "lr": 0.001, "dataset_size": 935, "max_uncertainty": 4, "_timestamp": 1733523648.4185617, "_runtime": 182.58274269104004, "_step": 19, "_wandb": {"runtime": 182}}