{"train_error_energy": 2.348732281359114, "train_error_force": 2.8537720496755146, "train_loss": 0.6266408173637535, "valid_error_energy": 3.422824152290235, "valid_error_force": 2.988409696997073, "valid_loss": 1.180122399330139, "test_error_energy": 9.805864159632822, "test_error_force": 15.261498908733582, "test_loss": 15.848321450318341, "lr": 0.0001, "dataset_size": 8360, "max_uncertainty": 3, "_timestamp": 1732948927.11906, "_runtime": 320.82121109962463, "_step": 19, "_wandb": {"runtime": 320}}