{"train_error_energy": 0.0, "train_error_force": 0.0, "train_loss": 0.0, "valid_error_energy": 0.0, "valid_error_force": 0.0, "valid_loss": 0.0, "test_error_energy": 13.237398152431767, "test_error_force": 20.395767161422185, "test_loss": 9.853732937917659, "lr": null, "dataset_size": 800, "max_uncertainty": 6, "_timestamp": 1733671740.4545853, "_runtime": 272.7545142173767, "_step": 0, "_wandb": {"runtime": 272}}