{"train_error_energy": 2.9829647061255526, "train_error_force": 4.204857831195165, "train_loss": 1.3806573071263053, "valid_error_energy": 3.783205903949046, "valid_error_force": 4.146420808752984, "valid_loss": 1.6940481662750244, "test_error_energy": 9.666619755605835, "test_error_force": 10.709381716252674, "test_loss": 8.399588819573687, "lr": 0.0001, "dataset_size": 1399, "max_uncertainty": 6, "_timestamp": 1733241096.3637936, "_runtime": 224.92433953285217, "_step": 19, "_wandb": {"runtime": 224}}