{"train_error_energy": 1.5127472282435148, "train_error_force": 3.2304248339680908, "train_loss": 0.38122299203166254, "valid_error_energy": 1.750967067761559, "valid_error_force": 3.752954296452443, "valid_loss": 0.7386411130428314, "test_error_energy": 10.030422248728762, "test_error_force": 12.606188234282097, "test_loss": 18.937223294642582, "lr": 0.0001, "dataset_size": 1700, "max_uncertainty": 3, "_timestamp": 1732915030.1489441, "_runtime": 208.66356205940247, "_step": 19, "_wandb": {"runtime": 208}}