{"train_error_energy": 17.20969875785495, "train_error_force": 6.9877419903859845, "train_loss": 3.489804738905372, "valid_error_energy": 5.343931690177145, "valid_error_force": 5.079016195199916, "valid_loss": 2.0570743083953857, "test_error_energy": 12.864455951234106, "test_error_force": 9.648990472740508, "test_loss": 4.089480553622021, "lr": 0.001, "dataset_size": 2603, "max_uncertainty": 8, "_timestamp": 1733662050.9031594, "_runtime": 192.0942084789276, "_step": 19, "_wandb": {"runtime": 191}}