{"train_error_energy": 0.0, "train_error_force": 0.0, "train_loss": 0.0, "valid_error_energy": 0.0, "valid_error_force": 0.0, "valid_loss": 0.0, "test_error_energy": 12.440402502778362, "test_error_force": 10.72408134932568, "test_loss": 6.045570628181178, "lr": null, "dataset_size": 800, "_timestamp": 1732205944.7326508, "_runtime": 242.43640184402466, "_step": 0, "_wandb": {"runtime": 242}}