{"train_loss_energy": 7.190111913915604, "train_loss_force": 3.217575084383071, "train_loss_total": 1.0203121852874757, "valid_loss_energy": 6.6503607619166365, "valid_loss_force": 3.812904007529574, "valid_loss_total": 1.1354445219039917, "lr": 0.00021599999999999996, "_timestamp": 1731666988.8753262, "_runtime": 1729.0453491210938, "_step": 3999, "_wandb": {"runtime": 1728}}