{"train_error_energy": 0.0, "train_error_force": 0.0, "train_loss": 0.0, "valid_error_energy": 0.0, "valid_error_force": 0.0, "valid_loss": 0.0, "test_error_energy": 12.429791079887819, "test_error_force": 10.720918859886753, "test_loss": 6.0432295050296485, "lr": null, "dataset_size": 800, "_timestamp": 1732277350.3880315, "_runtime": 148.60380458831787, "_step": 0, "_wandb": {"runtime": 148}}