{"train_error_energy": 1.4043937754783433, "train_error_force": 3.128028820967679, "train_loss": 0.24573152236742515, "valid_error_energy": 1.6990991106935294, "valid_error_force": 3.3162020155292695, "valid_loss": 0.5492625037829081, "test_error_energy": 11.81646023042131, "test_error_force": 18.96257258764777, "test_loss": 25.552681688238813, "lr": 0.0001, "dataset_size": 4670, "max_uncertainty": 3, "_timestamp": 1732929176.970675, "_runtime": 274.4884469509125, "_step": 19, "_wandb": {"runtime": 274}}