{"train_error_energy": 3.3435303807276675, "train_error_force": 3.4484539819349926, "train_loss": -0.9258815785869956, "valid_error_energy": 2.281675151481827, "valid_error_force": 3.093028523985955, "valid_loss": -1.2558963298797607, "test_error_energy": 12.526608086196815, "test_error_force": 10.02613781456742, "test_loss": 4.6773812833256745, "lr": 0.0001, "dataset_size": 1005, "max_uncertainty": 4, "_timestamp": 1732803554.3699439, "_runtime": 180.37647581100464, "_step": 19, "_wandb": {"runtime": 180}}