Method,Energy R2 Score In Distribution,Forces R2 Score In Distribution,Correlation In Distribution,Energy Losses In Distribution,Forces Losses In Distribution,Energy R2 Score Out Distribution,Forces R2 Score Out Distribution,Correlation Out Distribution,Energy Losses Out Distribution,Forces Losses Out Distribution
MVE,0.6436577816371427,0.9703446458477102,-0.0415520303413376,8.266453,9.455217,-1.366019356414832,0.6907135477069432,0.28501683866121447,21.78691,28.00347
MVE,0.7935703011831536,0.9857438604029207,-0.1312596508910796,5.928547,6.801891,0.7566191355584335,0.9477992759926627,0.033433823403847054,6.18126,12.284413
MVE,0.9563451431558193,0.9885244666657145,0.06486179376273885,2.4389083,6.0458517,0.7478179843711542,0.96217662932529,0.49534643132715817,6.2558203,10.236841
MVE,0.37808755924629933,0.9676151742666139,0.233058027979237,10.928905,10.912331,0.695626456803246,0.9442299553759379,0.12020977190024017,8.186924,14.050656
MVE,0.9497518893995811,0.9817635134988542,-0.03574407177753512,2.6295288,7.906807,0.16673590276833272,0.9058351172157898,0.3594397303489509,11.95648,16.028358
