{"train_error_energy": 2.362644961849711, "train_error_force": 2.24870439496871, "train_loss": -2.0725848056651928, "valid_error_energy": 1.0449799557684494, "valid_error_force": 2.234960055342761, "valid_loss": -2.1732966899871826, "test_error_energy": 14.215749520897184, "test_error_force": 10.075131270734074, "test_loss": 8.094458520100378, "lr": 0.0001, "dataset_size": 859, "max_uncertainty": 8, "_timestamp": 1733011380.3965747, "_runtime": 168.50857877731323, "_step": 19, "_wandb": {"runtime": 168}}