{"train_error_energy": 2.015334358259925, "train_error_force": 2.3484596682461536, "train_loss": -1.9905579030513763, "valid_error_energy": 1.0840407443489615, "valid_error_force": 2.217935885790852, "valid_loss": -2.19414746761322, "test_error_energy": 13.475689089469764, "test_error_force": 8.962861716232897, "test_loss": 5.691670702390022, "lr": 0.0001, "dataset_size": 1263, "max_uncertainty": 6, "_timestamp": 1733085777.179706, "_runtime": 179.6623899936676, "_step": 19, "_wandb": {"runtime": 179}}