{"train_error_energy": 2.2375596701599956, "train_error_force": 2.897516716449857, "train_loss": 0.59669065117836, "valid_error_energy": 2.0698243762252586, "valid_error_force": 3.561032468629734, "valid_loss": 0.8956871628761292, "test_error_energy": 0.0, "test_error_force": 0.0, "test_loss": 0.0, "lr": 0.0001, "_timestamp": 1733649587.6448112, "_runtime": 2788.4944722652435, "_step": 5999, "_wandb": {"runtime": 2788}}