{"train_error_energy": 4.470780373138, "train_error_force": 4.421404680071394, "train_loss": 1.8283219390445284, "valid_error_energy": 3.6006439245857713, "valid_error_force": 4.630744237346741, "valid_loss": 1.698256492614746, "test_error_energy": 6.181512729772094, "test_error_force": 8.097817377653127, "test_loss": 4.069850402352698, "lr": 0.0001, "dataset_size": 1423, "max_uncertainty": 8, "_timestamp": 1733453419.033193, "_runtime": 181.58213901519775, "_step": 19, "_wandb": {"runtime": 181}}