{"_timestamp":1.7272730626196237e+09,"train_loss_total":2.720964023045131,"_runtime":1.0316872990000001,"valid_loss_force":63.48714828491211,"valid_loss_total":2.671736240386963,"_wandb":{"runtime":1},"train_loss_force":62.844605037144255,"_step":2,"train_loss_energy":12.99015998840332,"valid_loss_energy":12.815106391906738,"lr":0.001}