{"train_error_energy": 3.042796837464109, "train_error_force": 4.5123352253684335, "train_loss": 1.4901613075482218, "valid_error_energy": 3.2572832028439116, "valid_error_force": 4.312304423747975, "valid_loss": 1.613608479499817, "test_error_energy": 7.34094036843719, "test_error_force": 9.222256125073617, "test_loss": 5.788977772777617, "lr": 0.0001, "dataset_size": 1213, "max_uncertainty": 8, "_timestamp": 1733303859.7193885, "_runtime": 208.72464656829834, "_step": 19, "_wandb": {"runtime": 208}}