{"train_error_energy": 0.0, "train_error_force": 0.0, "train_loss": 0.0, "valid_error_energy": 0.0, "valid_error_force": 0.0, "valid_loss": 0.0, "test_error_energy": 12.431730329961656, "test_error_force": 10.724548059192314, "test_loss": 6.04556084927464, "lr": null, "dataset_size": 800, "max_uncertainty": 4, "_timestamp": 1732372161.900518, "_runtime": 251.18616390228271, "_step": 0, "_wandb": {"runtime": 250}}