{"_step":599,"_wandb":{"runtime":110},"_runtime":110.34473,"valid_loss_force":35.12618064880371,"lr":0.001,"_timestamp":1.7265721373960135e+09,"train_loss_energy":9.283363342285156,"train_loss_force":35.33540562220982,"valid_loss_total":30.95354175567627,"valid_loss_energy":10.09034538269043,"train_loss_total":30.993399211338588}