{"train_error_energy": 0.0, "train_error_force": 0.0, "train_loss": 0.0, "valid_error_energy": 0.0, "valid_error_force": 0.0, "valid_loss": 0.0, "test_error_energy": 10.996635043031139, "test_error_force": 13.386480671555825, "test_loss": 16.63180817109752, "lr": null, "dataset_size": 800, "max_uncertainty": 5, "_timestamp": 1733061548.465672, "_runtime": 167.43629598617554, "_step": 0, "_wandb": {"runtime": 167}}