{"train_error_energy": 4.451410481601839, "train_error_force": 4.493834844276745, "train_loss": 1.8611280225044073, "valid_error_energy": 2.6208631647635725, "valid_error_force": 4.790769204443228, "valid_loss": 1.5697181224822998, "test_error_energy": 6.41095717086568, "test_error_force": 8.47552813070959, "test_loss": 4.304437881989005, "lr": 0.0001, "dataset_size": 1347, "max_uncertainty": 8, "_timestamp": 1733375367.9586432, "_runtime": 195.38156127929688, "_step": 19, "_wandb": {"runtime": 194}}