{"train_error_energy": 3.147129752168222, "train_error_force": 4.58117263006914, "train_loss": 1.5704387584153343, "valid_error_energy": 2.545337575840348, "valid_error_force": 4.570604863737982, "valid_loss": 1.3754446506500244, "test_error_energy": 8.572213363516473, "test_error_force": 9.42605508912584, "test_loss": 7.527038806396005, "lr": 0.0001, "dataset_size": 2167, "max_uncertainty": 6, "_timestamp": 1733277071.7236397, "_runtime": 224.05078673362732, "_step": 19, "_wandb": {"runtime": 223}}