{"train_error_energy": 4.081783129948933, "train_error_force": 3.5050059848541606, "train_loss": 1.4304957353806758, "valid_error_energy": 3.0417518277234126, "valid_error_force": 3.5803305235217415, "valid_loss": 1.1578576564788818, "test_error_energy": 10.763819883038783, "test_error_force": 12.522802094584227, "test_loss": 9.877326680727654, "lr": 0.0001, "dataset_size": 5807, "max_uncertainty": 4, "_timestamp": 1733256705.664484, "_runtime": 310.0649480819702, "_step": 19, "_wandb": {"runtime": 309}}