{"train_error_energy": 1.9306151322396228, "train_error_force": 3.109931195195821, "train_loss": 1.4141488402120528, "valid_error_energy": 1.3554015647569297, "valid_error_force": 2.797328462911344, "valid_loss": 1.3816139101982117, "test_error_energy": 9.761238478841666, "test_error_force": 8.050544340251175, "test_loss": 4.415834476810475, "lr": 0.0001, "dataset_size": 1968, "max_uncertainty": 4, "_timestamp": 1732490486.7493742, "_runtime": 412.11841320991516, "_step": 19, "_wandb": {"runtime": 411}}