{"train_error_energy": 2.331781378712037, "train_error_force": 1.7929855022733356, "train_loss": -2.6447125409177676, "valid_error_energy": 0.8012859622996301, "valid_error_force": 1.9710231170388355, "valid_loss": -2.500039498011271, "test_error_energy": 6.429921626893887, "test_error_force": 5.1700541129465005, "test_loss": 2.2466217110918456, "lr": 0.0001, "dataset_size": 5314, "max_uncertainty": 4, "_timestamp": 1732963809.9106343, "_runtime": 261.1982252597809, "_step": 19, "_wandb": {"runtime": 260}}