{"train_error_energy": 3.948585803351212, "train_error_force": 3.275571505741626, "train_loss": 1.3113163429148056, "valid_error_energy": 5.511111239601437, "valid_error_force": 3.5736056555340516, "valid_loss": 1.970670461654663, "test_error_energy": 13.177799545416482, "test_error_force": 13.221733524907437, "test_loss": 15.4938796128278, "lr": 0.0001, "dataset_size": 2690, "max_uncertainty": 3, "_timestamp": 1732919553.6757388, "_runtime": 236.4420359134674, "_step": 19, "_wandb": {"runtime": 236}}