{"train_error_energy": 1.026168037915766, "train_error_force": 2.134671759043546, "train_loss": 0.9539861103235665, "valid_error_energy": 1.2070086668418525, "valid_error_force": 2.269271032704201, "valid_loss": 1.1001948118209839, "test_error_energy": 12.760929664749145, "test_error_force": 10.394623578432062, "test_loss": 5.874099406896462, "lr": 0.0001, "dataset_size": 1880, "max_uncertainty": 4, "_timestamp": 1732375762.7037008, "_runtime": 418.83135175704956, "_step": 19, "_wandb": {"runtime": 418}}