Method,Energy R2 Score In Distribution,Forces R2 Score In Distribution,Correlation In Distribution Energies,Correlation In Distribution Forces,Energy Losses In Distribution,Forces Losses In Distribution,Energy R2 Score Out Distribution,Forces R2 Score Out Distribution,Correlation Out Distribution Energy,Correlation In Distribution Forces,Energy Losses Out Distribution,Forces Losses Out Distribution
EvidentialRegression,0.9218828082084656,0.9966140389442444,0.011356143420669571,0.1294882967997289,3.861164,3.282751,0.5301533937454224,0.967835009098053,0.453104687565488,0.45729603027604393,9.109965,8.980249
EvidentialRegression,0.9315136075019836,0.9964784979820251,0.14960655261035705,0.21355229096228107,3.43435,3.3665838,0.739027738571167,0.9674150347709656,0.17561653484623094,0.19534494777656808,7.176394,9.494281
EvidentialRegression,-2.71561861038208,0.6135348677635193,0.3432890898790879,-0.12385373529803054,26.172703,36.610577,-7.980855941772461,0.5136962532997131,0.8369422256404265,0.32436651268438665,44.773087,42.153255
EvidentialRegression,0.8844218850135803,0.997197151184082,0.10638921717795988,0.4079113941208429,4.749572,3.0527878,0.6402289867401123,0.9689577221870422,0.34478127337434206,0.4979200313478046,8.044625,8.669478
EvidentialRegression,0.8273482322692871,0.9977209568023682,0.03518608782363485,0.2888448642562857,6.016919,2.7133598,0.24073106050491333,0.9783725738525391,0.2879305276748703,0.2346582809032082,12.470919,7.3806953
