{"train_error_energy": 2.0410299975355475, "train_error_force": 3.1291148722416358, "train_loss": 1.4405468517625835, "valid_error_energy": 1.8933123273405241, "valid_error_force": 2.8177329727675833, "valid_loss": 1.413177728652954, "test_error_energy": 8.526517996469579, "test_error_force": 7.456858565951286, "test_loss": 4.068261087876964, "lr": 0.0001, "dataset_size": 2263, "max_uncertainty": 4, "_timestamp": 1732538020.1692564, "_runtime": 423.554580450058, "_step": 19, "_wandb": {"runtime": 423}}