{"train_error_energy": 13.236972023779407, "train_error_force": 5.538992644438626, "train_loss": 2.739191192538798, "valid_error_energy": 8.46419962767664, "valid_error_force": 3.7364151374118886, "valid_loss": 1.8166460990905762, "test_error_energy": 12.63739659980324, "test_error_force": 11.060371411691603, "test_loss": 4.546538170719646, "lr": 0.001, "dataset_size": 3781, "max_uncertainty": 4, "_timestamp": 1733586315.809875, "_runtime": 251.44029211997986, "_step": 19, "_wandb": {"runtime": 251}}