{"train_error_energy": 16.23827378120958, "train_error_force": 4.314094405344802, "train_loss": 0.4819459994681753, "valid_error_energy": 18.413397009292986, "valid_error_force": 5.315697019804356, "valid_loss": 1.198280692100525, "test_error_energy": 22.474731189054864, "test_error_force": 10.76793776067897, "test_loss": 4.569630178481496, "lr": 0.001, "dataset_size": 3314, "max_uncertainty": 4, "_timestamp": 1732793303.2529566, "_runtime": 202.1788775920868, "_step": 19, "_wandb": {"runtime": 201}}