{"train_error_energy": 1.6338363482333642, "train_error_force": 3.304961350145578, "train_loss": 0.4832682695794613, "valid_error_energy": 1.2985355389278808, "valid_error_force": 3.3712844058321503, "valid_loss": 0.339278981089592, "test_error_energy": 9.863813821181827, "test_error_force": 12.71649804419899, "test_loss": 17.08036876099272, "lr": 0.0001, "dataset_size": 7512, "max_uncertainty": 4, "_timestamp": 1733293726.2558758, "_runtime": 303.52308678627014, "_step": 19, "_wandb": {"runtime": 303}}