{"train_error_energy": 1.328666482850415, "train_error_force": 2.9046247386086663, "train_loss": 0.10171666305526915, "valid_error_energy": 1.0685553577636295, "valid_error_force": 3.0756411253897515, "valid_loss": 0.028326600790023804, "test_error_energy": 10.308722592415556, "test_error_force": 16.408378411230434, "test_loss": 25.641121579714472, "lr": 0.0001, "dataset_size": 8090, "max_uncertainty": 3, "_timestamp": 1732947396.3198664, "_runtime": 306.7152304649353, "_step": 19, "_wandb": {"runtime": 306}}