{"train_error_energy": 1.6897894918376055, "train_error_force": 1.7122926472607558, "train_loss": -2.8025039196014405, "valid_error_energy": 2.5744254030457596, "valid_error_force": 2.233990776550537, "valid_loss": -1.9810028076171875, "test_error_energy": 13.36658716290754, "test_error_force": 12.634060349155613, "test_loss": 12.886305015124575, "lr": 0.0001, "dataset_size": 945, "max_uncertainty": 3, "_timestamp": 1732802462.8167696, "_runtime": 166.10535049438477, "_step": 19, "_wandb": {"runtime": 165}}