{"train_loss_energy": 11.872178077697754, "train_uncertainty": 0.6715699695050716, "train_loss_force": 64.01078510284424, "train_loss_total": 75.88701057434082, "valid_loss_energy": 12.058791160583496, "valid_uncertainty": 0.9723259210586548, "valid_loss_force": 63.433502197265625, "valid_loss_total": 75.49533081054688, "in_interval": 2.5, "lr": 0.001, "_timestamp": 1724238486.699051, "_runtime": 91.76852178573608, "_step": 3, "_wandb": {"runtime": 97}}