{"train_error_energy": 4.0419863969525665, "train_error_force": 3.5181975745940277, "train_loss": 1.4296436387139397, "valid_error_energy": 3.158979673638004, "valid_error_force": 3.557459581759109, "valid_loss": 1.184848427772522, "test_error_energy": 10.604698720679162, "test_error_force": 12.270609794527186, "test_loss": 9.595276133552272, "lr": 0.0001, "dataset_size": 5893, "max_uncertainty": 4, "_timestamp": 1733257896.4505305, "_runtime": 283.58387756347656, "_step": 19, "_wandb": {"runtime": 283}}