{"train_error_energy": 3.4178053702620805, "train_error_force": 3.1018352159469105, "train_loss": 1.558980690581458, "valid_error_energy": 3.011651189907748, "valid_error_force": 3.1693568351802495, "valid_loss": 1.6612811088562012, "test_error_energy": 10.154377918729113, "test_error_force": 8.777187395786619, "test_loss": 4.805534587480635, "lr": 0.0006, "dataset_size": 880, "_timestamp": 1732294618.9810772, "_runtime": 356.8109841346741, "_step": 19, "_wandb": {"runtime": 356}}