{"train_error_energy": 11.462059481247396, "train_error_force": 5.237578598849017, "train_loss": 2.5195588178412858, "valid_error_energy": 19.39381282151937, "valid_error_force": 6.43689673555846, "valid_loss": 3.4516525268554688, "test_error_energy": 24.886549076772873, "test_error_force": 11.585101377938829, "test_loss": 5.541835577700151, "lr": 0.001, "dataset_size": 1358, "max_uncertainty": 8, "_timestamp": 1733578340.9378798, "_runtime": 190.50680375099182, "_step": 19, "_wandb": {"runtime": 190}}