{"train_error_energy": 1.715165668388673, "train_error_force": 2.7090031772874985, "train_error_total": 1.2403653098477259, "valid_error_energy": 1.681614758240036, "valid_error_force": 2.6233389116625707, "valid_error_total": 1.3456389904022217, "test_error_energy": 10.302362270931274, "test_error_force": 8.743344954528554, "test_error_total": 4.811898873114461, "lr": 0.0001, "dataset_size": 1124, "_timestamp": 1732158635.4768665, "_runtime": 325.8109483718872, "_step": 19, "_wandb": {"runtime": 325}}