{"train_error_energy": 4.185523185637131, "train_error_force": 3.471803626157464, "train_loss": 1.4382521872935088, "valid_error_energy": 4.469525874962657, "valid_error_force": 3.5453806712691103, "valid_loss": 1.483938217163086, "test_error_energy": 10.850892519126948, "test_error_force": 11.27932503729686, "test_loss": 8.844884535405024, "lr": 0.0001, "dataset_size": 5862, "max_uncertainty": 4, "_timestamp": 1732954375.0057225, "_runtime": 290.48427152633667, "_step": 19, "_wandb": {"runtime": 290}}