{"train_error_energy": 8.610951945342812, "train_error_force": 4.200321215561994, "train_error_total": 2.718309898376465, "valid_error_energy": 5.2132115413687785, "valid_error_force": 4.620743497995687, "valid_error_total": 2.7046327590942383, "test_error_energy": 14.065168748525712, "test_error_force": 9.634630122160704, "test_error_total": 5.296966889765875, "lr": 0.001, "dataset_size": 1600, "_timestamp": 1732192101.3058283, "_runtime": 155.9000542163849, "_step": 7}