{"train_error_energy": 12.62333491994548, "train_error_force": 7.263520777176243, "train_loss": 3.275158827645438, "valid_error_energy": 25.41627573865472, "valid_error_force": 8.803248732522853, "valid_loss": 4.646468162536621, "test_error_energy": 29.55337913186741, "test_error_force": 13.750669098106734, "test_loss": 6.578748695513341, "lr": 0.001, "dataset_size": 1092, "max_uncertainty": 6, "_timestamp": 1733549670.9958851, "_runtime": 192.7415690422058, "_step": 19, "_wandb": {"runtime": 192}}