{"train_error_energy": 2.9504046353237023, "train_error_force": 4.33148259282598, "train_loss": 1.3972851276397704, "valid_error_energy": 3.4082122466638203, "valid_error_force": 4.471622638975286, "valid_loss": 1.6683526039123535, "test_error_energy": 8.431013159618818, "test_error_force": 9.90194924896173, "test_loss": 7.123729985421865, "lr": 0.0001, "dataset_size": 1096, "max_uncertainty": 8, "_timestamp": 1733261621.0205514, "_runtime": 194.8646104335785, "_step": 19, "_wandb": {"runtime": 194}}