{"train_error_energy": 4.628526611861741, "train_error_force": 4.594746888568767, "train_loss": 1.9360759770870208, "valid_error_energy": 5.869888682330753, "valid_error_force": 4.586622568750297, "valid_loss": 2.3127098083496094, "test_error_energy": 9.137193979196299, "test_error_force": 8.424519432502565, "test_loss": 5.532655938133519, "lr": 0.0001, "dataset_size": 3183, "max_uncertainty": 6, "_timestamp": 1733336782.3306494, "_runtime": 268.18191933631897, "_step": 19, "_wandb": {"runtime": 267}}