{"train_error_energy": 1.9319504407002877, "train_error_force": 2.0407063752441554, "train_loss": -2.3481126051504635, "valid_error_energy": 2.4063657538221888, "valid_error_force": 2.1440639492798597, "valid_loss": -2.188538670539856, "test_error_energy": 11.507019720925605, "test_error_force": 8.316453819803563, "test_loss": 5.884268231416872, "lr": 0.0001, "dataset_size": 3280, "max_uncertainty": 4, "_timestamp": 1732837164.0151372, "_runtime": 226.0392062664032, "_step": 19, "_wandb": {"runtime": 225}}