{"train_loss": 1.290859967470169, "train_uncertainty": 2.701237056404352, "valid_loss": 1.033681035041809, "valid_uncertainty": 4.917966842651367, "in_interval": 98.5, "_timestamp": 1723709033.968332, "_runtime": 3.025521993637085, "_step": 0, "_wandb": {"runtime": 2}}