{"train_error_energy": 2.9420204647825634, "train_error_force": 4.377682722384702, "train_loss": 1.4028842422697279, "valid_error_energy": 2.8721514193445943, "valid_error_force": 4.65721937612841, "valid_loss": 1.466658592224121, "test_error_energy": 7.404770029640761, "test_error_force": 8.175025490783, "test_loss": 5.43861291296195, "lr": 0.0001, "dataset_size": 1424, "max_uncertainty": 8, "_timestamp": 1733456108.9812312, "_runtime": 190.5338432788849, "_step": 19, "_wandb": {"runtime": 190}}