{"train_error_energy": 1.7907072755735831, "train_error_force": 3.0767787750792635, "train_loss": 1.397933462918815, "valid_error_energy": 1.546525172781128, "valid_error_force": 2.8246796934476652, "valid_loss": 1.3860214948654175, "test_error_energy": 10.55088384563575, "test_error_force": 8.522397491100309, "test_loss": 4.659540535891868, "lr": 0.0001, "dataset_size": 1866, "_timestamp": 1732285891.6752892, "_runtime": 416.98992705345154, "_step": 19, "_wandb": {"runtime": 416}}