{"train_error_energy": 1.4545426875067895, "train_error_force": 1.9897895242115322, "train_loss": -2.443095638201787, "valid_error_energy": 0.8440699460019142, "valid_error_force": 2.1271763872489777, "valid_loss": -2.3113955656687417, "test_error_energy": 9.869877533374048, "test_error_force": 7.379478398354226, "test_loss": 4.699396886126533, "lr": 0.0001, "dataset_size": 4145, "max_uncertainty": 4, "_timestamp": 1732876884.0040667, "_runtime": 244.28425073623657, "_step": 19, "_wandb": {"runtime": 243}}