{"train_error_energy": 2.0516137083778987, "train_error_force": 3.431344992106306, "train_loss": 1.5405928866807805, "valid_error_energy": 1.9524257528594224, "valid_error_force": 3.3344289324729073, "valid_loss": 1.6842374801635742, "test_error_energy": 5.377995459903034, "test_error_force": 5.773493658535241, "test_loss": 3.060963440940018, "lr": 0.0001, "dataset_size": 1360, "max_uncertainty": 8, "_timestamp": 1732721619.3492785, "_runtime": 390.80399656295776, "_step": 19, "_wandb": {"runtime": 390}}