{"train_error_energy": 2.671661802192949, "train_error_force": 3.3161043110667694, "train_loss": 0.9471637195190498, "valid_error_energy": 2.6275999641063317, "valid_error_force": 3.5242302197740134, "valid_loss": 0.9768475443124771, "test_error_energy": 9.413340727525648, "test_error_force": 11.151498794636762, "test_loss": 9.034676831430165, "lr": 0.0001, "dataset_size": 7217, "max_uncertainty": 4, "_timestamp": 1732975041.8283148, "_runtime": 243.83498883247375, "_step": 19, "_wandb": {"runtime": 243}}