{"train_error_energy": 1.9349410683217723, "train_error_force": 2.062089843974658, "train_loss": -2.32172657566509, "valid_error_energy": 1.2281617346994143, "valid_error_force": 2.305474029798589, "valid_loss": -2.0751322507858276, "test_error_energy": 12.940027704950579, "test_error_force": 8.861099197881865, "test_loss": 6.4304705315235395, "lr": 0.0001, "dataset_size": 2775, "max_uncertainty": 4, "_timestamp": 1732820585.7498512, "_runtime": 221.8032512664795, "_step": 19, "_wandb": {"runtime": 221}}