{"train_error_energy": 2.670543272834157, "train_error_force": 3.5002423037549675, "train_loss": 1.0204888582229614, "valid_error_energy": 1.8287389430289034, "valid_error_force": 3.833257585905267, "valid_loss": 0.903875470161438, "test_error_energy": 9.85409663758133, "test_error_force": 11.272606668489157, "test_loss": 11.3579403093348, "lr": 0.0001, "dataset_size": 1690, "max_uncertainty": 4, "_timestamp": 1732919245.2245543, "_runtime": 218.66451930999756, "_step": 19, "_wandb": {"runtime": 218}}