{"train_error_energy": 1.106426094040822, "train_error_force": 1.8703816949655678, "train_loss": -2.621179827521829, "valid_error_energy": 2.4347311309836375, "valid_error_force": 1.9744452820310756, "valid_loss": -2.3929827213287354, "test_error_energy": 13.722163203890325, "test_error_force": 9.689135248240348, "test_loss": 8.146275909783329, "lr": 0.0001, "dataset_size": 2697, "max_uncertainty": 3, "_timestamp": 1732825729.7854257, "_runtime": 239.77360463142395, "_step": 19, "_wandb": {"runtime": 239}}