{"train_error_energy": 2.0550957312381635, "train_error_force": 3.136200156115537, "train_loss": 1.4570422305001154, "valid_error_energy": 1.4060727122771222, "valid_error_force": 2.8504670072375626, "valid_loss": 1.4124131202697754, "test_error_energy": 8.992770048347166, "test_error_force": 8.106712007438881, "test_loss": 4.365281799076739, "lr": 0.0001, "dataset_size": 1136, "max_uncertainty": 6, "_timestamp": 1732444635.379489, "_runtime": 381.02371287345886, "_step": 19, "_wandb": {"runtime": 380}}