{"train_error_energy": 1.4313781890435733, "train_error_force": 2.865087104916166, "train_loss": 1.2847546222733288, "valid_error_energy": 1.3567865668446006, "valid_error_force": 2.9816250349213966, "valid_loss": 1.5181745886802673, "test_error_energy": 11.057847630627764, "test_error_force": 16.305595168188013, "test_loss": 7.9332316458537315, "lr": 0.0001, "dataset_size": 1292, "max_uncertainty": 4, "_timestamp": 1733731168.8345332, "_runtime": 397.58482027053833, "_step": 19, "_wandb": {"runtime": 397}}