Method,Energy R2 Score In Distribution,Forces R2 Score In Distribution,Energy Errors In Distribution,Force Errors In Distribution,Energy R2 Score Out Distribution,Force R2 Score Out Distribution,Energy Errors Out Distribution,Force Errors Out Distribution,Energy Correlation In Distribution Energies,Energy Correlation In Distribution Forces,Energy Correlation Out Distribution Energy,Energy Correlation Out Distribution Forces
EvidentialRegression,0.9916116395455664,0.9961179075920076,1.0296009,3.4175386,0.4245038570807981,0.8945710092372313,9.020856,14.004429,0.07996379085340195,0.21009027009699513,0.33042980479036665,0.4078747879166919
EvidentialRegression,0.9852172792103522,0.995172024772777,1.347007,3.9896421,0.685416780496328,0.9776863110139019,7.2109475,7.9802604,0.1012200488165799,0.31539873907449195,0.20746358166568618,0.37747212395789315
EvidentialRegression,0.9873507049809032,0.9958751622319246,1.2797341,3.7463257,0.6587834468696714,0.9639353909648533,6.628714,9.726019,0.16357431467307154,0.3879528618264556,0.51543834078824,0.4366157735052699
EvidentialRegression,0.9795543068290805,0.9952666045321282,1.7038825,3.895839,0.7753756311377874,0.9680551456154357,5.8746586,8.836256,0.022885079984594676,-0.0660903288850391,nan,nan
EvidentialRegression,0.9777369367375377,0.9964303717746175,1.6910847,3.4773288,0.7237489830219663,0.9775484160226879,6.6432414,7.862099,0.08380540033782657,0.14601626284305533,0.27946256436544176,0.39537385939290787
