Method,Energy R2 Score In Distribution,Forces R2 Score In Distribution,Correlation In Distribution,Energy Losses In Distribution,Forces Losses In Distribution,Energy R2 Score Out Distribution,Forces R2 Score Out Distribution,Correlation Out Distribution,Energy Losses Out Distribution,Forces Losses Out Distribution
ModelEnsemble,0.7044934034347534,0.8352704048156738,0.15567550334029437,6.2235007,25.605057,-0.9807982444763184,0.574454128742218,0.4465378194425565,20.441278,39.90438
ModelEnsemble,0.7044934034347534,0.8352704048156738,0.15567547923918296,6.2235007,25.605057,-0.9807984828948975,0.5744543075561523,0.4465377400145987,20.441277,39.904385
ModelEnsemble,0.7290457487106323,0.8421770930290222,0.14607763551782035,5.937364,24.952724,-1.001849889755249,0.6477121114730835,0.35739148797316883,21.225126,36.262356
ModelEnsemble,0.8423005938529968,0.9079439043998718,0.20655856293212155,4.519407,18.382992,-0.41006624698638916,0.7361288070678711,0.4990709288641658,16.408087,30.759785
ModelEnsemble,0.32453495264053345,0.3723706305027008,0.10536639934769143,9.405199,49.947365,0.021756350994110107,0.20187848806381226,-0.05732978136282908,13.949946,56.357132
