{"train_error_energy": 12.517992286332303, "train_error_force": 7.076580383527141, "train_loss": 3.2055583720983463, "valid_error_energy": 9.991307976709818, "valid_error_force": 7.165180933813622, "valid_loss": 3.0661171674728394, "test_error_energy": 22.83949725434451, "test_error_force": 12.21293223234289, "test_loss": 5.61491976732983, "lr": 0.001, "dataset_size": 1361, "max_uncertainty": 6, "_timestamp": 1733553308.9737098, "_runtime": 208.21566581726074, "_step": 19, "_wandb": {"runtime": 207}}