{"train_error_energy": 2.056910672654567, "train_error_force": 3.4756676330922436, "train_loss": 1.5657256990671158, "valid_error_energy": 2.848478349095281, "valid_error_force": 3.2029789855387616, "valid_loss": 1.6010600328445435, "test_error_energy": 7.4540234794317515, "test_error_force": 6.529619218839833, "test_loss": 3.5341503145807076, "lr": 0.0001, "dataset_size": 1523, "max_uncertainty": 6, "_timestamp": 1732592070.4946082, "_runtime": 401.23623418807983, "_step": 19, "_wandb": {"runtime": 400}}