{"train_error_energy": 2.7046316898261904, "train_error_force": 3.5416495390697174, "train_loss": 1.0483230727334176, "valid_error_energy": 4.220002050693967, "valid_error_force": 3.697993650505097, "valid_loss": 1.7312575181325276, "test_error_energy": 10.267745785089685, "test_error_force": 11.683727096575018, "test_loss": 11.144688950783296, "lr": 0.0001, "dataset_size": 3939, "max_uncertainty": 4, "_timestamp": 1733235287.7818432, "_runtime": 255.10503029823303, "_step": 19, "_wandb": {"runtime": 254}}