{"train_error_energy": 3.219028129721643, "train_error_force": 4.614931713388201, "train_loss": 1.580479323208987, "valid_error_energy": 2.516561485439235, "valid_error_force": 4.565768712557576, "valid_loss": 1.3609607815742493, "test_error_energy": 7.622481501827398, "test_error_force": 8.815626618893216, "test_loss": 5.976780052584504, "lr": 0.0001, "dataset_size": 2897, "max_uncertainty": 6, "_timestamp": 1733316773.2336738, "_runtime": 241.81307792663574, "_step": 19, "_wandb": {"runtime": 241}}