Method,Energy R2 Score In Distribution,Forces R2 Score In Distribution,Energy Losses In Distribution,Force Losses In Distribution,Energy R2 Score Out Distribution,Force R2 Score Out Distribution,Energy Losses Out Distribution,Force Losses Out Distribution,Energy Correlation In Distribution Energies,Energy Correlation In Distribution Forces,Energy Correlation Out Distribution Energy,Energy Correlation Out Distribution Forces,Force Correlation In Distribution Energy,Force Correlation In Distribution Forces,Force Correlation Out Distribution Energy,Force Correlation Out Distribution Forces
ModelEnsemble,0.9886398849066301,0.9975571862756508,0.07751761,0.17214763,0.09891978203144558,0.8774234972858168,0.56413615,0.870005,-0.0584785701518636,0.37590798155110317,0.8910346974503301,0.7837155920721951,0.3279861203919799,0.9389481755092862,0.6938032397346838,0.9939311995497707
ModelEnsemble,0.9782772938718337,0.9979331866397493,0.12838168,0.17214194,0.8237446906319128,0.9642107619950919,0.38779026,0.57231873,0.26047647222889964,0.13275396313259924,0.35470959441463795,0.7130971329944334,0.06468645591931435,0.869675148808808,0.2844447585032774,0.9722445848080163
ModelEnsemble,0.9182992118551203,0.9973674651392915,0.2635589,0.19085641,0.2280678907667818,0.9070681209110685,0.60249656,0.76360774,0.1154018458901676,0.5113422538214207,0.8797899242940475,0.8375254749720809,0.15380393438794981,0.8086706845519639,0.7597476758525968,0.9921890461167155
ModelEnsemble,0.9636096990084088,0.9977206532959736,0.16946995,0.18469974,0.6804359541996162,0.9649906744532598,0.41642228,0.56085414,-0.48050794514302997,-0.016553021051132003,0.4470456764895659,0.6030370770850103,0.1238255054976251,0.8001439517515048,0.6258216003591751,0.9619755874774865
ModelEnsemble,0.9767522215550479,0.9960520526235137,0.12884094,0.23327805,0.7217038828216014,0.9164061626051581,0.428631,0.85424906,-0.07215509701063615,0.25963657636863974,0.5167240262513656,0.7999471172423432,0.11970402005139992,0.860865543219939,0.5580511399017519,0.9441662094970285
