{"train_error_energy": 6.078810530884009, "train_error_force": 3.54904273473173, "train_loss": 1.5943188840343105, "valid_error_energy": 6.095431039583019, "valid_error_force": 3.1860193343718857, "valid_loss": 1.4739623963832855, "test_error_energy": 9.424683092781583, "test_error_force": 11.154262051120918, "test_loss": 4.362957457597343, "lr": 0.001, "dataset_size": 5941, "max_uncertainty": 4, "_timestamp": 1733599413.3426988, "_runtime": 260.231018781662, "_step": 19, "_wandb": {"runtime": 259}}