{"train_error_energy": 1.9358636333525419, "train_error_force": 1.8501764034858725, "train_loss": -2.592760508710688, "valid_error_energy": 2.479087047521599, "valid_error_force": 2.4022536113697672, "valid_loss": -1.8092867136001587, "test_error_energy": 14.076726680831046, "test_error_force": 9.361223859772272, "test_loss": 7.920693365067088, "lr": 0.0001, "dataset_size": 2435, "max_uncertainty": 5, "_timestamp": 1733075970.7007277, "_runtime": 215.16378259658813, "_step": 19, "_wandb": {"runtime": 214}}