Method,Energy R2 Score In Distribution,Forces R2 Score In Distribution,Energy Losses In Distribution,Force Losses In Distribution,Energy R2 Score Out Distribution,Force R2 Score Out Distribution,Energy Losses Out Distribution,Force Losses Out Distribution,Energy Correlation In Distribution Energies,Energy Correlation In Distribution Forces,Energy Correlation Out Distribution Energy,Energy Correlation Out Distribution Forces,Force Correlation In Distribution Energy,Force Correlation In Distribution Forces,Force Correlation Out Distribution Energy,Force Correlation Out Distribution Forces
ModelEnsemble,0.9931790835232192,0.9981055146177956,0.059383787,0.16192617,0.9940286159165747,0.9981194811210893,0.062307045,0.16243227,0.43479422000023915,0.5414101195523637,0.5545326500896757,0.4367399240991934,0.35485190375779596,0.8165053610707278,0.39978549115357037,0.7918966836540203
ModelEnsemble,0.9947771673056215,0.9983679688970776,0.052596685,0.15025647,0.9960068708042958,0.9983864032952622,0.05244366,0.1497518,0.39631720005814863,0.4951226405075943,0.4372240285770953,0.47799554987774345,0.35555837144425495,0.8364434849694334,0.5100020062610349,0.8013845758771527
ModelEnsemble,0.9931790894259277,0.9981055143430742,0.059383754,0.16192617,0.8443438942804081,0.9764044406932179,0.30733997,0.5047578,0.43479270875967907,0.5414095291150655,0.3132229398469821,0.6496699409857484,0.3548522441195099,0.8165054861608324,0.5176883566105298,0.9595111222325988
ModelEnsemble,0.9947771688568496,0.9983679691240144,0.052596655,0.15025645,0.5298103370685517,0.9699773446132244,0.54483926,0.5495067,0.3963175946964441,0.49512066243295527,0.7358238173148897,0.7739439238436143,0.355557473159756,0.8364436070656103,0.7716240250640817,0.955900639976885
ModelEnsemble,0.9943306614732547,0.9979069340358045,0.054491296,0.16899301,0.7703494714107147,0.9390197819185565,0.36954933,0.77064824,0.41366178673728626,0.5466289803736906,0.542489224130607,0.7988618926275395,0.43378931230255696,0.8604325208000734,0.6032466892930639,0.9508682685661913
ModelEnsemble,0.8066948447064145,0.9933436515757451,0.39388418,0.31582618,0.30359787347964895,0.956888522006668,0.71148205,0.71985865,0.35948497877258717,0.11565044814414165,0.6959326681904635,0.6829973181809781,0.0746968209514059,0.6945024143369525,0.6762117886489257,0.9647339472677982
