{"train_error_energy": 2.6445571929509994, "train_error_force": 3.5235399835934906, "train_loss": 1.035339470420565, "valid_error_energy": 1.6663626454187068, "valid_error_force": 3.765453717624526, "valid_loss": 0.8266173601150513, "test_error_energy": 10.43244427561517, "test_error_force": 12.372737732765403, "test_loss": 11.671620538721534, "lr": 0.0001, "dataset_size": 2230, "max_uncertainty": 4, "_timestamp": 1732922078.5056517, "_runtime": 243.408344745636, "_step": 19, "_wandb": {"runtime": 243}}