{"train_error_energy": 2.372727978411172, "train_error_force": 2.921312926666196, "train_loss": 0.6637973214610148, "valid_error_energy": 3.53298879929451, "valid_error_force": 3.076979255622205, "valid_loss": 1.2654544413089752, "test_error_energy": 9.936512322187667, "test_error_force": 15.116760256614109, "test_loss": 15.580833225350105, "lr": 0.0001, "dataset_size": 7550, "max_uncertainty": 3, "_timestamp": 1732944379.3108106, "_runtime": 321.6929805278778, "_step": 19, "_wandb": {"runtime": 321}}