{"train_error_energy": 1.570742625295178, "train_error_force": 3.1798618521999957, "train_loss": 0.398054099696524, "valid_error_energy": 1.2681697689601603, "valid_error_force": 3.2003360363780873, "valid_loss": 0.2513054609298706, "test_error_energy": 9.08774987798411, "test_error_force": 11.35789581565139, "test_loss": 15.296539621203358, "lr": 0.0001, "dataset_size": 8704, "max_uncertainty": 4, "_timestamp": 1733336057.8581316, "_runtime": 317.35477471351624, "_step": 19, "_wandb": {"runtime": 316}}