{"train_error_energy": 1.8192234900181008, "train_error_force": 2.3233082275767885, "train_loss": -4.65864694440687, "valid_error_energy": 1.9832000761760913, "valid_error_force": 2.4695375471947667, "valid_loss": -4.137020587921143, "test_error_energy": 13.134319288701661, "test_error_force": 9.941885718058458, "test_loss": 64.60846720191196, "lr": 0.0001, "dataset_size": 1171, "max_uncertainty": 4, "_timestamp": 1733724542.1718845, "_runtime": 202.08774042129517, "_step": 19, "_wandb": {"runtime": 201}}