{"train_error_energy": 2.6760206307793903, "train_error_force": 3.3899926907730165, "train_loss": 0.9687310075296939, "valid_error_energy": 3.249784040012783, "valid_error_force": 3.427237933501188, "valid_loss": 1.1984634697437286, "test_error_energy": 10.205502362922964, "test_error_force": 12.296049891341124, "test_loss": 12.413083540831561, "lr": 0.0001, "dataset_size": 6573, "max_uncertainty": 4, "_timestamp": 1733270792.4829605, "_runtime": 292.2207205295563, "_step": 19, "_wandb": {"runtime": 291}}