{"train_error_energy": 3.052314136071321, "train_error_force": 4.196163506199117, "train_loss": 1.3904057131257168, "valid_error_energy": 2.5185945660761284, "valid_error_force": 4.285591696987602, "valid_loss": 1.292464554309845, "test_error_energy": 8.878890546579603, "test_error_force": 10.690316243043867, "test_loss": 8.026821962825915, "lr": 0.0001, "dataset_size": 1369, "max_uncertainty": 6, "_timestamp": 1733238880.2108822, "_runtime": 204.02330327033997, "_step": 19, "_wandb": {"runtime": 203}}