{"train_error_energy": 1.6284538253346406, "train_error_force": 2.069296300878233, "train_loss": -2.333369815472475, "valid_error_energy": 1.7395493176331063, "valid_error_force": 2.1763745783688573, "valid_loss": -2.1950578689575195, "test_error_energy": 11.16521538190213, "test_error_force": 8.669745778977772, "test_loss": 6.140262768530721, "lr": 0.0001, "dataset_size": 3084, "max_uncertainty": 4, "_timestamp": 1732829344.8950837, "_runtime": 254.39670658111572, "_step": 19, "_wandb": {"runtime": 254}}