{"train_error_energy": 2.669518668021891, "train_error_force": 3.5095960254839262, "train_loss": 1.0258312812147214, "valid_error_energy": 3.195725612333213, "valid_error_force": 3.6853332024289838, "valid_loss": 1.2879739205042522, "test_error_energy": 10.047130035735291, "test_error_force": 11.57472941181569, "test_loss": 10.126824578689655, "lr": 0.0001, "dataset_size": 4109, "max_uncertainty": 4, "_timestamp": 1732935904.746883, "_runtime": 264.8845248222351, "_step": 19, "_wandb": {"runtime": 264}}