{"train_error_energy": 2.309131934615622, "train_error_force": 2.149025585657453, "train_loss": -4.834375309944153, "valid_error_energy": 3.048907523396948, "valid_error_force": 2.4755489461273794, "valid_loss": -3.976471424102783, "test_error_energy": 12.270822251203388, "test_error_force": 11.211547897474281, "test_loss": 93.14197927744601, "lr": 0.0001, "dataset_size": 935, "max_uncertainty": 4, "_timestamp": 1733701413.6992228, "_runtime": 200.2965247631073, "_step": 19, "_wandb": {"runtime": 200}}