{"train_error_energy": 0.0, "train_error_force": 0.0, "train_loss": 0.0, "valid_error_energy": 0.0, "valid_error_force": 0.0, "valid_loss": 0.0, "test_error_energy": 12.429311359614543, "test_error_force": 10.722413107421158, "test_loss": 6.044663137166288, "lr": null, "dataset_size": 800, "max_uncertainty": 4, "_timestamp": 1732377146.8859632, "_runtime": 249.56143808364868, "_step": 0, "_wandb": {"runtime": 249}}