{"train_error_energy": 4.397510206840811, "train_error_force": 4.472331332726546, "train_loss": 1.8396195339602093, "valid_error_energy": 3.3097115439291933, "valid_error_force": 4.7632152336495395, "valid_loss": 1.6658870577812195, "test_error_energy": 6.663130214121923, "test_error_force": 8.399723532683288, "test_loss": 4.349257348095559, "lr": 0.0001, "dataset_size": 1369, "max_uncertainty": 8, "_timestamp": 1733396150.361873, "_runtime": 223.86813282966614, "_step": 19, "_wandb": {"runtime": 223}}