{"train_error_energy": 14.448902450844306, "train_error_force": 6.76912734004112, "train_loss": 3.2319013424290035, "valid_error_energy": 4.715095095199668, "valid_error_force": 4.13418469384596, "valid_loss": 1.6988485455513, "test_error_energy": 9.744092805381923, "test_error_force": 10.313996101938583, "test_loss": 4.103176883377954, "lr": 0.001, "dataset_size": 3291, "max_uncertainty": 4, "_timestamp": 1733541986.311998, "_runtime": 250.01664400100708, "_step": 19, "_wandb": {"runtime": 249}}