Method,Energy R2 Score In Distribution,Forces R2 Score In Distribution,Correlation In Distribution,Energy Losses In Distribution,Forces Losses In Distribution,Energy R2 Score Out Distribution,Forces R2 Score Out Distribution,Correlation Out Distribution,Energy Losses Out Distribution,Forces Losses Out Distribution
SWAG,0.9305539965945353,0.9705305422130257,0.11866513108661116,2.91978,9.69884,-0.03620396382371127,0.8559539909017612,0.6397083733705219,11.6514,20.513079
SWAG,0.9250932690648692,0.9646350937418081,0.16853194776977518,3.027476,10.55607,-0.05550742629165817,0.8235312634618874,0.588834421514264,12.772679,23.398037
SWAG,0.9228811281335119,0.966225832900272,0.2649768619274591,2.9593294,10.448134,-1.3713297503058581,0.7518977430297694,0.6321062395963998,18.811335,27.323818
SWAG,0.9396725217688366,0.9741362379700336,0.19094368674856324,2.677483,8.993202,-0.6636845116477066,0.7398183226119354,0.4040403794390216,17.26613,26.86816
SWAG,0.11372454800437404,0.8044702798590349,0.06717945585362803,11.494838,28.37131,-0.2791179488562019,0.5574077998984078,0.25119734327360377,15.687278,41.24664
