{"train_error_energy": 2.7018191962652565, "train_error_force": 3.3758371865110237, "train_loss": 0.9818989295585483, "valid_error_energy": 3.4980882497019397, "valid_error_force": 3.4119528656462608, "valid_loss": 1.315699577331543, "test_error_energy": 9.798627197881672, "test_error_force": 11.382825307631768, "test_loss": 10.312749288469085, "lr": 0.0001, "dataset_size": 6523, "max_uncertainty": 4, "_timestamp": 1732963652.262378, "_runtime": 278.68519401550293, "_step": 19, "_wandb": {"runtime": 278}}