{"train_error_energy": 2.658445040544119, "train_error_force": 3.534969511573961, "train_loss": 1.035079461794633, "valid_error_energy": 1.706298022737137, "valid_error_force": 3.7970698416473745, "valid_loss": 0.8063405752182007, "test_error_energy": 10.698691088431373, "test_error_force": 12.213043473651293, "test_loss": 15.231930323296192, "lr": 0.0001, "dataset_size": 2057, "max_uncertainty": 4, "_timestamp": 1733223091.8801756, "_runtime": 252.25016450881958, "_step": 19, "_wandb": {"runtime": 252}}