{"train_error_energy": 1.9388894443834779, "train_error_force": 3.4563111604802073, "train_loss": 1.5624010689715122, "valid_error_energy": 1.8678591842713783, "valid_error_force": 2.8839170343462723, "valid_loss": 1.424736201763153, "test_error_energy": 7.422756578738793, "test_error_force": 6.616461412180683, "test_loss": 3.527434845869454, "lr": 0.0001, "dataset_size": 1502, "max_uncertainty": 6, "_timestamp": 1732581847.3876357, "_runtime": 395.34955763816833, "_step": 19, "_wandb": {"runtime": 395}}