{"train_error_energy": 0.0, "train_error_force": 0.0, "train_error_total": 0.0, "valid_error_energy": 0.0, "valid_error_force": 0.0, "valid_error_total": 0.0, "test_error_energy": 12.00180036865748, "test_error_force": 12.699432570927017, "test_error_total": 4.927604111077274, "lr": null, "dataset_size": 890, "_timestamp": 1732186160.5543513, "_runtime": 17.683334350585938, "_step": 0, "_wandb": {"runtime": 17}}