{"train_error_energy": 12.712232900444901, "train_error_force": 5.66769146241141, "train_loss": 2.7471383866362684, "valid_error_energy": 6.467776121600483, "valid_error_force": 5.575006151025415, "valid_loss": 2.2982424894968667, "test_error_energy": 12.806487767342743, "test_error_force": 11.753285085936374, "test_loss": 4.789704956933466, "lr": 0.001, "dataset_size": 4051, "max_uncertainty": 4, "_timestamp": 1733587934.4824932, "_runtime": 260.724897146225, "_step": 19, "_wandb": {"runtime": 260}}