{"train_error_energy": 1.6186416620893327, "train_error_force": 2.6729281066217125, "train_error_total": 1.2070290088653564, "valid_error_energy": 1.1952003550314425, "valid_error_force": 2.6226321597933957, "valid_error_total": 1.2817028760910034, "test_error_energy": 10.100897569686147, "test_error_force": 8.783810121784208, "test_error_total": 4.837942303163219, "lr": 0.0001, "dataset_size": 1115, "_timestamp": 1732155700.1261396, "_runtime": 322.3994836807251, "_step": 19, "_wandb": {"runtime": 322}}