{"train_error_energy": 1.9877248638084914, "train_error_force": 2.0969128912182944, "train_loss": -2.2762673695882163, "valid_error_energy": 2.001328350688083, "valid_error_force": 2.2688289231149614, "valid_loss": -2.0723668932914734, "test_error_energy": 14.129934431543887, "test_error_force": 8.97001134970979, "test_loss": 6.435161261034262, "lr": 0.0001, "dataset_size": 2491, "max_uncertainty": 4, "_timestamp": 1732814771.256335, "_runtime": 238.02291893959045, "_step": 19, "_wandb": {"runtime": 237}}