{"train_error_energy": 4.141973631245782, "train_error_force": 3.3828094218513605, "train_loss": 1.4023788821484362, "valid_error_energy": 4.887129166008905, "valid_error_force": 3.380813420597557, "valid_loss": 1.5667761862277985, "test_error_energy": 10.300914422517328, "test_error_force": 11.101546434194795, "test_loss": 8.261921168621923, "lr": 0.0001, "dataset_size": 7138, "max_uncertainty": 4, "_timestamp": 1732973833.9920013, "_runtime": 257.79417538642883, "_step": 19, "_wandb": {"runtime": 257}}