{"train_loss_energy": 3.7674977587861416, "train_loss_force": 3.1813709051182872, "train_loss_total": 1.1764312291145325, "valid_loss_energy": 3.382894862945165, "valid_loss_force": 4.056033349357333, "valid_loss_total": 1.39591349874224, "lr": 0.001, "_timestamp": 1731942691.7011378, "_runtime": 2913.2255997657776, "_step": 5999, "_wandb": {"runtime": 2912}}