{"train_error_energy": 2.524233909305192, "train_error_force": 3.328886759886745, "train_loss": 1.5478506175483144, "valid_error_energy": 1.218503989334018, "valid_error_force": 2.5753509273508084, "valid_loss": 1.2528491020202637, "test_error_energy": 7.7384821172364715, "test_error_force": 7.332444295438116, "test_loss": 3.917506020730703, "lr": 0.0001, "dataset_size": 1298, "max_uncertainty": 6, "_timestamp": 1732502314.9500694, "_runtime": 387.6687014102936, "_step": 19, "_wandb": {"runtime": 387}}