{"train_error_energy": 4.559557639652717, "train_error_force": 4.623136968645265, "train_loss": 1.9311593658783857, "valid_error_energy": 6.416036644629653, "valid_error_force": 4.622627278970237, "valid_loss": 2.4002350568771362, "test_error_energy": 9.616052912259212, "test_error_force": 9.03477971408417, "test_loss": 5.87840288721454, "lr": 0.0001, "dataset_size": 2690, "max_uncertainty": 6, "_timestamp": 1733301023.7830725, "_runtime": 235.2745325565338, "_step": 19, "_wandb": {"runtime": 234}}