{"train_error_energy": 1.5690908934628032, "train_error_force": 2.2883202137872862, "train_loss": -2.086094924381801, "valid_error_energy": 1.1305972443888406, "valid_error_force": 2.3994685770270756, "valid_loss": -1.9933135509490967, "test_error_energy": 12.487828545360362, "test_error_force": 8.187035352853233, "test_loss": 4.9975102459573, "lr": 0.0001, "dataset_size": 1340, "max_uncertainty": 6, "_timestamp": 1733105541.2442346, "_runtime": 192.41874957084656, "_step": 19, "_wandb": {"runtime": 192}}