{"train_error_energy": 2.153012810613976, "train_error_force": 2.0443558430576365, "train_loss": -2.3286898136138916, "valid_error_energy": 6.437648466595112, "valid_error_force": 2.233711104103252, "valid_loss": -1.8094309568405151, "test_error_energy": 17.010525132763075, "test_error_force": 8.345783424315302, "test_loss": 6.247627657745521, "lr": 0.0001, "dataset_size": 3370, "max_uncertainty": 4, "_timestamp": 1732841175.914933, "_runtime": 230.22275686264038, "_step": 19, "_wandb": {"runtime": 229}}