{"train_error_energy": 2.291898435450107, "train_error_force": 2.035514128653526, "train_loss": 0.8344633316993714, "valid_error_energy": 1.6247977615407536, "valid_error_force": 2.5638972975422227, "valid_loss": 0.9666189806801933, "test_error_energy": 0.0, "test_error_force": 0.0, "test_loss": 0.0, "lr": 0.0001, "_timestamp": 1733134292.1915934, "_runtime": 2613.9602024555206, "_step": 5876}