{"train_error_energy": 9.911790169797651, "train_error_force": 5.642684964888124, "train_loss": 2.5513636836638818, "valid_error_energy": 14.0126343726263, "valid_error_force": 4.520225078795236, "valid_loss": 2.450216054916382, "test_error_energy": 21.126440943526234, "test_error_force": 11.271469708171978, "test_loss": 5.185264602381522, "lr": 0.001, "dataset_size": 807, "max_uncertainty": 6, "_timestamp": 1733524860.4856842, "_runtime": 166.27689123153687, "_step": 19, "_wandb": {"runtime": 166}}