{"valid_loss_force":63.26526641845703,"valid_loss_energy":16.407811164855957,"_wandb":{"runtime":91},"lr":0.001,"_step":499,"valid_loss_total":39.83654022216797,"train_loss_total":38.37186813354492,"_runtime":90.716388779,"train_loss_force":62.618975503104075,"_timestamp":1.7264939651673954e+09,"train_loss_energy":14.124760219029017}