{"train_error_energy": 11.561240178922585, "train_error_force": 4.39182691725925, "train_loss": 2.2432048449962596, "valid_error_energy": 17.846300556414345, "valid_error_force": 8.61463571911899, "valid_loss": 4.0767704248428345, "test_error_energy": 24.551711973718987, "test_error_force": 17.908484363871924, "test_loss": 7.635252153686204, "lr": 0.001, "dataset_size": 6481, "max_uncertainty": 4, "_timestamp": 1733602773.672033, "_runtime": 266.62928795814514, "_step": 19, "_wandb": {"runtime": 266}}