{"train_error_energy": 1.8235055375221303, "train_error_force": 1.8815171512140048, "train_loss": -2.5572844936001684, "valid_error_energy": 2.158435127292612, "valid_error_force": 2.190350518647588, "valid_loss": -2.1254520416259766, "test_error_energy": 14.247096584814296, "test_error_force": 11.18789968806024, "test_loss": 10.077948245702613, "lr": 0.0001, "dataset_size": 982, "max_uncertainty": 6, "_timestamp": 1733066153.7168949, "_runtime": 179.84207892417908, "_step": 19, "_wandb": {"runtime": 179}}