{"train_error_energy": 4.115189613184966, "train_error_force": 3.4058425401521424, "train_loss": 1.399919796853044, "valid_error_energy": 3.351784656383103, "valid_error_force": 3.4124425707654424, "valid_loss": 1.1554226875305176, "test_error_energy": 10.771650678920174, "test_error_force": 12.352841053121956, "test_loss": 9.931448142565982, "lr": 0.0001, "dataset_size": 7062, "max_uncertainty": 4, "_timestamp": 1733281570.6701248, "_runtime": 294.8710787296295, "_step": 19, "_wandb": {"runtime": 294}}