{"train_error_energy": 2.0591652209517886, "train_error_force": 2.22372203052792, "train_loss": -2.124313484877348, "valid_error_energy": 1.6376084322611815, "valid_error_force": 2.4336118845216315, "valid_loss": -1.917494535446167, "test_error_energy": 14.244303679525329, "test_error_force": 8.901063809560702, "test_loss": 6.1868233306245655, "lr": 0.0001, "dataset_size": 1000, "max_uncertainty": 6, "_timestamp": 1733038114.9441035, "_runtime": 160.6582634449005, "_step": 19, "_wandb": {"runtime": 160}}