{"train_error_energy": 3.0346247937440043, "train_error_force": 4.1663360657867425, "train_loss": 1.3613324258476496, "valid_error_energy": 2.269266913325001, "valid_error_force": 4.391472879898578, "valid_loss": 1.1867550611495972, "test_error_energy": 8.356223939892791, "test_error_force": 9.911542451314418, "test_loss": 7.014253356693927, "lr": 0.0001, "dataset_size": 1011, "max_uncertainty": 8, "_timestamp": 1733252306.1876452, "_runtime": 193.2336552143097, "_step": 19, "_wandb": {"runtime": 192}}