{"train_error_energy": 1.0828965448919534, "train_error_force": 2.079018159215957, "train_loss": 0.7681128668785095, "valid_error_energy": 1.2551605485902304, "valid_error_force": 2.4187794218363505, "valid_loss": 0.8933258482388088, "test_error_energy": 0.0, "test_error_force": 0.0, "test_loss": 0.0, "lr": 0.0001, "_timestamp": 1733137655.8158514, "_runtime": 2498.527862548828, "_step": 5999, "_wandb": {"runtime": 2498}}