{"train_error_energy": 1.4115364617469717, "train_error_force": 1.7704584034978785, "train_loss": -2.737687582061404, "valid_error_energy": 1.4625407170078255, "valid_error_force": 2.3960668604847366, "valid_loss": -1.8583806157112122, "test_error_energy": 12.885497392775491, "test_error_force": 12.173228966624563, "test_loss": 11.704431738528905, "lr": 0.0001, "dataset_size": 1319, "max_uncertainty": 3, "_timestamp": 1732804225.8373013, "_runtime": 200.438645362854, "_step": 19, "_wandb": {"runtime": 200}}