{"train_error_energy": 1.6143669198669557, "train_error_force": 1.992627167851102, "train_loss": -2.428918152054151, "valid_error_energy": 1.2061877784796275, "valid_error_force": 2.2175744195439626, "valid_loss": -2.1714895566304526, "test_error_energy": 11.0251297454999, "test_error_force": 7.6835456542076015, "test_loss": 5.242500769530292, "lr": 0.0001, "dataset_size": 3832, "max_uncertainty": 4, "_timestamp": 1732860725.6890886, "_runtime": 214.3975875377655, "_step": 19, "_wandb": {"runtime": 213}}