{"train_error_energy": 2.21396897778434, "train_error_force": 4.36263756251369, "train_loss": 1.0975620166675464, "valid_error_energy": 1.881123640961583, "valid_error_force": 4.517459082664521, "valid_loss": 1.1079981327056885, "test_error_energy": 7.440201727044314, "test_error_force": 9.480663822809348, "test_loss": 7.662855363016978, "lr": 0.0001, "dataset_size": 1160, "max_uncertainty": 8, "_timestamp": 1733286340.2157652, "_runtime": 204.89263319969177, "_step": 19, "_wandb": {"runtime": 204}}