{"train_error_energy": 14.791342238139968, "train_error_force": 6.353102732004472, "train_loss": 3.1156144936879477, "valid_error_energy": 17.9289793916505, "valid_error_force": 5.211536624053109, "valid_loss": 2.943615436553955, "test_error_energy": 29.516442438188477, "test_error_force": 11.37340482192467, "test_loss": 5.780836637107489, "lr": 0.001, "dataset_size": 845, "max_uncertainty": 4, "_timestamp": 1733523258.4974437, "_runtime": 172.21701073646545, "_step": 19, "_wandb": {"runtime": 171}}