{"train_error_energy": 2.688446004782699, "train_error_force": 3.347387207121596, "train_loss": 0.9637386684662828, "valid_error_energy": 2.336556415878649, "valid_error_force": 3.376231668916374, "valid_loss": 0.8235953003168106, "test_error_energy": 9.443422914113182, "test_error_force": 11.052859011704365, "test_loss": 9.186669249809226, "lr": 0.0001, "dataset_size": 6836, "max_uncertainty": 4, "_timestamp": 1732968612.3193188, "_runtime": 291.70328879356384, "_step": 19, "_wandb": {"runtime": 291}}