{"train_error_energy": 5.5666132220761755, "train_error_force": 3.246219417132789, "train_loss": 1.8689614619527544, "valid_error_energy": 7.560115392458692, "valid_error_force": 3.4596134149789366, "valid_loss": 1.9634475708007812, "test_error_energy": 11.644758792924783, "test_error_force": 9.824396504615924, "test_loss": 5.385737276826229, "lr": 0.0006, "dataset_size": 872, "max_uncertainty": 5, "_timestamp": 1732361012.180684, "_runtime": 442.5391321182251, "_step": 24, "_wandb": {"runtime": 442}}