{"train_error_energy": 2.2323908929534317, "train_error_force": 3.1337386699222196, "train_loss": 1.4538396705280652, "valid_error_energy": 1.4910483797535223, "valid_error_force": 2.7733410951625546, "valid_loss": 1.374813199043274, "test_error_energy": 7.9537587501104765, "test_error_force": 7.056308288854898, "test_loss": 3.838930088812144, "lr": 0.0001, "dataset_size": 2436, "max_uncertainty": 4, "_timestamp": 1732572593.6373382, "_runtime": 423.54435324668884, "_step": 19, "_wandb": {"runtime": 422}}