{"train_error_energy": 2.297861622242509, "train_error_force": 3.513069177699899, "train_loss": 1.5959081532908421, "valid_error_energy": 2.217729694161723, "valid_error_force": 3.067459648628213, "valid_loss": 1.52186918258667, "test_error_energy": 6.139496006239229, "test_error_force": 6.29899684630622, "test_loss": 3.3452306942165833, "lr": 0.0001, "dataset_size": 1605, "max_uncertainty": 6, "_timestamp": 1732621707.9599066, "_runtime": 403.83790254592896, "_step": 19, "_wandb": {"runtime": 403}}