{"train_error_energy": 1.4891560611751413, "train_error_force": 1.8450207328111872, "train_loss": -2.629562425434141, "valid_error_energy": 3.071997052037832, "valid_error_force": 2.162688553318125, "valid_loss": -2.0896942615509033, "test_error_energy": 10.650750896962396, "test_error_force": 7.544141522957141, "test_loss": 5.615315242587584, "lr": 0.0001, "dataset_size": 4229, "max_uncertainty": 5, "_timestamp": 1733123639.0029135, "_runtime": 244.21736645698547, "_step": 19, "_wandb": {"runtime": 243}}