{"train_error_energy": 2.3541080495978655, "train_error_force": 2.9203600104618617, "train_loss": 0.6587398582464689, "valid_error_energy": 2.042956458853856, "valid_error_force": 3.097333108247745, "valid_loss": 0.5711461156606674, "test_error_energy": 9.900598125226836, "test_error_force": 15.32095708263202, "test_loss": 15.607937278547837, "lr": 0.0001, "dataset_size": 7370, "max_uncertainty": 3, "_timestamp": 1732943386.2506714, "_runtime": 317.8883273601532, "_step": 19, "_wandb": {"runtime": 317}}