{"train_error_energy": 4.09639451659101, "train_error_force": 3.5747744998948296, "train_loss": 1.4566946000155836, "valid_error_energy": 3.7632303662024373, "valid_error_force": 3.697211970468318, "valid_loss": 1.36468505859375, "test_error_energy": 10.689714803188453, "test_error_force": 12.948470013260264, "test_loss": 9.098317590683543, "lr": 0.0001, "dataset_size": 3227, "max_uncertainty": 4, "_timestamp": 1733229534.0460346, "_runtime": 240.67274951934814, "_step": 19, "_wandb": {"runtime": 240}}