{"train_error_energy": 1.999049217586297, "train_error_force": 2.0449870216165613, "train_loss": -2.338803379090278, "valid_error_energy": 3.0308005137883915, "valid_error_force": 2.3172859599826205, "valid_loss": -1.9348596334457397, "test_error_energy": 11.46287164796536, "test_error_force": 8.833418760339747, "test_loss": 6.421399178929354, "lr": 0.0001, "dataset_size": 2907, "max_uncertainty": 4, "_timestamp": 1732824022.8642433, "_runtime": 230.32788133621216, "_step": 19, "_wandb": {"runtime": 230}}