{"train_error_energy": 1.6389251476714215, "train_error_force": 3.4501454050797236, "train_loss": 0.554614575451644, "valid_error_energy": 1.9169661923760004, "valid_error_force": 3.540908250138578, "valid_loss": 0.7226137220859528, "test_error_energy": 10.08802302619773, "test_error_force": 12.617312742843595, "test_loss": 16.117372882303766, "lr": 0.0001, "dataset_size": 6046, "max_uncertainty": 4, "_timestamp": 1733260734.3283043, "_runtime": 286.5032572746277, "_step": 19, "_wandb": {"runtime": 286}}