{"train_error_energy": 1.9962525050835311, "train_error_force": 3.119381076315581, "train_loss": 0.5876575970649719, "valid_error_energy": 2.649084047782208, "valid_error_force": 3.8690754532113667, "valid_loss": 1.637509822845459, "test_error_energy": 0.0, "test_error_force": 0.0, "test_loss": 0.0, "lr": 0.0001, "_timestamp": 1733655001.8520634, "_runtime": 2724.809690475464, "_step": 5999, "_wandb": {"runtime": 2724}}