{"train_error_energy": 3.1441369784275333, "train_error_force": 4.528627568873808, "train_loss": 1.5228155605933245, "valid_error_energy": 2.5912370348978806, "valid_error_force": 4.480128600349727, "valid_loss": 1.3606956005096436, "test_error_energy": 7.203962664035711, "test_error_force": 8.4259450606342, "test_loss": 5.607912133501462, "lr": 0.0001, "dataset_size": 3248, "max_uncertainty": 6, "_timestamp": 1733341246.0066023, "_runtime": 249.12479424476624, "_step": 19, "_wandb": {"runtime": 248}}