{"train_error_energy": 4.413523004667303, "train_error_force": 4.362760781184326, "train_loss": 1.8284744230600505, "valid_error_energy": 3.3297443076463056, "valid_error_force": 4.554111314760818, "valid_loss": 1.6017219424247742, "test_error_energy": 9.222085511543941, "test_error_force": 9.914231035525615, "test_loss": 6.82321828073232, "lr": 0.0001, "dataset_size": 1659, "max_uncertainty": 6, "_timestamp": 1733252848.197537, "_runtime": 233.00377798080444, "_step": 19, "_wandb": {"runtime": 232}}