{"train_error_energy": 11.046002674610166, "train_error_force": 4.407736551058246, "train_loss": 0.1886269884912864, "valid_error_energy": 8.332816518597797, "valid_error_force": 5.472351963600272, "valid_loss": 0.6198698083559672, "test_error_energy": 14.574005355906031, "test_error_force": 11.431761662569274, "test_loss": 4.464312846747992, "lr": 0.001, "dataset_size": 3666, "max_uncertainty": 4, "_timestamp": 1732795592.4353178, "_runtime": 203.69692087173462, "_step": 19, "_wandb": {"runtime": 203}}