{"train_error_energy": 14.994980960614376, "train_error_force": 5.107847280241133, "train_loss": 2.7125756765405336, "valid_error_energy": 20.951194673848498, "valid_error_force": 6.7893851109301915, "valid_loss": 3.6738171577453613, "test_error_energy": 19.50369157194912, "test_error_force": 12.824259651726026, "test_loss": 5.596237619509871, "lr": 0.001, "dataset_size": 3061, "max_uncertainty": 4, "_timestamp": 1733582127.1229832, "_runtime": 225.1295931339264, "_step": 19, "_wandb": {"runtime": 224}}