{"train_error_energy": 2.629366559630187, "train_error_force": 3.2661113436690443, "train_loss": 0.9028558429465237, "valid_error_energy": 3.2965605371688387, "valid_error_force": 3.2634893259446383, "valid_loss": 1.156768560409546, "test_error_energy": 10.407694164033462, "test_error_force": 12.099925579637679, "test_loss": 12.872993658974533, "lr": 0.0001, "dataset_size": 7950, "max_uncertainty": 4, "_timestamp": 1733305887.4156458, "_runtime": 305.5741639137268, "_step": 19, "_wandb": {"runtime": 305}}