{"train_error_energy": 1.6642167908118706, "train_error_force": 3.359535554636173, "train_loss": 0.5038458385637828, "valid_error_energy": 1.6715800618442274, "valid_error_force": 3.9807422720413914, "valid_loss": 0.8247765302658081, "test_error_energy": 11.602106296518977, "test_error_force": 12.801211231384626, "test_loss": 12.642549529749685, "lr": 0.0001, "dataset_size": 887, "max_uncertainty": 4, "_timestamp": 1733217528.031616, "_runtime": 172.07046508789062, "_step": 19, "_wandb": {"runtime": 171}}