{"train_error_energy": 2.320853575541937, "train_error_force": 3.4918436899153873, "train_loss": 1.59200164282097, "valid_error_energy": 2.3647075853217157, "valid_error_force": 3.0597064203015805, "valid_loss": 1.5297424793243408, "test_error_energy": 7.018401403556825, "test_error_force": 5.989314019152618, "test_loss": 3.193450423435391, "lr": 0.0001, "dataset_size": 1688, "max_uncertainty": 6, "_timestamp": 1732664410.17449, "_runtime": 386.20095705986023, "_step": 19, "_wandb": {"runtime": 385}}