{"train_error_energy": 11.00692550329159, "train_error_force": 4.992018207598062, "train_loss": 2.4069356747272304, "valid_error_energy": 1.982531372897227, "valid_error_force": 3.813309659132753, "valid_loss": 1.4086178541183472, "test_error_energy": 8.927615941737159, "test_error_force": 11.55830771852166, "test_loss": 4.464888357991323, "lr": 0.001, "dataset_size": 7111, "max_uncertainty": 4, "_timestamp": 1733606785.9848251, "_runtime": 276.8760120868683, "_step": 19, "_wandb": {"runtime": 276}}