{"train_error_energy": 6.655279655058489, "train_error_force": 4.68981743892148, "train_loss": 0.04372605838709408, "valid_error_energy": 7.046413664758658, "valid_error_force": 4.385538524490457, "valid_loss": -0.09279781579971313, "test_error_energy": 7.957624570940704, "test_error_force": 10.244338981672424, "test_loss": 3.248332344424662, "lr": 0.001, "dataset_size": 2853, "max_uncertainty": 4, "_timestamp": 1732792157.467172, "_runtime": 193.82262897491455, "_step": 19, "_wandb": {"runtime": 193}}