{"train_error_energy": 1.9824304313291907, "train_error_force": 2.708771832338393, "train_loss": 0.4278508400917053, "valid_error_energy": 3.0789982397119915, "valid_error_force": 3.1181661620301857, "valid_loss": 1.3066788911819458, "test_error_energy": 0.0, "test_error_force": 0.0, "test_loss": 0.0, "lr": 0.0001, "_timestamp": 1733657832.119604, "_runtime": 2681.4355762004852, "_step": 5999, "_wandb": {"runtime": 2681}}