{"train_error_energy": 10.753968297264526, "train_error_force": 5.420613164112164, "train_loss": 2.533416877401636, "valid_error_energy": 15.027880983335292, "valid_error_force": 5.19888144581345, "valid_loss": 2.745237708091736, "test_error_energy": 12.675010590070507, "test_error_force": 10.153256062608031, "test_loss": 4.245531611417601, "lr": 0.001, "dataset_size": 1489, "max_uncertainty": 8, "_timestamp": 1733594663.6346443, "_runtime": 184.92818427085876, "_step": 19, "_wandb": {"runtime": 184}}