{"train_error_energy": 2.907239696303236, "train_error_force": 4.031794947786638, "train_loss": 1.28206866979599, "valid_error_energy": 3.9223459525069533, "valid_error_force": 4.253279954552875, "valid_loss": 1.736802339553833, "test_error_energy": 11.000757084934099, "test_error_force": 10.409612886576813, "test_loss": 8.033575722060279, "lr": 0.0001, "dataset_size": 927, "max_uncertainty": 8, "_timestamp": 1733235484.0499392, "_runtime": 181.29817724227905, "_step": 19, "_wandb": {"runtime": 180}}