{"train_error_energy": 12.577462026041838, "train_error_force": 5.0964192687174865, "train_loss": 2.546969914738136, "valid_error_energy": 17.585958463025328, "valid_error_force": 6.359367792329323, "valid_loss": 3.3047282695770264, "test_error_energy": 14.600778646342482, "test_error_force": 10.361325694971988, "test_loss": 4.444026028298583, "lr": 0.001, "dataset_size": 2528, "max_uncertainty": 8, "_timestamp": 1733658172.4288144, "_runtime": 242.50910234451294, "_step": 19, "_wandb": {"runtime": 242}}