{"train_error_energy": 0.7388117047557905, "train_error_force": 1.3828820285186765, "train_loss": -3.3991441249847414, "valid_error_energy": 0.8584071557463812, "valid_error_force": 1.899502535078994, "valid_loss": -2.485879353114537, "test_error_energy": 0.0, "test_error_force": 0.0, "test_loss": 0.0, "lr": 0.0001, "_timestamp": 1732734121.4771354, "_runtime": 2222.168524503708, "_step": 4999, "_wandb": {"runtime": 2221}}