{"train_error_energy": 4.493330092037275, "train_error_force": 4.471417422849082, "train_loss": 1.8696792835281009, "valid_error_energy": 3.3612576698583085, "valid_error_force": 4.771315269170954, "valid_loss": 1.6677573919296265, "test_error_energy": 6.601725732353792, "test_error_force": 8.564907451273351, "test_loss": 4.398996140944396, "lr": 0.0001, "dataset_size": 1323, "max_uncertainty": 8, "_timestamp": 1733362484.5913053, "_runtime": 191.80663633346558, "_step": 19, "_wandb": {"runtime": 191}}