{"train_error_energy": 8.734232709078968, "train_error_force": 4.639082952706972, "train_loss": 2.1367523581312415, "valid_error_energy": 8.082534171883506, "valid_error_force": 3.390868992225797, "valid_loss": 1.6754838824272156, "test_error_energy": 12.482459421006585, "test_error_force": 11.708040879221732, "test_loss": 4.752881921398702, "lr": 0.001, "dataset_size": 7291, "max_uncertainty": 4, "_timestamp": 1733607962.8715694, "_runtime": 275.98960041999817, "_step": 19, "_wandb": {"runtime": 275}}