{"train_error_energy": 1.3357922749343827, "train_error_force": 2.92858254759063, "train_loss": 0.11876865610098228, "valid_error_energy": 1.6628499561407666, "valid_error_force": 3.104557219016366, "valid_loss": 0.44867876172065735, "test_error_energy": 9.979875172806421, "test_error_force": 16.18839898267829, "test_loss": 23.938638597258723, "lr": 0.0001, "dataset_size": 7460, "max_uncertainty": 3, "_timestamp": 1732943871.1485674, "_runtime": 295.16010332107544, "_step": 19, "_wandb": {"runtime": 294}}