{"train_error_energy": 1.639715211568016, "train_error_force": 2.0327002623251356, "train_loss": -2.377555149105879, "valid_error_energy": 2.9369700737204543, "valid_error_force": 2.1618804869875525, "valid_loss": -2.1301565170288086, "test_error_energy": 13.719676933834021, "test_error_force": 8.362942467250255, "test_loss": 6.117085074879112, "lr": 0.0001, "dataset_size": 3316, "max_uncertainty": 4, "_timestamp": 1732839284.5216951, "_runtime": 232.22109818458557, "_step": 19, "_wandb": {"runtime": 231}}