{"train_error_energy": 1.8391871395079054, "train_error_force": 2.509135228197635, "train_loss": -1.8385968871104221, "valid_error_energy": 1.3694950743447105, "valid_error_force": 2.490386727335423, "valid_loss": -1.8864384293556213, "test_error_energy": 11.938791539494378, "test_error_force": 9.582577560324026, "test_loss": 5.6081643304275595, "lr": 0.0001, "dataset_size": 1508, "max_uncertainty": 4, "_timestamp": 1732805923.9474654, "_runtime": 195.77569246292114, "_step": 19, "_wandb": {"runtime": 195}}