{"train_loss_energy": 3.612718944480389, "train_loss_force": 3.628500581457138, "train_loss_total": 1.2746082043647766, "valid_loss_energy": 5.512954435800654, "valid_loss_force": 4.72828802854802, "valid_loss_total": 2.2695688690458025, "lr": 0.001, "_timestamp": 1731948131.1054816, "_runtime": 2885.8909335136414, "_step": 5999, "_wandb": {"runtime": 2885}}