{"train_error_energy": 2.5211463829315996, "train_error_force": 1.7987639873182153, "train_loss": -2.6242157577598184, "valid_error_energy": 4.329708912201128, "valid_error_force": 2.2300702408981867, "valid_loss": -1.9034060835838318, "test_error_energy": 13.52521311374985, "test_error_force": 7.2055257804555986, "test_loss": 5.503645954331803, "lr": 0.0001, "dataset_size": 4360, "max_uncertainty": 5, "_timestamp": 1733132908.6401486, "_runtime": 272.8603277206421, "_step": 19, "_wandb": {"runtime": 272}}