{"train_error_energy": 1.76628824281018, "train_error_force": 1.7854616003219266, "train_loss": -2.69305530704301, "valid_error_energy": 1.870697009757417, "valid_error_force": 1.9317603489872048, "valid_loss": -2.479855934778849, "test_error_energy": 15.055737495047294, "test_error_force": 8.590013082708806, "test_loss": 7.4392421208127, "lr": 0.0001, "dataset_size": 3689, "max_uncertainty": 5, "_timestamp": 1733095821.0268552, "_runtime": 238.0961983203888, "_step": 19, "_wandb": {"runtime": 237}}