{"train_error_energy": 8.450564177274574, "train_error_force": 3.9357682536990524, "train_loss": 1.8824377459839892, "valid_error_energy": 9.12476106859862, "valid_error_force": 3.129391508861693, "valid_loss": 1.6577392101287842, "test_error_energy": 14.545940029499047, "test_error_force": 11.547407539215323, "test_loss": 4.8372229531173305, "lr": 0.001, "dataset_size": 9990, "max_uncertainty": 4, "_timestamp": 1733627673.2057333, "_runtime": 303.4739294052124, "_step": 19, "_wandb": {"runtime": 303}}