{"train_error_energy": 1.9409404990896941, "train_error_force": 1.8203183423419813, "train_loss": -2.6332793974540603, "valid_error_energy": 3.0164701213408684, "valid_error_force": 2.0336241722788766, "valid_loss": -2.2663276195526123, "test_error_energy": 8.523027390637349, "test_error_force": 6.810325942157634, "test_loss": 4.608246390108039, "lr": 0.0001, "dataset_size": 4513, "max_uncertainty": 5, "_timestamp": 1733147504.254976, "_runtime": 269.46926712989807, "_step": 19, "_wandb": {"runtime": 269}}