Method        ,Energy R2 Score In Distribution ,Forces R2 Score In Distribution ,Correlation In Distribution ,Energy Losses In Distribution ,Forces Losses In Distribution ,Energy R2 Score Out Distribution ,Forces R2 Score Out Distribution ,Correlation Out Distribution ,Energy Losses Out Distribution ,Forces Losses Out Distribution
ModelEnsemble ,0.9312388248156488              ,             0.993519956491825  ,-0.11115844645402431        ,                    3.043205  ,                    4.572834  ,             0.7423751102589058  ,              0.9616060381972331 ,0.6071413694443023           ,                     5.570503  ,                     9.8617525
ModelEnsemble ,0.459210284394301               ,             0.9896984913560926 ,0.2690464971288131          ,                   10.397502  ,                    5.8159127 ,             0.39921727346362157 ,              0.9148466585835567 ,-0.218751956417107           ,                    11.966033  ,                    15.033713
ModelEnsemble ,-0.5301115103452572             ,             0.9894576185277016 ,-0.341106054784328          ,                   17.92219   ,                    6.046623  ,             0.1537939472402473  ,              0.9446514018972394 ,-0.007152974697074567        ,                    14.918235  ,                    12.479473
ModelEnsemble ,0.8894570498875436              ,             0.9920492400277299 ,-0.045131549581639896       ,                    4.2954197 ,                    5.1237874 ,             0.7793967523586858  ,              0.9573523486332361 ,-0.12752814988610214         ,                     6.3312163 ,                    10.633209
ModelEnsemble ,-1.3853509976000327             ,             0.9906558289759935 ,-0.014654603286566282       ,                   22.577957  ,                    5.6558275 ,             0.05126121421673968 ,              0.9479830121127328 ,0.04785701122688434          ,                    15.529116  ,                    11.937852
