Method,Energy R2 Score In Distribution,Forces R2 Score In Distribution,Energy Errors In Distribution,Force Errors In Distribution,Energy R2 Score Out Distribution,Force R2 Score Out Distribution,Energy Errors Out Distribution,Force Errors Out Distribution,Energy Correlation In Distribution Energies,Energy Correlation In Distribution Forces,Energy Correlation Out Distribution Energy,Energy Correlation Out Distribution Forces
MVE,0.9967822168556747,0.9987892074944583,0.6024458,1.9235231,0.4424434308341375,0.9066234030293887,10.993154,13.389133,0.042123173610052876,0.1902675647945537,0.09748619796893954,0.2481751968660383
MVE,0.9722703698475705,0.9978915811595489,1.2490239,2.2129536,0.09148673714934474,0.9416351948593548,14.515204,10.686234,0.4065510371143788,0.4470153892900337,0.059242921795656454,0.1639584394922737
MVE,0.9749753916667074,0.9977864728015767,1.0449821,2.23496,0.12669575854363468,0.9538182733202013,14.21257,10.076445,0.2720986626989206,0.3817320312044273,0.041190669408358756,0.12343790408331988
MVE,0.9453882578005199,0.9969728428656284,2.1478858,2.392192,0.20139012363707232,0.9575710768129868,13.610655,9.755121,0.7326929086031643,0.7412609319956025,0.17283261049124418,0.2581715228796996
MVE,0.9683096824575884,0.9951342752192746,1.6701502,2.514476,0.07665884832868353,0.9583291637708141,14.953189,9.684142,0.48813312078669835,0.5497833603436864,0.14901669555901492,0.19462929978748547
MVE,0.9630641696261524,0.9961396600688376,3.2816741,2.549502,-0.1733956253966038,0.9597615114968976,17.649023,9.554089,0.26966672801437297,0.5584067441516852,0.14630855444330626,0.17230846828503593
