{"train_error_energy": 1.8503795069741542, "train_error_force": 1.879879388041053, "train_loss": -2.5586645397646675, "valid_error_energy": 1.794427668775269, "valid_error_force": 1.9542191672722493, "valid_loss": -2.4626031716664634, "test_error_energy": 7.801245002038695, "test_error_force": 6.47887956791467, "test_loss": 3.876342854574713, "lr": 0.0001, "dataset_size": 4609, "max_uncertainty": 4, "_timestamp": 1732907907.1346817, "_runtime": 225.6356077194214, "_step": 19, "_wandb": {"runtime": 225}}