{"train_error_energy": 1.6516838462697028, "train_error_force": 2.754041350851532, "train_loss": 1.2588468710581462, "valid_error_energy": 1.597767132656906, "valid_error_force": 2.6588958342300493, "valid_loss": 1.3805372714996338, "test_error_energy": 9.580300025687826, "test_error_force": 15.680047952585848, "test_loss": 7.631922619505079, "lr": 0.0001, "dataset_size": 955, "max_uncertainty": 6, "_timestamp": 1733705543.8743439, "_runtime": 373.8439118862152, "_step": 19, "_wandb": {"runtime": 373}}