{"_wandb":{"runtime":2306},"train_loss_energy":4.576731647763934,"valid_loss_force":5.063870191574097,"train_loss_force":5.705141612461635,"valid_loss_total":5.3463146686553955,"_runtime":2297.349303845,"_step":199,"lr":0.001,"valid_loss_energy":5.628759384155273,"train_loss_total":5.140936510903495,"_timestamp":1.7265713369185045e+09}