Method,Energy R2 Score In Distribution,Forces R2 Score In Distribution,Energy Losses In Distribution,Forces Losses In Distribution,Energy R2 Score Out Distribution,Forces R2 Score Out Distribution,Energy Losses Out Distribution,Forces Losses Out Distribution,Energy Correlation In Distribution Energies,Energy Correlation In Distribution Forces,Energy Correlation Out Distribution Energy,Energy Correlation Out Distribution Forces
EvidentialRegression,0.7215368450690942,0.9956203925832657,7.5368805,3.7920792,0.6540975045423643,0.968915208541978,7.9727,8.902739,-0.061523472823691625,0.34137119816010225,0.374031297561214,0.42443128753428155
EvidentialRegression,0.878689129060288,0.9950799145068584,4.812051,4.0925665,0.5818238187810276,0.9710204973712974,8.811233,9.089829,-0.01744033481170855,0.0568947750296779,0.2700265737458393,0.09940014605044241
EvidentialRegression,0.7938576175833088,0.9965486414138622,6.376651,3.3110526,0.5854829849170684,0.9743586928181392,8.459667,8.034398,-0.04342315186182907,0.3088679343662126,0.3717106020706132,0.40165269938680037
EvidentialRegression,0.57947835466352,0.9965368132140996,9.325565,3.4343522,0.5006639051993376,0.9765066686597473,10.137101,7.7831182,-0.08096119100121912,0.20741942369568203,-0.17064462577736672,-0.11490125695620416
EvidentialRegression,0.9261749215610905,0.995625609576158,3.5101106,3.936892,0.5795215944262138,0.9725804049285108,7.914618,8.662809,-0.011358764696437477,0.26883872982559476,0.4609635913598097,0.4508731741095462
