{"train_error_energy": 1.612429675973666, "train_error_force": 3.2784229494062114, "train_loss": 0.460713757787432, "valid_error_energy": 1.5669083620666442, "valid_error_force": 3.32439184238378, "valid_loss": 0.46483558416366577, "test_error_energy": 9.66949695340751, "test_error_force": 12.141996273041967, "test_loss": 15.819927335409593, "lr": 0.0001, "dataset_size": 7828, "max_uncertainty": 4, "_timestamp": 1733302295.817982, "_runtime": 305.3624129295349, "_step": 19, "_wandb": {"runtime": 305}}