{"train_error_energy": 1.895230647507552, "train_error_force": 2.2953348525106474, "train_loss": -2.0552440520565387, "valid_error_energy": 0.8531474248509037, "valid_error_force": 2.4829425637833387, "valid_loss": -1.9196415543556213, "test_error_energy": 12.85267783062024, "test_error_force": 9.503919789447668, "test_loss": 6.341502846223522, "lr": 0.0001, "dataset_size": 1882, "max_uncertainty": 4, "_timestamp": 1732808431.524859, "_runtime": 206.6978268623352, "_step": 19, "_wandb": {"runtime": 206}}