Method,Energy R2 Score In Distribution,Forces R2 Score In Distribution,Energy Losses In Distribution,Forces Losses In Distribution,Energy R2 Score Out Distribution,Forces R2 Score Out Distribution,Energy Losses Out Distribution,Forces Losses Out Distribution,Energy Correlation In Distribution Energies,Energy Correlation In Distribution Forces,Energy Correlation Out Distribution Energy,Energy Correlation Out Distribution Forces
MVE,0.9638744180667274,0.995386003956629,0.155876,0.27893287,0.6495155922863913,0.9615524459159905,0.4921417,0.65893036,0.007864797730014977,0.29993392799767077,0.3582282072873284,0.5006686246022115
MVE,-0.02649862815341897,0.9944803983332436,0.9473201,0.30018955,0.16273818758386105,0.9680625131734528,0.9604512,0.6257031,-0.1655743413980749,-0.32844625059327115,-0.08177458393616638,0.08618631096381109
MVE,0.7513929419119872,0.993251661352041,0.45535913,0.32556158,0.5591603171185721,0.9552498047660399,0.5288554,0.70864743,-0.12638005794260304,0.19766830080151204,-0.23472826319893209,-0.22009158014714703
MVE,0.9618101574179305,0.9946607633863683,0.16339903,0.29385263,0.529154500472256,0.9420463879944179,0.47335795,0.7052148,0.02082556020191669,0.17301194697445776,-0.3971197148235801,-0.5544365487806505
MVE,0.9837552836141547,0.9937352901008949,0.09042115,0.31111756,0.7607935456681667,0.969425273852995,0.40845275,0.60524327,0.03149992476291772,0.25166697689581846,0.28746695835908626,0.5594599696980974
