{"train_error_energy": 2.363456749695728, "train_error_force": 2.9202252162433973, "train_loss": 0.6572780641808844, "valid_error_energy": 3.301354715215237, "valid_error_force": 3.0594971669716946, "valid_loss": 1.1325299739837646, "test_error_energy": 10.022583940386761, "test_error_force": 15.371733304924238, "test_loss": 15.548108565245624, "lr": 0.0001, "dataset_size": 7280, "max_uncertainty": 3, "_timestamp": 1732942876.8934424, "_runtime": 296.84510231018066, "_step": 19, "_wandb": {"runtime": 296}}