{"train_error_energy": 1.4892515944214166, "train_error_force": 1.8137326927307915, "train_loss": -2.6724968288625988, "valid_error_energy": 1.1446270334893611, "valid_error_force": 2.097058529686028, "valid_loss": -2.304215749104818, "test_error_energy": 9.628838084979424, "test_error_force": 7.012801472723939, "test_loss": 4.941000698748684, "lr": 0.0001, "dataset_size": 4465, "max_uncertainty": 5, "_timestamp": 1733142511.2836328, "_runtime": 260.97623586654663, "_step": 19, "_wandb": {"runtime": 260}}