{"train_error_energy": 6.702654393726527, "train_error_force": 4.099916481906419, "train_loss": 1.820391035357187, "valid_error_energy": 7.508177814171035, "valid_error_force": 4.219393718587292, "valid_loss": 1.9142745733261108, "test_error_energy": 9.52990649121677, "test_error_force": 10.544581152325401, "test_loss": 4.165997880915697, "lr": 0.001, "dataset_size": 2751, "max_uncertainty": 4, "_timestamp": 1733539126.5315945, "_runtime": 229.67798852920532, "_step": 19, "_wandb": {"runtime": 229}}