{"train_error_energy": 16.332569284293573, "train_error_force": 6.553950629155266, "train_loss": 3.2859587158475603, "valid_error_energy": 4.099110963325144, "valid_error_force": 6.769367377380429, "valid_loss": 2.5393669605255127, "test_error_energy": 10.39963810625127, "test_error_force": 12.857468211050183, "test_loss": 4.9981002782651895, "lr": 0.001, "dataset_size": 890, "max_uncertainty": 4, "_timestamp": 1733562524.2091956, "_runtime": 173.14930963516235, "_step": 19, "_wandb": {"runtime": 172}}