Method        ,Energy R2 Score In Distribution ,Forces R2 Score In Distribution ,Correlation In Distribution ,Energy Losses In Distribution ,Forces Losses In Distribution ,Energy R2 Score Out Distribution ,Forces R2 Score Out Distribution ,Correlation Out Distribution ,Energy Losses Out Distribution ,Forces Losses Out Distribution
ModelEnsemble ,             0.9732472270544555 ,             0.9949828297766962 ,0.12410672726515501         ,                    2.033867  ,                    3.7887447 ,-0.011753680643123765            ,              0.9415840654763329 ,          0.8369553361085772 ,                     10.994143 ,                     11.602778
ModelEnsemble ,             0.9777115958018273 ,             0.9943155052272035 ,0.19685119707915            ,                    1.8028105 ,                    3.9915855 ,-0.11668697145061113             ,              0.9256935346123488 ,          0.6943510168564687 ,                     13.532456 ,                     12.861384
ModelEnsemble ,             0.8273892802329361 ,             0.9946073780111048 ,-0.17502827145043925        ,                    5.848233  ,                    3.9515674 ,0.7152346113838168               ,              0.9594289396605654 ,          0.3099032871549759 ,                      7.784226 ,                      9.950903
