{"train_error_energy": 1.6518772126199206, "train_error_force": 1.923159321804274, "train_loss": -2.514928065240383, "valid_error_energy": 2.0373307228819906, "valid_error_force": 1.9542224701979138, "valid_loss": -2.4486812353134155, "test_error_energy": 11.254949275684318, "test_error_force": 9.11505255673726, "test_loss": 7.031259614135583, "lr": 0.0001, "dataset_size": 3069, "max_uncertainty": 3, "_timestamp": 1732838253.3093536, "_runtime": 222.91455054283142, "_step": 19, "_wandb": {"runtime": 222}}