{"train_error_energy": 8.527102755722128, "train_error_force": 4.04258195672374, "train_loss": 1.9232999745835648, "valid_error_energy": 3.644569421664654, "valid_error_force": 4.601398670604919, "valid_loss": 1.783539593219757, "test_error_energy": 11.932389836523168, "test_error_force": 10.858552253808758, "test_loss": 4.431829330184697, "lr": 0.001, "dataset_size": 1475, "max_uncertainty": 4, "_timestamp": 1733525789.9417446, "_runtime": 206.41649651527405, "_step": 19, "_wandb": {"runtime": 206}}