{"train_error_energy": 1.79286937655413, "train_error_force": 3.1042707679362294, "train_loss": 1.4085065087334054, "valid_error_energy": 2.3789172168690973, "valid_error_force": 2.8330322357805624, "valid_loss": 1.4473474025726318, "test_error_energy": 10.88593863750786, "test_error_force": 8.080104161343662, "test_loss": 4.537811751140974, "lr": 0.0001, "dataset_size": 1926, "max_uncertainty": 4, "_timestamp": 1732482056.0154455, "_runtime": 411.40370750427246, "_step": 19, "_wandb": {"runtime": 411}}