{"train_error_energy": 2.716290447554111, "train_error_force": 3.0615119344269637, "train_loss": 0.8541998362541199, "valid_error_energy": 3.4776348363484653, "valid_error_force": 3.704797181529871, "valid_loss": 1.4560842173440116, "test_error_energy": 0.0, "test_error_force": 0.0, "test_loss": 0.0, "lr": 0.0001, "_timestamp": 1732891263.533371, "_runtime": 2790.606208086014, "_step": 5999, "_wandb": {"runtime": 2790}}