{"train_error_energy": 2.6690732806664554, "train_error_force": 3.572833055450224, "train_loss": 1.0430806122644982, "valid_error_energy": 8.826897977173552, "valid_error_force": 3.7636377394049116, "valid_loss": 4.720362424850464, "test_error_energy": 12.385197519412417, "test_error_force": 13.398692519023363, "test_loss": 13.052609558504914, "lr": 0.0001, "dataset_size": 3137, "max_uncertainty": 4, "_timestamp": 1733229026.1705048, "_runtime": 259.1125829219818, "_step": 19, "_wandb": {"runtime": 258}}