{"train_error_energy": 1.7951576985829918, "train_error_force": 2.7078076950951804, "train_loss": 1.2509475333350046, "valid_error_energy": 2.258403553702622, "valid_error_force": 2.628438035104317, "valid_loss": 1.3675689697265625, "test_error_energy": 11.883209972472967, "test_error_force": 17.968492537555644, "test_loss": 8.673718028043577, "lr": 0.0001, "dataset_size": 1099, "max_uncertainty": 4, "_timestamp": 1733712695.8923578, "_runtime": 392.40652680397034, "_step": 19, "_wandb": {"runtime": 392}}