{"train_error_energy": 2.0774577586915433, "train_error_force": 2.3405462546518465, "train_loss": -1.995664758341653, "valid_error_energy": 0.889483856430989, "valid_error_force": 2.2471372742606865, "valid_loss": -2.1770013570785522, "test_error_energy": 12.597214234020983, "test_error_force": 8.333715887438853, "test_loss": 5.088122862171752, "lr": 0.0001, "dataset_size": 1336, "max_uncertainty": 6, "_timestamp": 1733103007.5815027, "_runtime": 190.70796465873718, "_step": 19, "_wandb": {"runtime": 190}}