{"train_error_energy": 1.4424316800811057, "train_error_force": 2.3460848739711913, "train_loss": -4.621496142567815, "valid_error_energy": 1.0216524680336165, "valid_error_force": 2.528337343221626, "valid_loss": -4.092808723449707, "test_error_energy": 14.292707162714681, "test_error_force": 10.147502221928832, "test_loss": 66.96703909829024, "lr": 0.0001, "dataset_size": 1153, "max_uncertainty": 4, "_timestamp": 1733722105.3256693, "_runtime": 209.69864130020142, "_step": 19, "_wandb": {"runtime": 209}}