{"lr":0.001,"_wandb":{"runtime":2904},"train_loss_energy":1.1804105724607195,"_runtime":2904.306556037,"_step":9999,"valid_loss_force":31.46183204650879,"_timestamp":1.7265692047656283e+09,"train_loss_force":24.660387584141322,"valid_loss_energy":8.014664649963379,"valid_loss_total":10.27055549621582,"train_loss_total":3.7819217273167203}