{"train_error_energy": 4.1128919874796015, "train_error_force": 3.5771345814238096, "train_loss": 1.4666644471815262, "valid_error_energy": 5.135202300791875, "valid_error_force": 3.765946150440745, "valid_loss": 1.7882501482963562, "test_error_energy": 10.8064909763986, "test_error_force": 12.557621216343454, "test_loss": 9.536984903026001, "lr": 0.0001, "dataset_size": 2777, "max_uncertainty": 4, "_timestamp": 1733226839.095671, "_runtime": 256.8199028968811, "_step": 19, "_wandb": {"runtime": 256}}