{"train_error_energy": 1.3419794773872493, "train_error_force": 1.4703812808392644, "train_loss": -7.421613636016846, "valid_error_energy": 0.689816800909915, "valid_error_force": 1.7666591111022445, "valid_loss": -5.518766914095197, "test_error_energy": 0.0, "test_error_force": 0.0, "test_loss": 0.0, "lr": 0.0001, "_timestamp": 1733398019.2803912, "_runtime": 1711.1599991321564, "_step": 3999, "_wandb": {"runtime": 1710}}