{"train_error_energy": 2.491999978482027, "train_error_force": 2.9903107137354596, "train_loss": -1.3522031366040832, "valid_error_energy": 2.9369744157688, "valid_error_force": 3.2668959412081877, "valid_loss": -1.0940436124801636, "test_error_energy": 14.005581827560258, "test_error_force": 10.106944172494151, "test_loss": 5.279912551660188, "lr": 0.0001, "dataset_size": 1206, "max_uncertainty": 4, "_timestamp": 1732804671.509937, "_runtime": 193.58267402648926, "_step": 19, "_wandb": {"runtime": 193}}