{"train_error_energy": 1.9309121545799701, "train_error_force": 1.8508724100169431, "train_loss": -2.5923084013021676, "valid_error_energy": 1.3948773158466405, "valid_error_force": 1.9108044361026002, "valid_loss": -2.545562664667765, "test_error_energy": 7.2383039448026185, "test_error_force": 5.824758046206983, "test_loss": 3.136413289614373, "lr": 0.0001, "dataset_size": 5004, "max_uncertainty": 4, "_timestamp": 1732935230.0990753, "_runtime": 292.476101398468, "_step": 19, "_wandb": {"runtime": 292}}