{"train_error_energy": 2.2648395057953192, "train_error_force": 4.581064836394709, "train_loss": 1.224935243424681, "valid_error_energy": 1.9352963721360625, "valid_error_force": 4.520759484745462, "valid_loss": 1.13157320022583, "test_error_energy": 6.956256736905034, "test_error_force": 8.639648856589165, "test_loss": 6.53763165648695, "lr": 0.0001, "dataset_size": 3086, "max_uncertainty": 6, "_timestamp": 1733330183.104764, "_runtime": 247.7353000640869, "_step": 19, "_wandb": {"runtime": 247}}