{"train_error_energy": 2.6682801971869, "train_error_force": 3.3187270291922473, "train_loss": 0.9418060037767002, "valid_error_energy": 3.5831495334649492, "valid_error_force": 3.3632876331271593, "valid_loss": 1.2942114770412445, "test_error_energy": 11.02150814725628, "test_error_force": 12.266765671697712, "test_loss": 12.708468107652914, "lr": 0.0001, "dataset_size": 7328, "max_uncertainty": 4, "_timestamp": 1733288184.0937016, "_runtime": 302.90590953826904, "_step": 19, "_wandb": {"runtime": 302}}