{"train_error_energy": 3.551893051122068, "train_error_force": 2.862184889595915, "train_loss": 1.0590082837031192, "valid_error_energy": 2.845846889662536, "valid_error_force": 3.0036326067599135, "valid_loss": 0.8384565114974976, "test_error_energy": 10.787092366831343, "test_error_force": 13.630139436570158, "test_loss": 11.801692143784768, "lr": 0.0001, "dataset_size": 9530, "max_uncertainty": 3, "_timestamp": 1732956022.4514532, "_runtime": 324.6952443122864, "_step": 19, "_wandb": {"runtime": 324}}