{"train_error_energy": 2.161891160689131, "train_error_force": 1.9130411036201969, "train_loss": -2.4940849551194004, "valid_error_energy": 0.9525064800315578, "valid_error_force": 1.9529030070621944, "valid_loss": -2.5226081212361655, "test_error_energy": 9.51982919914599, "test_error_force": 6.888155337178859, "test_loss": 4.378443891465352, "lr": 0.0001, "dataset_size": 4418, "max_uncertainty": 4, "_timestamp": 1732894607.1117172, "_runtime": 247.93364334106445, "_step": 19, "_wandb": {"runtime": 247}}