{"train_error_energy": 2.6303526092487304, "train_error_force": 3.5548460717144033, "train_loss": 1.0316728662840928, "valid_error_energy": 3.335142141747314, "valid_error_force": 3.7614277481315783, "valid_loss": 1.411004662513733, "test_error_energy": 11.265050951775287, "test_error_force": 13.219007602228148, "test_loss": 12.616272786524908, "lr": 0.0001, "dataset_size": 2500, "max_uncertainty": 4, "_timestamp": 1732923652.7988985, "_runtime": 245.08661937713623, "_step": 19, "_wandb": {"runtime": 244}}