{"train_error_energy": 10.049309688792734, "train_error_force": 4.503501953328019, "train_loss": 2.17939232154326, "valid_error_energy": 3.90286607627918, "valid_error_force": 3.6373679118143443, "valid_loss": 1.478257179260254, "test_error_energy": 9.557894048967283, "test_error_force": 11.471136744277485, "test_loss": 4.477899291752521, "lr": 0.001, "dataset_size": 7741, "max_uncertainty": 4, "_timestamp": 1733610892.6409364, "_runtime": 282.1000382900238, "_step": 19, "_wandb": {"runtime": 281}}