{"train_error_energy": 1.5925558609174493, "train_error_force": 2.037693412717667, "train_loss": -2.374587392105776, "valid_error_energy": 1.9169122507753995, "valid_error_force": 2.194735319469198, "valid_loss": -2.15837562084198, "test_error_energy": 11.313768918410341, "test_error_force": 8.520093609224851, "test_loss": 6.094034194946289, "lr": 0.0001, "dataset_size": 3239, "max_uncertainty": 4, "_timestamp": 1732835028.7940571, "_runtime": 221.66102409362793, "_step": 19, "_wandb": {"runtime": 221}}