{"train_loss": 0.5526934210211039, "train_uncertainty": 0.02499088062904775, "valid_loss": 0.5663251206278801, "valid_uncertainty": 0.024339172057807446, "in_interval": 1.3000000715255737, "_timestamp": 1723643117.505724, "_runtime": 162.4811589717865, "_step": 28, "_wandb": {"runtime": 167}}