{"train_error_energy": 7.405320976287357, "train_error_force": 4.137500030820987, "train_error_total": 1.8335391112736292, "valid_error_energy": 4.263147093493642, "valid_error_force": 5.9143621697460285, "valid_error_total": 2.2083122730255127, "test_error_energy": 11.226776229235321, "test_error_force": 13.80268098253526, "test_error_total": 5.237049994044279, "lr": 0.001, "dataset_size": 890, "_timestamp": 1732187345.6547668, "_runtime": 191.00016283988953, "_step": 19, "_wandb": {"runtime": 190}}