{"train_error_energy": 1.9056164470747328, "train_error_force": 2.03415243144733, "train_loss": -2.3578345054388046, "valid_error_energy": 2.21158870178618, "valid_error_force": 2.129887606769794, "valid_loss": -2.2194546461105347, "test_error_energy": 13.512771564988277, "test_error_force": 8.542173850130077, "test_loss": 6.254164950385768, "lr": 0.0001, "dataset_size": 3185, "max_uncertainty": 4, "_timestamp": 1732833141.317928, "_runtime": 228.73337411880493, "_step": 19, "_wandb": {"runtime": 228}}