{"train_error_energy": 1.667609415304031, "train_error_force": 3.4189139875107455, "train_loss": 0.5527009011543903, "valid_error_energy": 1.3340030319996263, "valid_error_force": 3.510564902953852, "valid_loss": 0.43645916879177094, "test_error_energy": 9.501695327011463, "test_error_force": 11.752846122277452, "test_loss": 13.391915231475032, "lr": 0.0001, "dataset_size": 6198, "max_uncertainty": 4, "_timestamp": 1732959011.0842729, "_runtime": 305.6783208847046, "_step": 19, "_wandb": {"runtime": 305}}