{"train_error_energy": 3.018476740400592, "train_error_force": 4.318489103809949, "train_loss": 1.4159749133246287, "valid_error_energy": 4.071948444889997, "valid_error_force": 4.4768691693916365, "valid_loss": 1.8747791051864624, "test_error_energy": 10.403144205659153, "test_error_force": 9.965204708225727, "test_loss": 7.962122632570916, "lr": 0.0001, "dataset_size": 1107, "max_uncertainty": 8, "_timestamp": 1733264064.2285247, "_runtime": 192.71167969703674, "_step": 19, "_wandb": {"runtime": 192}}