{"train_error_energy": 0.0, "train_error_force": 0.0, "train_error_total": 0.0, "valid_error_energy": 0.0, "valid_error_force": 0.0, "valid_error_total": 0.0, "test_error_energy": 12.426708415589, "test_error_force": 10.718343088491853, "test_error_total": 6.042494252090055, "lr": null, "dataset_size": 800, "_timestamp": 1732126285.7084563, "_runtime": 26.11747717857361, "_step": 0, "_wandb": {"runtime": 25}}