{"train_error_energy": 2.250282583356232, "train_error_force": 1.8500467830712803, "train_loss": -2.571615749444717, "valid_error_energy": 2.8195943754929664, "valid_error_force": 1.8796607046728375, "valid_loss": -2.49318520228068, "test_error_energy": 8.795467919452784, "test_error_force": 5.893597970707586, "test_loss": 3.2983617458043923, "lr": 0.0001, "dataset_size": 4971, "max_uncertainty": 4, "_timestamp": 1732932937.7984304, "_runtime": 288.03571248054504, "_step": 19, "_wandb": {"runtime": 287}}