{"train_error_energy": 1.584503426515288, "train_error_force": 2.6270003756027576, "train_loss": 1.2047171633819054, "valid_error_energy": 1.217412493014323, "valid_error_force": 2.6627595892501885, "valid_loss": 1.3675963878631592, "test_error_energy": 11.180429560236512, "test_error_force": 9.656248834045806, "test_loss": 5.399242600845417, "lr": 0.0001, "dataset_size": 918, "max_uncertainty": 6, "_timestamp": 1732390758.4905915, "_runtime": 359.2423164844513, "_step": 19, "_wandb": {"runtime": 358}}