{"train_error_energy": 1.6963075053520702, "train_error_force": 3.561720073173434, "train_loss": 0.6347276423288428, "valid_error_energy": 1.3093001076725164, "valid_error_force": 3.6480296630808478, "valid_loss": 0.48608503739039105, "test_error_energy": 10.013114472130786, "test_error_force": 12.956859720356004, "test_loss": 13.272505290845302, "lr": 0.0001, "dataset_size": 3665, "max_uncertainty": 4, "_timestamp": 1732932108.5875943, "_runtime": 255.35272216796875, "_step": 19, "_wandb": {"runtime": 254}}