{"train_error_energy": 2.5129376175145186, "train_error_force": 3.1029387656650234, "train_loss": 0.8006805744550632, "valid_error_energy": 3.315938286192832, "valid_error_force": 3.113862740760005, "valid_loss": 1.1248173713684082, "test_error_energy": 9.162279458491144, "test_error_force": 10.490521774901692, "test_loss": 10.72915779233603, "lr": 0.0001, "dataset_size": 9227, "max_uncertainty": 4, "_timestamp": 1733359212.4775314, "_runtime": 325.3635923862457, "_step": 19, "_wandb": {"runtime": 325}}