{"train_error_energy": 1.935372677933893, "train_error_force": 1.8813345216137944, "train_loss": -2.55099222729507, "valid_error_energy": 2.3091086582675686, "valid_error_force": 2.0069583173737215, "valid_loss": -2.35739266872406, "test_error_energy": 10.66297150197247, "test_error_force": 8.754377606821226, "test_loss": 6.879971316971704, "lr": 0.0001, "dataset_size": 3266, "max_uncertainty": 3, "_timestamp": 1732845686.9011326, "_runtime": 230.139586687088, "_step": 19, "_wandb": {"runtime": 229}}