{"train_error_energy": 1.3606155118534995, "train_error_force": 2.245223005570335, "train_loss": 1.0244782605478842, "valid_error_energy": 0.9939588836854316, "valid_error_force": 2.4903119105023914, "valid_loss": 1.2565059661865234, "test_error_energy": 12.287151668538051, "test_error_force": 10.55275319391906, "test_loss": 5.928778715782765, "lr": 0.0001, "dataset_size": 980, "max_uncertainty": 4, "_timestamp": 1732372563.6168356, "_runtime": 370.826783657074, "_step": 19, "_wandb": {"runtime": 370}}