{"train_error_energy": 3.150471087409478, "train_error_force": 4.284163195161355, "train_loss": 1.435186482081979, "valid_error_energy": 2.73618726370353, "valid_error_force": 4.319782024783473, "valid_loss": 1.3655898968378704, "test_error_energy": 6.151308919198601, "test_error_force": 7.714041651001221, "test_loss": 4.439507787764384, "lr": 0.0001, "dataset_size": 3776, "max_uncertainty": 6, "_timestamp": 1733402641.778826, "_runtime": 268.095468044281, "_step": 19, "_wandb": {"runtime": 267}}