{"train_error_energy": 1.6550711285939192, "train_error_force": 3.3455787054386144, "train_loss": 0.5199168205813125, "valid_error_energy": 1.5956782733989576, "valid_error_force": 3.419373537603451, "valid_loss": 0.541371300816536, "test_error_energy": 9.037435870206556, "test_error_force": 11.545137493723589, "test_loss": 11.914320421468526, "lr": 0.0001, "dataset_size": 6909, "max_uncertainty": 4, "_timestamp": 1732970035.781347, "_runtime": 268.44580006599426, "_step": 19, "_wandb": {"runtime": 268}}