{"train_error_energy": 8.877506986085208, "train_error_force": 4.5823681546304496, "train_loss": 2.127363406121731, "valid_error_energy": 2.8597010967191876, "valid_error_force": 4.619102649059346, "valid_loss": 1.7369394302368164, "test_error_energy": 13.232570736643565, "test_error_force": 10.602821081176137, "test_loss": 4.433269792826388, "lr": 0.001, "dataset_size": 1001, "max_uncertainty": 6, "_timestamp": 1733541129.8358512, "_runtime": 189.0363233089447, "_step": 19, "_wandb": {"runtime": 188}}