{"_runtime":47.755141864,"_timestamp":1.7271036775151312e+09,"valid_loss_force":63.485342025756836,"valid_loss_total":2.6675816774368286,"valid_loss_energy":12.811028957366943,"train_loss_force":62.8468142918178,"_step":242,"train_loss_energy":11.764820780072894,"_wandb":{"runtime":47},"train_loss_total":2.6562634876796176,"lr":0.001}