{"train_error_energy": 1.6461657245174475, "train_error_force": 3.374707878022253, "train_loss": 0.5179335884234872, "valid_error_energy": 1.6947901472718698, "valid_error_force": 3.3940428625645653, "valid_loss": 0.5798353850841522, "test_error_energy": 10.242994442415734, "test_error_force": 13.036892206238656, "test_loss": 16.38913678373966, "lr": 0.0001, "dataset_size": 6929, "max_uncertainty": 4, "_timestamp": 1733278324.8366637, "_runtime": 290.75614380836487, "_step": 19, "_wandb": {"runtime": 290}}