{"train_loss_energy": 2.378214012113422, "train_loss_force": 2.6141764045500753, "train_loss_total": 0.5139170813560486, "valid_loss_energy": 2.5995124318906235, "valid_loss_force": 3.6937768205653336, "valid_loss_total": 1.0699148518698556, "lr": 0.00035999999999999997, "_timestamp": 1732100503.2042396, "_runtime": 2756.086591720581, "_step": 5999, "_wandb": {"runtime": 2755}}