{"train_error_energy": 1.6092613966271847, "train_error_force": 2.5976414819845797, "train_error_total": 1.1803761142672915, "valid_error_energy": 1.6442232645792583, "valid_error_force": 2.58504315860018, "valid_error_total": 1.3135877847671509, "test_error_energy": 10.317631839090064, "test_error_force": 9.224644565265788, "test_error_total": 5.096585972770971, "lr": 0.0001, "dataset_size": 1025, "_timestamp": 1732145739.105157, "_runtime": 320.42771887779236, "_step": 19, "_wandb": {"runtime": 320}}