{"train_error_energy": 4.493742804479573, "train_error_force": 4.567910668285503, "train_loss": 1.8886982934041456, "valid_error_energy": 2.8882114314946357, "valid_error_force": 4.813450728985724, "valid_loss": 1.6136888265609741, "test_error_energy": 6.527402000728616, "test_error_force": 8.27815928267792, "test_loss": 4.198677170339055, "lr": 0.0001, "dataset_size": 1388, "max_uncertainty": 8, "_timestamp": 1733408615.97584, "_runtime": 220.89101099967957, "_step": 19, "_wandb": {"runtime": 220}}