{"train_error_energy": 2.4755511151634346, "train_error_force": 2.1130982378560312, "train_loss": -2.2199891933373044, "valid_error_energy": 1.7179465694353437, "valid_error_force": 2.219114250911102, "valid_loss": -2.147691488265991, "test_error_energy": 13.128182000095107, "test_error_force": 10.110371985627232, "test_loss": 7.943101862962333, "lr": 0.0001, "dataset_size": 877, "max_uncertainty": 6, "_timestamp": 1733011098.553739, "_runtime": 161.80020809173584, "_step": 19, "_wandb": {"runtime": 161}}