{"train_error_energy": 12.225961019327025, "train_error_force": 4.754364174393465, "train_loss": 2.4089945110620237, "valid_error_energy": 20.896757411728657, "valid_error_force": 6.673007972487617, "valid_loss": 3.6312339305877686, "test_error_energy": 24.50206349720505, "test_error_force": 13.202877673132093, "test_loss": 6.057418680939999, "lr": 0.001, "dataset_size": 1621, "max_uncertainty": 4, "_timestamp": 1733574076.2990217, "_runtime": 211.62533569335938, "_step": 19, "_wandb": {"runtime": 211}}