{"train_loss_energy": 11.935918943907975, "train_loss_force": 63.05821949575997, "train_loss_total": 21.898201599121094, "valid_loss_energy": 13.069226506516761, "valid_loss_force": 63.778349752569206, "valid_loss_total": 22.21500042506627, "lr": 0.001, "_timestamp": 1731522902.8433099, "_runtime": 9.047731876373291, "_step": 10}