{"train_error_energy": 2.239707911248395, "train_error_force": 2.2119334005824873, "train_loss": -2.1248492039740086, "valid_error_energy": 2.290641147311755, "valid_error_force": 2.4273649016326275, "valid_loss": -1.883439302444458, "test_error_energy": 14.99534138274747, "test_error_force": 8.764170278759613, "test_loss": 5.973188966980779, "lr": 0.0001, "dataset_size": 1007, "max_uncertainty": 6, "_timestamp": 1733040479.5904577, "_runtime": 158.93827056884766, "_step": 19, "_wandb": {"runtime": 158}}