{"train_error_energy": 1.629046756772841, "train_error_force": 3.3133974030258138, "train_loss": 0.4833442563662713, "valid_error_energy": 1.3327839740929581, "valid_error_force": 3.356474959272926, "valid_loss": 0.36979444324970245, "test_error_energy": 10.095397114836947, "test_error_force": 12.935947571479334, "test_loss": 16.76925322647494, "lr": 0.0001, "dataset_size": 7445, "max_uncertainty": 4, "_timestamp": 1733291909.4212608, "_runtime": 302.9745807647705, "_step": 19, "_wandb": {"runtime": 302}}