{"train_error_energy": 1.2174753624440589, "train_error_force": 2.194519038520524, "train_loss": 0.985651834591015, "valid_error_energy": 1.1172328649194005, "valid_error_force": 2.4541003406458852, "valid_loss": 1.2158746719360352, "test_error_energy": 11.968129512169105, "test_error_force": 10.544642361858585, "test_loss": 5.9040911884208, "lr": 0.0001, "dataset_size": 1160, "max_uncertainty": 4, "_timestamp": 1732373171.0686944, "_runtime": 379.6112012863159, "_step": 19, "_wandb": {"runtime": 379}}