{"train_error_energy": 2.254337846331325, "train_error_force": 4.560582548317632, "train_loss": 1.1859909066787133, "valid_error_energy": 2.4943271918763346, "valid_error_force": 4.742040288548391, "valid_loss": 1.248894453048706, "test_error_energy": 8.240454713866354, "test_error_force": 9.219979229299678, "test_loss": 7.143636478803545, "lr": 0.0001, "dataset_size": 1224, "max_uncertainty": 8, "_timestamp": 1733306324.553469, "_runtime": 205.32171487808228, "_step": 19, "_wandb": {"runtime": 205}}