{"train_error_energy": 11.297601480455162, "train_error_force": 4.589811388141227, "train_error_total": 2.9727275575910297, "valid_error_energy": 11.616145220106311, "valid_error_force": 4.611598698841579, "valid_error_total": 2.9990508556365967, "test_error_energy": 18.462735735537834, "test_error_force": 10.205986858341905, "test_error_total": 6.079258791439196, "lr": 0.001, "dataset_size": 1095, "_timestamp": 1732188046.3776722, "_runtime": 355.70030307769775, "_step": 19, "_wandb": {"runtime": 355}}