{"train_error_energy": 0.0, "train_error_force": 0.0, "train_loss": 0.0, "valid_error_energy": 0.0, "valid_error_force": 0.0, "valid_loss": 0.0, "test_error_energy": 9.371962192417923, "test_error_force": 10.67303076133985, "test_loss": 4.198407812268322, "lr": null, "dataset_size": 800, "max_uncertainty": 4, "_timestamp": 1733562335.9989583, "_runtime": 251.18102431297302, "_step": 0, "_wandb": {"runtime": 250}}