{"train_error_energy": 4.024503740821714, "train_error_force": 3.246249594103709, "train_loss": 1.3342183890442054, "valid_error_energy": 2.1687025129459157, "valid_error_force": 3.6551621269401577, "valid_loss": 1.0189976692199707, "test_error_energy": 10.977690062975459, "test_error_force": 11.802962875502699, "test_loss": 11.401380858496221, "lr": 0.0001, "dataset_size": 1520, "max_uncertainty": 3, "_timestamp": 1732914271.0386348, "_runtime": 217.25371289253235, "_step": 19, "_wandb": {"runtime": 217}}