{"train_error_energy": 4.556481051727535, "train_error_force": 4.689747651361672, "train_loss": 1.9646767336268758, "valid_error_energy": 5.547339286974742, "valid_error_force": 4.5219725862524776, "valid_loss": 2.1483734846115112, "test_error_energy": 9.222406364959346, "test_error_force": 8.913940143728743, "test_loss": 5.745852560273016, "lr": 0.0001, "dataset_size": 2728, "max_uncertainty": 6, "_timestamp": 1733303147.711958, "_runtime": 235.71623492240906, "_step": 19, "_wandb": {"runtime": 235}}