{"train_error_energy": 2.5288213525199215, "train_error_force": 3.1507610859507174, "train_loss": 0.8269023052466813, "valid_error_energy": 1.6391283718512846, "valid_error_force": 3.196877806406511, "valid_loss": 0.529505479335785, "test_error_energy": 8.922607214973818, "test_error_force": 10.692342830718411, "test_loss": 11.006055776985528, "lr": 0.0001, "dataset_size": 8903, "max_uncertainty": 4, "_timestamp": 1733344333.295872, "_runtime": 321.5693829059601, "_step": 19, "_wandb": {"runtime": 321}}