{"train_loss_energy": 0.004593297345517901, "train_loss_force": 61.660211044298165, "train_loss_total": 2.0136347007751465, "valid_loss_energy": 12.099326460620334, "valid_loss_force": 65.7489136137826, "valid_loss_total": 2.856547015053885, "lr": 1.0000000000000002e-06, "_timestamp": 1731502906.7794619, "_runtime": 1634.704006910324, "_step": 3594}