{"train_error_energy": 18052716.88566964, "train_error_force": 56040.24650370378, "train_error_total": 1226850.5723409425, "valid_error_energy": 46.6377226189009, "valid_error_force": 40.90352584206879, "valid_error_total": 16.807475566864014, "test_error_energy": 17.93401106149652, "test_error_force": 16.99644189451828, "test_error_total": 6.887219109460322, "lr": 0.001, "dataset_size": 1336, "_timestamp": 1732182984.679219, "_runtime": 198.46913695335388, "_step": 19, "_wandb": {"runtime": 198}}