{"train_error_energy": 2.5187151736228635, "train_error_force": 3.144782063464141, "train_loss": 0.8098970301880324, "valid_error_energy": 3.4221846613477402, "valid_error_force": 3.458985413764372, "valid_loss": 1.3099875847498577, "test_error_energy": 10.7150509566461, "test_error_force": 14.594398217018261, "test_loss": 16.595421626305704, "lr": 0.0001, "dataset_size": 3860, "max_uncertainty": 3, "_timestamp": 1732925135.8344576, "_runtime": 250.21041059494019, "_step": 19, "_wandb": {"runtime": 249}}