{"train_error_energy": 2.166650839435337, "train_error_force": 4.357396533964406, "train_loss": 1.0773280709981918, "valid_error_energy": 1.817593127594915, "valid_error_force": 4.496706763602343, "valid_loss": 1.053617238998413, "test_error_energy": 8.210470895745809, "test_error_force": 9.773049661743379, "test_loss": 8.620746482729288, "lr": 0.0001, "dataset_size": 1134, "max_uncertainty": 8, "_timestamp": 1733271462.4963145, "_runtime": 196.13357663154602, "_step": 19, "_wandb": {"runtime": 195}}