{"train_error_energy": 2.689256581888596, "train_error_force": 3.4506926526072856, "train_loss": 1.0006662462590008, "valid_error_energy": 2.1582133488232684, "valid_error_force": 3.5360592212592326, "valid_loss": 0.8490466475486755, "test_error_energy": 10.681817108635492, "test_error_force": 13.163967030298389, "test_loss": 12.987179251865566, "lr": 0.0001, "dataset_size": 5406, "max_uncertainty": 4, "_timestamp": 1733250619.1312158, "_runtime": 284.31660985946655, "_step": 19, "_wandb": {"runtime": 283}}