Method,Energy R2 Score In Distribution,Forces R2 Score In Distribution,Energy Errors In Distribution,Force Errors In Distribution,Energy R2 Score Out Distribution,Force R2 Score Out Distribution,Energy Errors Out Distribution,Force Errors Out Distribution,Energy Correlation In Distribution Energies,Energy Correlation In Distribution Forces,Energy Correlation Out Distribution Energy,Energy Correlation Out Distribution Forces,Force Correlation In Distribution Energy,Force Correlation In Distribution Forces,Force Correlation Out Distribution Energy,Force Correlation Out Distribution Forces
SWAG,0.9761086305125486,0.9960189153945794,1.9048043,3.7113261,0.7049235156811774,0.9743245869078431,7.567505,8.116136,0.02298711341589217,0.039870180096781324,-0.005918687806303341,-0.03652867947443594,0.0014526861691492663,0.23057148124354085,0.15708013258547104,0.3327745548187938
SWAG,0.9466387476692578,0.9953723329190486,3.0621786,4.152139,0.65458744784128,0.9565184106170427,8.206061,9.941312,0.02029607919804754,-0.04559706862621857,-0.014221797769773241,-0.001733529912723075,-0.03860538956402088,0.17941696860643497,0.3463270857625799,0.7033454807568036
SWAG,0.9294094299700701,0.994603966531721,3.5981257,4.4677525,-0.16981425812471063,0.9240553947841391,12.875664,13.223759,0.04448188901353868,-0.050385465540893744,-0.0419333383645661,-0.060687841420484466,-0.0184550165003029,0.14684297498645965,0.566051955091028,0.6616223817650045
SWAG,0.7529933911933699,0.9945081105310094,7.0873313,4.4283032,-0.013127530827147016,0.9612439993633779,15.328417,9.8592825,0.015244639433251083,-0.021707803129880375,0.022727969028575903,0.03296932299160902,-0.014448594428847716,0.15565995060863655,0.24954683236928124,0.5419221229662317
SWAG,0.8677086702541066,0.9961705401270827,5.10679,3.635789,-0.09376403787006105,0.9570286447018118,14.229084,10.220274,0.03475879145744174,0.017155572166733354,0.052451488525617006,0.10076541125315638,0.000646191318041152,0.30214145504623047,0.5149836831947083,0.6618388353503236
