{"train_loss_energy": 5.501069655133546, "train_loss_force": 3.145048247843683, "train_loss_total": 1.420475721359253, "valid_loss_energy": 3.5210566694038254, "valid_loss_force": 4.1380828129925895, "valid_loss_total": 1.6202441794531686, "lr": 0.001, "_timestamp": 1731503369.2195218, "_runtime": 2561.2645587921143, "_step": 5999, "_wandb": {"runtime": 2560}}