{"train_error_energy": 1.607818090985295, "train_error_force": 1.8105114916793152, "train_loss": -2.6686450004577638, "valid_error_energy": 2.313935234674699, "valid_error_force": 2.043382647599162, "valid_loss": -2.298354685306549, "test_error_energy": 15.383096155741597, "test_error_force": 8.751191931811753, "test_loss": 7.585860237401193, "lr": 0.0001, "dataset_size": 3491, "max_uncertainty": 5, "_timestamp": 1733090915.2635574, "_runtime": 236.10994338989258, "_step": 19, "_wandb": {"runtime": 235}}