{"dataset_size": 800, "_timestamp": 1729679717.379303, "_runtime": 10.179100036621094, "_step": 0, "_wandb": {"runtime": 419}}