{"train_loss_energy": 8.04737513638264, "train_loss_force": 4.221786830929041, "train_loss_total": 1.9511553382873534, "valid_loss_energy": 6.197201460315925, "valid_loss_force": 3.5217385471607954, "valid_loss_total": 1.5931027616773332, "lr": 0.001, "_timestamp": 1731536683.6430871, "_runtime": 2723.276648044586, "_step": 5999, "_wandb": {"runtime": 2722}}