{"train_error_energy": 1.0798898155129906, "train_error_force": 1.8416052406627046, "train_loss": -2.6618043996285703, "valid_error_energy": 0.7527312386220761, "valid_error_force": 2.007819824299316, "valid_loss": -2.455061674118042, "test_error_energy": 12.480126184109695, "test_error_force": 10.470276187862064, "test_loss": 9.215679021405924, "lr": 0.0001, "dataset_size": 2184, "max_uncertainty": 3, "_timestamp": 1732813279.1649432, "_runtime": 208.1617202758789, "_step": 19, "_wandb": {"runtime": 207}}