{"train_loss_energy": 5.3173365369086865, "train_loss_force": 3.907194038315475, "train_loss_total": 1.738454818725586, "valid_loss_energy": 4.580406060389535, "valid_loss_force": 4.8838222581812305, "valid_loss_total": 1.9442522014890398, "lr": 0.001, "_timestamp": 1732094635.5027525, "_runtime": 2865.0375785827637, "_step": 5999, "_wandb": {"runtime": 2864}}