{"train_error_energy": 2.6753066117681996, "train_error_force": 3.498586088891788, "train_loss": 1.0175751198583574, "valid_error_energy": 1.9152174787942189, "valid_error_force": 3.631592746289799, "valid_loss": 0.828186829884847, "test_error_energy": 9.516619200738296, "test_error_force": 11.618728583236699, "test_loss": 9.591835638615473, "lr": 0.0001, "dataset_size": 4288, "max_uncertainty": 4, "_timestamp": 1732937520.445736, "_runtime": 290.59441804885864, "_step": 19, "_wandb": {"runtime": 290}}