{"train_error_energy": 2.1293701204630837, "train_error_force": 1.8829424881875003, "train_loss": -2.5359553282077494, "valid_error_energy": 1.3142751858442188, "valid_error_force": 2.02075612233571, "valid_loss": -2.4063814878463745, "test_error_energy": 11.91048498429328, "test_error_force": 8.852098472660012, "test_loss": 7.0715236439130695, "lr": 0.0001, "dataset_size": 3311, "max_uncertainty": 3, "_timestamp": 1732847597.1494892, "_runtime": 225.38967609405518, "_step": 19, "_wandb": {"runtime": 225}}