{"train_error_energy": 1.7809468985869625, "train_error_force": 3.0519937500824477, "train_loss": 1.3918329746492448, "valid_error_energy": 1.4160662148809342, "valid_error_force": 2.7633236556255554, "valid_loss": 1.3600048422813416, "test_error_energy": 10.638408889469703, "test_error_force": 8.262691172915845, "test_loss": 4.5488242953235565, "lr": 0.0001, "dataset_size": 1979, "_timestamp": 1732300481.6486855, "_runtime": 416.6926565170288, "_step": 19, "_wandb": {"runtime": 416}}