Method,Energy R2 Score In Distribution,Forces R2 Score In Distribution,Energy Errors In Distribution,Force Errors In Distribution,Energy R2 Score Out Distribution,Force R2 Score Out Distribution,Energy Errors Out Distribution,Force Errors Out Distribution,Energy Correlation In Distribution Energies,Energy Correlation In Distribution Forces,Energy Correlation Out Distribution Energy,Energy Correlation Out Distribution Forces
EvidentialRegression,0.9550674250223316,0.9954108551757219,2.7679214,3.880804,0.744525431409846,0.9579290674617892,5.767223,9.301424,0.002906654035947124,0.11466920374202555,0.0947351107953516,0.1262782050128819
EvidentialRegression,0.9382414485442,0.9959201521790394,3.3182876,3.6724083,0.5815301003015503,0.9646059814771123,8.494286,9.6431465,-0.0038730193326630396,-0.04120277313936512,-0.10363659509475628,-0.04791722125924721
EvidentialRegression,0.973744218394979,0.9972747576979782,2.1294746,2.9646912,0.6583052907979816,0.910968827146808,7.4865103,12.2078495,0.12426496206434545,0.07665812406475173,-0.12818863736539066,-0.2810051742815242
EvidentialRegression,0.9766784651292403,0.9961016487794,1.793,3.5422306,0.7391410962917266,0.9668466495889755,6.1402135,9.384939,-0.036036739879055875,-0.13722482273282702,-0.04193125998336825,-0.07523347724291826
EvidentialRegression,0.9139330795090543,0.9959792775234808,4.0652885,3.605449,0.6948477007231557,0.965496440477145,7.016989,9.443758,0.007883968646926687,0.10095006513760649,0.030318473191991054,0.05503492619013846
