{"train_error_energy": 2.6908676534258085, "train_error_force": 3.4811413226850703, "train_loss": 1.0185206446796655, "valid_error_energy": 1.8705114150242863, "valid_error_force": 3.581795834948043, "valid_loss": 0.7861077586809794, "test_error_energy": 9.930578704735405, "test_error_force": 11.70330742748149, "test_loss": 11.018884683778772, "lr": 0.0001, "dataset_size": 5089, "max_uncertainty": 4, "_timestamp": 1732945250.0963206, "_runtime": 284.1031277179718, "_step": 19, "_wandb": {"runtime": 283}}