{"train_loss_total":324.7893807547433,"train_loss_energy":11.384268351963588,"valid_loss_energy":12.378665447235107,"valid_loss_total":329.0960388183594,"_step":118,"_wandb":{"runtime":86},"train_loss_force":62.58448737008231,"valid_loss_force":63.15937805175781,"_timestamp":1.7265883871506095e+09,"lr":0.001,"_runtime":86.322259305}