{"train_error_energy": 2.05241492746626, "train_error_force": 3.5011336113961815, "train_loss": 1.5732839688276634, "valid_error_energy": 2.096083090380767, "valid_error_force": 3.1690172647327097, "valid_loss": 1.6187100410461426, "test_error_energy": 7.328460320063705, "test_error_force": 6.672106716204956, "test_loss": 3.559507698288763, "lr": 0.0001, "dataset_size": 1226, "max_uncertainty": 8, "_timestamp": 1732549934.634273, "_runtime": 382.60378098487854, "_step": 19, "_wandb": {"runtime": 382}}