{"train_error_energy": 1.935516063082164, "train_error_force": 3.8858035837767626, "train_loss": 0.9249969039644513, "valid_error_energy": 1.6568062980156375, "valid_error_force": 4.19443562469683, "valid_loss": 0.898257315158844, "test_error_energy": 9.073759964925019, "test_error_force": 10.957481791087782, "test_loss": 11.356415918360206, "lr": 0.0001, "dataset_size": 890, "max_uncertainty": 6, "_timestamp": 1733220717.6612768, "_runtime": 187.43925189971924, "_step": 19, "_wandb": {"runtime": 187}}