{"train_error_energy": 1.611996468477294, "train_error_force": 1.8788152548397798, "train_loss": -2.576091435405758, "valid_error_energy": 0.7807090137456324, "valid_error_force": 1.9802506748921804, "valid_loss": -2.4954859415690103, "test_error_energy": 8.82874751373191, "test_error_force": 6.630524129889841, "test_loss": 4.155932768477196, "lr": 0.0001, "dataset_size": 4545, "max_uncertainty": 4, "_timestamp": 1732903481.2090929, "_runtime": 219.78913283348083, "_step": 19, "_wandb": {"runtime": 219}}