{"train_error_energy": 1.3920569367890891, "train_error_force": 2.2042381014019803, "train_loss": -2.190757561374355, "valid_error_energy": 1.4411590236046825, "valid_error_force": 2.6065494353904697, "valid_loss": -1.7316590547561646, "test_error_energy": 14.174590861661706, "test_error_force": 9.616920725035122, "test_loss": 6.9680250152867504, "lr": 0.0001, "dataset_size": 1163, "max_uncertainty": 6, "_timestamp": 1733076747.4025695, "_runtime": 195.57221961021423, "_step": 19, "_wandb": {"runtime": 195}}