{"train_error_energy": 15.768692308935758, "train_error_force": 7.0936448176194915, "train_loss": 3.42880710484325, "valid_error_energy": 24.883927251336402, "valid_error_force": 7.729685963171955, "valid_loss": 4.251626014709473, "test_error_energy": 25.855916554270195, "test_error_force": 11.829594044733698, "test_loss": 5.688514272579972, "lr": 0.001, "dataset_size": 2197, "max_uncertainty": 8, "_timestamp": 1733639718.4206324, "_runtime": 184.79579043388367, "_step": 19, "_wandb": {"runtime": 184}}