Method,Energy R2 Score In Distribution,Forces R2 Score In Distribution,Correlation In Distribution,Energy Losses In Distribution,Forces Losses In Distribution,Energy R2 Score Out Distribution,Forces R2 Score Out Distribution,Correlation Out Distribution,Energy Losses Out Distribution,Forces Losses Out Distribution
EvidentialRegression,0.8781379470764097,0.9935983913341832,-0.0149502401031176,4.6935267,4.6063924,0.7771133573706239,0.963919457771332,0.18122020173081918,6.3475127,10.16904
EvidentialRegression,-6.186942670996041,0.990568056195743,-0.10684382561371546,39.445354,6.325418,-4.91673698836034,0.9673539008893345,0.45141561729920776,41.968628,10.131248
EvidentialRegression,0.9841292540681108,0.9930057701133702,0.1860441426222696,1.4096699,5.400577,0.7490075727083936,0.9651682381219763,0.42012894648063887,5.660678,9.917574
EvidentialRegression,-2.8443448089520738,0.9880449582527194,-0.1285222836991257,28.841473,6.2167287,-0.786958462843294,0.9696201591671588,0.167595415975767,22.43786,9.398405
