{"_runtime":43.142212882,"_step":139,"train_loss_force":62.8466420854841,"train_loss_energy":15.911510603768486,"train_loss_total":39.37907682146345,"lr":0.001,"valid_loss_force":63.48501968383789,"_wandb":{"runtime":43},"valid_loss_energy":17.042555809020996,"_timestamp":1.726492649250026e+09,"valid_loss_total":40.26378631591797}