{"train_error_energy": 2.6543838545978997, "train_error_force": 3.5383969129472828, "train_loss": 1.0328406407198776, "valid_error_energy": 3.000975985713678, "valid_error_force": 3.692802676040656, "valid_loss": 1.2185116410255432, "test_error_energy": 10.913232171670536, "test_error_force": 13.373920877317113, "test_loss": 11.42585496253368, "lr": 0.0001, "dataset_size": 3487, "max_uncertainty": 4, "_timestamp": 1732930653.0817378, "_runtime": 272.39378476142883, "_step": 19, "_wandb": {"runtime": 272}}