{"_runtime":2596.476793581,"_step":9999,"lr":0.001,"train_loss_total":16.08417320251465,"_wandb":{"runtime":2596},"valid_loss_energy":4.959505558013916,"_timestamp":1.726575175556415e+09,"train_loss_energy":15.61615800857544,"train_loss_force":16.177776200430735,"valid_loss_force":15.14119815826416,"valid_loss_total":13.444250106811523}