{"train_error_energy": 3.160133856086595, "train_error_force": 4.403765881757317, "train_loss": 1.4806103974849254, "valid_error_energy": 2.01963598519712, "valid_error_force": 4.25276618261017, "valid_loss": 1.1223117907842, "test_error_energy": 5.8705660488675075, "test_error_force": 8.009875040181635, "test_loss": 4.557958443127378, "lr": 0.0001, "dataset_size": 3541, "max_uncertainty": 6, "_timestamp": 1733371671.0609596, "_runtime": 237.49563646316528, "_step": 19, "_wandb": {"runtime": 237}}