{"train_error_energy": 4.097337997362218, "train_error_force": 3.512553874069988, "train_loss": 1.4407125343879064, "valid_error_energy": 3.406347392566675, "valid_error_force": 3.5136959651493154, "valid_loss": 1.2166966199874878, "test_error_energy": 10.542936949362188, "test_error_force": 12.040104466689451, "test_loss": 9.426219732973587, "lr": 0.0001, "dataset_size": 5735, "max_uncertainty": 4, "_timestamp": 1733255250.7722104, "_runtime": 284.1758682727814, "_step": 19, "_wandb": {"runtime": 283}}