{"train_error_energy": 4.6735068437301, "train_error_force": 4.542822879738863, "train_loss": 1.9212191926622855, "valid_error_energy": 6.6037322611522935, "valid_error_force": 4.515820237750493, "valid_loss": 2.3967100381851196, "test_error_energy": 8.835007550162416, "test_error_force": 8.448969059649592, "test_loss": 5.120857588283679, "lr": 0.0001, "dataset_size": 3271, "max_uncertainty": 6, "_timestamp": 1733343612.8475103, "_runtime": 247.36485123634338, "_step": 19, "_wandb": {"runtime": 247}}