{"train_error_energy": 11.911190479460064, "train_error_force": 5.962443885425647, "train_loss": 2.7921571898204025, "valid_error_energy": 7.955376729409984, "valid_error_force": 6.112209271063252, "valid_loss": 2.577543616294861, "test_error_energy": 11.941390594387613, "test_error_force": 11.724329306780634, "test_loss": 4.722123440647625, "lr": 0.001, "dataset_size": 2971, "max_uncertainty": 4, "_timestamp": 1733581621.5224774, "_runtime": 237.0051634311676, "_step": 19, "_wandb": {"runtime": 236}}