{"train_error_energy": 0.0, "train_error_force": 0.0, "train_error_total": 0.0, "valid_error_energy": 0.0, "valid_error_force": 0.0, "valid_error_total": 0.0, "test_error_energy": 12.432590177943823, "test_error_force": 10.72256394886332, "test_error_total": 6.044811416046782, "lr": null, "dataset_size": 800, "_timestamp": 1732204284.1303842, "_runtime": 25.66016411781311, "_step": 0, "_wandb": {"runtime": 25}}