{"train_loss_energy": 2.6412545038164557, "train_loss_force": 2.694464138580263, "train_loss_total": 0.6249010443687439, "valid_loss_energy": 1.7190684906945697, "valid_loss_force": 3.675604186677294, "valid_loss_total": 0.5253376407282693, "lr": 0.0001, "_timestamp": 1731536813.823471, "_runtime": 2671.803990125656, "_step": 5999, "_wandb": {"runtime": 2671}}