Method,Energy R2 Score In Distribution,Forces R2 Score In Distribution,Energy Errors In Distribution,Force Errors In Distribution,Energy R2 Score Out Distribution,Force R2 Score Out Distribution,Energy Errors Out Distribution,Force Errors Out Distribution,Energy Correlation In Distribution Energies,Energy Correlation In Distribution Forces,Energy Correlation Out Distribution Energy,Energy Correlation Out Distribution Forces,Force Correlation In Distribution Energy,Force Correlation In Distribution Forces,Force Correlation Out Distribution Energy,Force Correlation Out Distribution Forces
SWAG,0.9761086558788553,0.9960189162365408,1.9048026,3.7113256,0.7049235008846548,0.974324588264421,7.5675063,8.116136,0.04720361494451221,0.0943821630953297,0.00711542718205327,-0.1262650510448112,-0.004601171748337484,0.5088331736168336,0.25003095400263536,0.4983412227894397
SWAG,0.946638770137984,0.9953723331102169,3.062178,4.152139,0.6545874158355943,0.9565184136915551,8.20606,9.941311,0.12498699974267066,-0.11903744985514715,-0.008335117910422147,0.021110555805856183,-0.13172020865050157,0.44185300895159046,0.41595828333499,0.8142557868254319
SWAG,0.9294094229284536,0.9946039665015866,3.5981262,4.4677525,-0.1698143381515269,0.9240553982744061,12.875664,13.223758,0.14838272020104734,-0.1526238569293827,-0.1482898669190323,-0.2926744798696618,-0.007802049673229578,0.44869480204401807,0.7427889240384832,0.8367528385494637
SWAG,0.7529933259459569,0.9945081102284904,7.0873327,4.4283032,-0.01312756992047337,0.9612440001232746,15.328419,9.8592825,0.04635887815113058,-0.02665719710507155,0.0442410553484811,0.11227884947656883,-0.05518971767101665,0.46066292265367625,0.40937360474245404,0.829128802371054
SWAG,0.8677086829908376,0.9961705398973529,5.1067896,3.6357894,-0.0937640187182196,0.9570286429915518,14.229084,10.220274,0.05287203886452773,0.06900519932083068,0.14130415056503084,0.25408088182820165,-0.002224542338598346,0.5945096878751973,0.6416647307220255,0.819295583205074
