{"train_error_energy": 2.371888967989415, "train_error_force": 2.9654824702553153, "train_loss": 0.7000615239143372, "valid_error_energy": 1.956405163916307, "valid_error_force": 3.479982155038629, "valid_loss": 0.7875205874443054, "test_error_energy": 0.0, "test_error_force": 0.0, "test_loss": 0.0, "lr": 0.0001, "_timestamp": 1733657774.0292075, "_runtime": 2717.9124035835266, "_step": 5999, "_wandb": {"runtime": 2717}}