{"train_error_energy": 2.699957240308672, "train_error_force": 3.3341935452320577, "train_loss": 0.999124972820282, "valid_error_energy": 3.8201832657117927, "valid_error_force": 3.9036029422777037, "valid_loss": 1.8093216248920985, "test_error_energy": 0.0, "test_error_force": 0.0, "test_loss": 0.0, "lr": 0.0001, "_timestamp": 1733660599.8909223, "_runtime": 2769.5677983760834, "_step": 5999, "_wandb": {"runtime": 2769}}