{"train_error_energy": 1.369147603352621, "train_error_force": 1.9826000717083576, "train_loss": -2.457884617713319, "valid_error_energy": 0.820909200345857, "valid_error_force": 2.1150981447664168, "valid_loss": -2.323941389719645, "test_error_energy": 10.44599883901718, "test_error_force": 7.675960673405244, "test_loss": 5.328793772852234, "lr": 0.0001, "dataset_size": 3787, "max_uncertainty": 4, "_timestamp": 1732858834.1232831, "_runtime": 209.76826405525208, "_step": 19, "_wandb": {"runtime": 209}}