{"train_error_energy": 1.745816604868752, "train_error_force": 2.9515108782459896, "train_loss": 1.3513285834738549, "valid_error_energy": 1.2052981224628354, "valid_error_force": 2.7393635648471415, "valid_loss": 1.3133696913719177, "test_error_energy": 11.354272039680207, "test_error_force": 9.174593470293416, "test_loss": 5.081728116379982, "lr": 0.0001, "dataset_size": 1487, "_timestamp": 1732247484.107859, "_runtime": 352.1282157897949, "_step": 19, "_wandb": {"runtime": 351}}