{"train_error_energy": 1.6941230080068734, "train_error_force": 2.2896032011450407, "train_loss": -4.82680924902571, "valid_error_energy": 1.711382450015252, "valid_error_force": 2.5754974436488287, "valid_loss": 6.3052818775177, "test_error_energy": 16.41624319271885, "test_error_force": 9.699313606455625, "test_loss": 72.17589471227835, "lr": 0.0001, "dataset_size": 1496, "max_uncertainty": 4, "_timestamp": 1733731659.6883614, "_runtime": 223.96119141578674, "_step": 19, "_wandb": {"runtime": 223}}