Method,Energy R2 Score In Distribution,Forces R2 Score In Distribution,Correlation In Distribution,Energy Losses In Distribution,Forces Losses In Distribution,Energy R2 Score Out Distribution,Forces R2 Score Out Distribution,Correlation Out Distribution,Energy Losses Out Distribution,Forces Losses Out Distribution
EvidentialRegression,0.8658245205879211,0.9946627020835876,-0.06851118567003647,4.8383985,4.5646887,0.679296612739563,0.9796428680419922,0.29776402205899855,6.8939033,7.754538
EvidentialRegression,0.4597412347793579,0.9905067086219788,-0.0957683306906528,10.438057,5.8670464,0.28238922357559204,0.9636819362640381,0.35157931872308895,13.110406,9.986934
EvidentialRegression,-10.320924758911133,0.9955453872680664,-0.014868127437822877,49.549297,3.8786867,-5.893700122833252,0.9677266478538513,0.3420043641495549,45.580574,9.202093
EvidentialRegression,0.9659450054168701,0.9944348335266113,0.11937738118439324,2.0599232,4.5956564,0.5057953000068665,0.9759979248046875,0.13773911678149414,8.366447,8.395385
EvidentialRegression,-2.655425548553467,0.9923787713050842,-0.12378573165336394,28.09395,5.071227,-1.8789482116699219,0.9670742154121399,0.17460674485689154,29.059856,9.372163
