Method,Energy R2 Score In Distribution,Forces R2 Score In Distribution,Energy Errors In Distribution,Force Errors In Distribution,Energy R2 Score Out Distribution,Force R2 Score Out Distribution,Energy Errors Out Distribution,Force Errors Out Distribution,Energy Correlation In Distribution Energies,Energy Correlation In Distribution Forces,Energy Correlation Out Distribution Energy,Energy Correlation Out Distribution Forces,Force Correlation In Distribution Energy,Force Correlation In Distribution Forces,Force Correlation Out Distribution Energy,Force Correlation Out Distribution Forces
SWAG,0.9466387819061034,0.9953723325555458,3.0621777,4.152139,0.6545874986130831,0.9565184141302213,8.206059,9.941311,0.02356779043432402,-0.019187359237646046,-0.004985007997091286,0.0004110297534111796,-0.0451122489259433,0.1338752007459321,0.3435618118116516,0.6428560534950627
SWAG,0.9466387800621898,0.9953723330882283,3.0621777,4.152139,0.6545874714644676,0.9565184118294267,8.206059,9.941312,0.03633692601518221,-0.03571363649648193,0.002120761830892135,0.01369969295076475,-0.02974263391719379,0.15572917005617973,0.3335642226284752,0.6343138141200654
SWAG,0.9466387668718184,0.9953723328196381,3.0621784,4.152139,0.6545874710668593,0.9565184125983187,8.206059,9.941311,0.013032801855725413,-0.022655972505187753,0.007838250941303953,-0.00451559606644664,-0.06998270021621131,0.14734900716192798,0.33522638002143423,0.6426062193601975
