{"valid_loss_energy":15.464449882507324,"valid_loss_total":2.7891052961349487,"_step":2,"lr":0.001,"train_loss_total":2.757187400545393,"valid_loss_force":63.480573654174805,"train_loss_energy":12.788976124354772,"train_loss_force":62.84782246180943,"_runtime":0.939883956,"_wandb":{"runtime":1},"_timestamp":1.727272992708989e+09}