Method,Energy R2 Score In Distribution,Forces R2 Score In Distribution,Energy Errors In Distribution,Force LosErrorsses In Distribution,Energy R2 Score Out Distribution,Force R2 Score Out Distribution,Energy Errors Out Distribution,Force Errors Out Distribution,Energy Correlation In Distribution Energies,Energy Correlation In Distribution Forces,Energy Correlation Out Distribution Energy,Energy Correlation Out Distribution Forces
EvidentialRegression,0.9139102423315755,0.9912618580694819,0.2639038,0.36643234,0.7792100883595985,0.9450454443632306,0.37000802,0.7333401,-0.07960914335121969,0.08050779511239083,-0.27964686245781856,-0.33692994098903073
EvidentialRegression,0.9636575364125213,0.9966437405481079,0.16862707,0.22845471,0.5437471985025224,0.9433561716899878,0.50145,0.7691374,0.2548920503072309,0.23937928230802932,0.02198636152130217,0.019884027789838565
EvidentialRegression,0.9379735856037279,0.9948463904347173,0.22394966,0.27383673,0.6346213676715019,0.9576685923803107,0.50470984,0.70921636,0.009531707234571663,0.3568333906303953,0.08750219665220711,-0.049210195827397246
