{"train_error_energy": 1.5619402816439676, "train_error_force": 1.8237058922028282, "train_loss": -2.6537276995182038, "valid_error_energy": 1.7623303196165458, "valid_error_force": 2.0620078083102915, "valid_loss": -2.307907223701477, "test_error_energy": 13.516593929195027, "test_error_force": 8.909958007997849, "test_loss": 7.66631688372627, "lr": 0.0001, "dataset_size": 3188, "max_uncertainty": 5, "_timestamp": 1733085549.7429483, "_runtime": 223.52436423301697, "_step": 19, "_wandb": {"runtime": 223}}