{"lr":0.001,"_wandb":{"runtime":0},"_timestamp":1.7265729770878224e+09,"_runtime":0.793360958,"valid_loss_total":34.084232330322266,"valid_loss_energy":13.76293420791626,"valid_loss_force":63.48332977294922,"train_loss_force":62.84469332013811,"_step":0,"train_loss_energy":12.554808752877372,"train_loss_total":34.1011962890625}