Method,Energy R2 Score In Distribution,Forces R2 Score In Distribution,Correlation In Distribution Energies,Correlation In Distribution Forces,Energy Losses In Distribution,Forces Losses In Distribution,Energy R2 Score Out Distribution,Forces R2 Score Out Distribution,Correlation Out Distribution Energy,Correlation In Distribution Forces,Energy Losses Out Distribution,Forces Losses Out Distribution
SWAG,0.8131420612335205,0.9199079871177673,0.17142802532649132,0.48973158999898914,4.7730384,17.045197,-1.7353887557983398,0.6747674345970154,0.375422353698952,0.5956561131973892,22.544891,33.47245
SWAG,0.8788899779319763,0.9531816840171814,0.20780235993401017,0.5403984342907507,3.8052144,12.302823,-1.372140645980835,0.7356162071228027,0.48777054545104936,0.6294226768087878,21.134611,29.507143
SWAG,-0.13662540912628174,0.0,nan,nan,12.658326,63.37091,-0.026778340339660645,0.0,nan,nan,14.278519,63.39987
SWAG,0.8997710943222046,0.9610721468925476,0.13714595529568627,0.37113463260592483,3.4392023,11.224779,-0.7758686542510986,0.7937449812889099,0.37101168467061346,0.5476622594778834,16.953777,25.16349
SWAG,0.9258328676223755,0.9686967730522156,0.10988898454740241,0.31580627520153914,2.982697,10.051637,0.07874536514282227,0.853548526763916,0.10319646619968904,0.414870503068644,13.662437,21.317244
