{"train_error_energy": 2.638258398839611, "train_error_force": 3.544703034627816, "train_loss": 1.0292425062921313, "valid_error_energy": 2.2815763977156083, "valid_error_force": 3.7243305117471444, "valid_loss": 0.9893358051776886, "test_error_energy": 11.899480325359416, "test_error_force": 15.097351080171784, "test_loss": 15.230473503392405, "lr": 0.0001, "dataset_size": 2867, "max_uncertainty": 4, "_timestamp": 1733227387.4859698, "_runtime": 237.56806087493896, "_step": 19, "_wandb": {"runtime": 237}}