{"train_error_energy": 1.4919066644494414, "train_error_force": 1.883020095953217, "train_loss": -2.578465780546499, "valid_error_energy": 1.9438346205366637, "valid_error_force": 2.0326060176091216, "valid_loss": -2.348324775695801, "test_error_energy": 11.713088068291155, "test_error_force": 9.5107755602739, "test_loss": 7.817994369886309, "lr": 0.0001, "dataset_size": 2752, "max_uncertainty": 3, "_timestamp": 1732827531.8229277, "_runtime": 242.39009881019592, "_step": 19, "_wandb": {"runtime": 242}}