{"train_error_energy": 3.196740917619195, "train_error_force": 4.603675680603406, "train_loss": 1.5768200836683575, "valid_error_energy": 2.627486013170903, "valid_error_force": 4.491207503705365, "valid_loss": 1.3788282871246338, "test_error_energy": 7.487396573767641, "test_error_force": 8.641468145117889, "test_loss": 5.7353473907989985, "lr": 0.0001, "dataset_size": 3029, "max_uncertainty": 6, "_timestamp": 1733325578.1877592, "_runtime": 261.1883420944214, "_step": 19, "_wandb": {"runtime": 260}}