{"train_error_energy": 1.6236406161179144, "train_error_force": 3.316480172511017, "train_loss": 0.4813222374594161, "valid_error_energy": 1.8624830604120974, "valid_error_force": 3.3339853198669327, "valid_loss": 0.6205592006444931, "test_error_energy": 10.188765482035777, "test_error_force": 12.49017876573431, "test_loss": 16.789440349758607, "lr": 0.0001, "dataset_size": 7578, "max_uncertainty": 4, "_timestamp": 1733295450.5625982, "_runtime": 301.80291628837585, "_step": 19, "_wandb": {"runtime": 301}}