{"lr":0.001,"valid_loss_total":4.289620637893677,"_wandb":{"runtime":2},"valid_loss_energy":12.825778007507324,"train_loss_force":62.84645734514509,"_runtime":2.128659219,"valid_loss_force":63.48484992980957,"train_loss_energy":11.728555815560478,"train_loss_total":4.190791675022671,"_step":5,"_timestamp":1.726562212778498e+09}