{"train_error_energy": 4.225817597268126, "train_error_force": 4.065614710101738, "train_loss": 1.6884916643301646, "valid_error_energy": 3.201048221374422, "valid_error_force": 4.366268959271012, "valid_loss": 1.4581025838851929, "test_error_energy": 9.004023625738423, "test_error_force": 10.01937897360228, "test_loss": 6.105760516920639, "lr": 0.0001, "dataset_size": 950, "max_uncertainty": 8, "_timestamp": 1733242801.415928, "_runtime": 197.2976758480072, "_step": 19, "_wandb": {"runtime": 197}}