{"train_error_energy": 1.6247753366160373, "train_error_force": 1.7972829961513355, "train_loss": -2.6862103062817173, "valid_error_energy": 1.894643035268113, "valid_error_force": 1.9824622990725838, "valid_loss": -2.4090534845987954, "test_error_energy": 12.971837617581386, "test_error_force": 8.477543797103722, "test_loss": 7.106634377184963, "lr": 0.0001, "dataset_size": 3736, "max_uncertainty": 5, "_timestamp": 1733097896.0014572, "_runtime": 258.9399793148041, "_step": 19, "_wandb": {"runtime": 258}}