{"train_error_energy": 0.0, "train_error_force": 0.0, "train_loss": 0.0, "valid_error_energy": 0.0, "valid_error_force": 0.0, "valid_loss": 0.0, "test_error_energy": 11.451026320906859, "test_error_force": 12.623542414663762, "test_loss": 10.204820058732757, "lr": null, "dataset_size": 800, "max_uncertainty": 8, "_timestamp": 1733217232.6398892, "_runtime": 167.50948429107666, "_step": 0, "_wandb": {"runtime": 167}}