{"train_error_energy": 11.39255338200418, "train_error_force": 5.8165393724567105, "train_loss": 2.7086295628350627, "valid_error_energy": 12.2713669955305, "valid_error_force": 8.511145705943084, "valid_loss": 3.6690641244252524, "test_error_energy": 11.244280070733309, "test_error_force": 13.948993968538694, "test_loss": 5.419852224320017, "lr": 0.001, "dataset_size": 3871, "max_uncertainty": 4, "_timestamp": 1733586826.9001334, "_runtime": 236.619722366333, "_step": 19, "_wandb": {"runtime": 236}}