{"train_error_energy": 2.116340912835326, "train_error_force": 1.8471892990849366, "train_loss": -2.584431316978053, "valid_error_energy": 1.9010762437861612, "valid_error_force": 2.349482248465184, "valid_loss": -1.9066453576087952, "test_error_energy": 15.817000160787213, "test_error_force": 9.143772124732422, "test_loss": 7.98465779189664, "lr": 0.0001, "dataset_size": 3022, "max_uncertainty": 5, "_timestamp": 1733083228.2585266, "_runtime": 226.3044354915619, "_step": 19, "_wandb": {"runtime": 226}}