{"train_error_energy": 3.6630077184285215, "train_error_force": 3.822312626390999, "train_loss": 0.8647084213793278, "valid_error_energy": 2.6191360315331833, "valid_error_force": 3.762476408474326, "valid_loss": 1.1792420148849487, "test_error_energy": 10.769438317561114, "test_error_force": 12.806277861452363, "test_loss": 3.0402618253418288, "lr": 0.001, "dataset_size": 2539, "_timestamp": 1732211720.5637765, "_runtime": 206.75085258483887, "_step": 19, "_wandb": {"runtime": 206}}