{"train_error_energy": 0.0, "train_error_force": 0.0, "train_loss": 0.0, "valid_error_energy": 0.0, "valid_error_force": 0.0, "valid_loss": 0.0, "test_error_energy": 10.996635071010509, "test_error_force": 13.386480830105581, "test_loss": 16.631808410764364, "lr": null, "dataset_size": 800, "max_uncertainty": 4, "_timestamp": 1732796885.0570464, "_runtime": 141.54012751579285, "_step": 0, "_wandb": {"runtime": 141}}