Method,Energy R2 Score In Distribution,Forces R2 Score In Distribution,Energy Errors In Distribution,Force Errors In Distribution,Energy R2 Score Out Distribution,Force R2 Score Out Distribution,Energy Errors Out Distribution,Force Errors Out Distribution,Energy Correlation In Distribution Energies,Energy Correlation In Distribution Forces,Energy Correlation Out Distribution Energy,Energy Correlation Out Distribution Forces,Force Correlation In Distribution Energy,Force Correlation In Distribution Forces,Force Correlation Out Distribution Energy,Force Correlation Out Distribution Forces
ModelEnsemble,0.9927007058539825,0.9976242041181803,0.95295066,2.5462584,0.1625881216801428,0.8771595171602476,7.850323,13.054909,0.33564071956282615,0.5557361043231597,0.8897234885582658,0.7825176865391685,0.34924127660404286,0.9426093513788878,0.6894860395933636,0.9939177786165626
ModelEnsemble,0.9882138740150577,0.9959489679349308,1.1583277,3.5180967,0.746247130444756,0.9217367549220165,5.7740226,12.490559,0.38186355710682607,0.47960340512281474,0.5545103960662517,0.8136938345963706,0.2781875766928484,0.8699544140207868,0.598089389288881,0.9448490137107574
ModelEnsemble,0.9920809405959439,0.9978958151365108,0.9497231,2.5489037,0.8521906094825301,0.965951677760677,5.0886397,8.388562,0.20755599352114434,0.49094459316952216,0.4264973910449143,0.7102876058993461,0.29240637053943114,0.8654393454689827,0.3377923712888946,0.971606511851678
ModelEnsemble,0.9881206369101405,0.997370418245295,1.1643026,2.8456917,0.30688755029854087,0.9109781690309369,7.3760414,11.338604,0.37074179361223475,0.4381400031164493,0.8984185052322541,0.8319963624825502,0.38012135764278643,0.8350611079779614,0.801514320458385,0.9917599852832774
ModelEnsemble,0.9900271657560202,0.9978336775910289,1.1871562,2.633908,0.5970230228742273,0.9666505584400106,7.8786235,8.321476,0.3350358092486044,0.41822981092504286,0.3947424318070101,0.5881662953565122,0.24610292574795178,0.8342101320257234,0.6244450179763813,0.9559544416798678
