{"train_error_energy": 1.3884396577746407, "train_error_force": 3.0301541783026686, "train_loss": 0.2013971726730387, "valid_error_energy": 1.494953105896512, "valid_error_force": 3.248342980967625, "valid_loss": 0.3650273233652115, "test_error_energy": 11.063259474814956, "test_error_force": 18.133596332558998, "test_loss": 25.393751443992734, "lr": 0.0001, "dataset_size": 6020, "max_uncertainty": 3, "_timestamp": 1732936090.6769052, "_runtime": 286.4780352115631, "_step": 19, "_wandb": {"runtime": 286}}