{"train_error_energy": 2.5241187685088886, "train_error_force": 3.217674746928958, "train_loss": 0.8391188210056674, "valid_error_energy": 2.117985940919954, "valid_error_force": 3.8212848885978756, "valid_loss": 0.9144457578659058, "test_error_energy": 10.587032892094532, "test_error_force": 12.494507369993036, "test_loss": 9.57189735192903, "lr": 0.0001, "dataset_size": 980, "max_uncertainty": 3, "_timestamp": 1732912094.289455, "_runtime": 181.4863510131836, "_step": 19, "_wandb": {"runtime": 181}}