{"valid_loss_force":16.372267723083496,"valid_loss_energy":5.759434938430786,"_timestamp":1.7265781971533697e+09,"train_loss_force":15.413214002336774,"_runtime":3012.116732192,"valid_loss_total":14.60346269607544,"lr":0.001,"_wandb":{"runtime":3012},"train_loss_energy":12.657367161342076,"_step":9999,"train_loss_total":14.953906467982701}