{"train_error_energy": 0.0, "train_error_force": 0.0, "train_loss": 0.0, "valid_error_energy": 0.0, "valid_error_force": 0.0, "valid_loss": 0.0, "test_error_energy": 12.425902423229163, "test_error_force": 10.721207840137497, "test_loss": 6.043843833563839, "lr": null, "dataset_size": 800, "_timestamp": 1732278182.5010045, "_runtime": 150.00170254707336, "_step": 0, "_wandb": {"runtime": 149}}