{"train_error_energy": 1.7848888045005267, "train_error_force": 3.159404022870291, "train_loss": 1.4299015358312805, "valid_error_energy": 1.5442748227250953, "valid_error_force": 2.7698077811549724, "valid_loss": 1.3573527336120605, "test_error_energy": 9.526380363243824, "test_error_force": 7.767097282547369, "test_loss": 4.271136201489034, "lr": 0.0001, "dataset_size": 2114, "max_uncertainty": 4, "_timestamp": 1732514118.6627293, "_runtime": 418.23473620414734, "_step": 19, "_wandb": {"runtime": 417}}