{"train_error_energy": 2.1801374419989763, "train_error_force": 3.499729427075272, "train_loss": 1.5739230424165727, "valid_error_energy": 1.5198717873481447, "valid_error_force": 3.2078722513550977, "valid_loss": 1.5537703037261963, "test_error_energy": 6.8235803149083365, "test_error_force": 6.438368463198146, "test_loss": 3.421837227506787, "lr": 0.0001, "dataset_size": 1266, "max_uncertainty": 8, "_timestamp": 1732583293.002442, "_runtime": 385.54569482803345, "_step": 19, "_wandb": {"runtime": 385}}