{"train_error_energy": 2.277186568410423, "train_error_force": 2.8113936866071705, "train_loss": 0.5860884572925239, "valid_error_energy": 3.3002672770407266, "valid_error_force": 2.946915925127038, "valid_loss": 1.1255712985992432, "test_error_energy": 9.111252510740611, "test_error_force": 13.521637051929476, "test_loss": 13.619772311904667, "lr": 0.0001, "dataset_size": 9260, "max_uncertainty": 3, "_timestamp": 1732954330.508584, "_runtime": 348.3068449497223, "_step": 19, "_wandb": {"runtime": 348}}