{"train_error_energy": 1.951198308839773, "train_error_force": 1.7735458557539954, "train_loss": -2.697621180229828, "valid_error_energy": 1.7294733346664903, "valid_error_force": 1.965669519874818, "valid_loss": -2.4410126209259033, "test_error_energy": 12.940265580883624, "test_error_force": 8.394262542734232, "test_loss": 7.090948918727056, "lr": 0.0001, "dataset_size": 3784, "max_uncertainty": 5, "_timestamp": 1733099873.8425639, "_runtime": 237.67311787605286, "_step": 19, "_wandb": {"runtime": 237}}