{"train_error_energy": 1.3986353824129396, "train_error_force": 1.9131508235022017, "train_loss": -2.5447815203968482, "valid_error_energy": 1.794938991357368, "valid_error_force": 2.106943109965957, "valid_loss": -2.262235403060913, "test_error_energy": 13.734127028240284, "test_error_force": 10.008760411309384, "test_loss": 8.388351273162202, "lr": 0.0001, "dataset_size": 2523, "max_uncertainty": 3, "_timestamp": 1732820790.8958733, "_runtime": 209.1280484199524, "_step": 19, "_wandb": {"runtime": 208}}