{"train_loss_energy": 4.476823047332048, "train_loss_force": 2.1624434718660708, "train_loss_total": 1.0231505060195922, "valid_loss_energy": 5.716289899418184, "valid_loss_force": 3.1633315294080546, "valid_loss_total": 1.4409960167748588, "lr": 0.001, "_timestamp": 1731531127.920111, "_runtime": 2704.582000017166, "_step": 5999, "_wandb": {"runtime": 2704}}