{"train_error_energy": 6.82715495557841, "train_error_force": 3.417577644742608, "train_loss": 1.6004099443152144, "valid_error_energy": 9.229805327257711, "valid_error_force": 3.406094329082328, "valid_loss": 1.7573544383049011, "test_error_energy": 10.483560251386635, "test_error_force": 10.466498133649546, "test_loss": 4.203690161879774, "lr": 0.001, "dataset_size": 2341, "max_uncertainty": 4, "_timestamp": 1733578023.3270824, "_runtime": 212.72062635421753, "_step": 19, "_wandb": {"runtime": 212}}