{"train_error_energy": 2.6380165037719556, "train_error_force": 3.509305240718371, "train_loss": 1.0156596262161046, "valid_error_energy": 2.2072184857936286, "valid_error_force": 3.788370380785122, "valid_loss": 0.9823309779167175, "test_error_energy": 10.825720912339104, "test_error_force": 12.891969822928617, "test_loss": 12.04498928629291, "lr": 0.0001, "dataset_size": 2320, "max_uncertainty": 4, "_timestamp": 1732922587.831163, "_runtime": 240.2324149608612, "_step": 19, "_wandb": {"runtime": 239}}