{"train_error_energy": 1.5692584798287568, "train_error_force": 2.345234235420576, "train_loss": -2.0244998108773005, "valid_error_energy": 0.9284498157889791, "valid_error_force": 2.315021414768535, "valid_loss": -2.0992571115493774, "test_error_energy": 13.192664247440849, "test_error_force": 8.636559556516632, "test_loss": 5.42259420275064, "lr": 0.0001, "dataset_size": 1326, "max_uncertainty": 6, "_timestamp": 1733095395.4482522, "_runtime": 189.6687831878662, "_step": 19, "_wandb": {"runtime": 189}}