{"train_error_energy": 1.5105136032892912, "train_error_force": 3.131728427842739, "train_loss": 0.3453728126974072, "valid_error_energy": 1.2428222712672998, "valid_error_force": 3.144944369764969, "valid_loss": 0.20985440015792847, "test_error_energy": 8.94611660008473, "test_error_force": 11.173945425380639, "test_loss": 15.975917157078289, "lr": 0.0001, "dataset_size": 9038, "max_uncertainty": 4, "_timestamp": 1733350641.297413, "_runtime": 349.0929322242737, "_step": 19, "_wandb": {"runtime": 348}}