{"train_error_energy": 0.0, "train_error_force": 0.0, "train_loss": 0.0, "valid_error_energy": 0.0, "valid_error_force": 0.0, "valid_loss": 0.0, "test_error_energy": 9.371962038531393, "test_error_force": 10.673030821961817, "test_loss": 4.198407807275263, "lr": null, "dataset_size": 800, "max_uncertainty": 8, "_timestamp": 1733561951.0399134, "_runtime": 155.9647765159607, "_step": 0, "_wandb": {"runtime": 155}}